CUI;RUC;ENTIDAD;DEPARTAMENTO;PROVINCIA;DESCRIBCION DEL OBJETO;CUANTIA;MONEDA;COMPETIDORES;METODO DE CONTRATACION;OBJETO;NIVEL DE COMPETENCIA
1230569;20527147612;GOBIERNO REGIONAL DE CUSCO SEDE CENTRAL;CUSCO;CUSCO;MEJORAMIENTO  Y AMPLIACION DE LA OFERTA  DE SERVICIOS EDUCATIVOS DE LA I.E. INTEGRADA DE NIVEL INICIAL Y PRIMARIA DE LA LOCALIDAD DE ERAPATA, DISTRITO DE INKAWASI - LA CONVENCION - CUSCO;610918;PEN;11;Subasta Inversa Electrónica;goods;Mediana competencia
1194829;20162586956;MUNICIPALIDAD DISTRITAL DE YANAHUARA;AREQUIPA;AREQUIPA;"RENOVACION DE CALZADA; EN EL(LA) AV EJERCITO DESDE LA INTERSECCION CON CALLE RECOLETA  HASTA LA  INTERSECCION CON CALLE MISTI EN EL CENTRO POBLADO YANAHUARA, DISTRITO DE YANAHUARA, PROVINCIA AREQUIPA, DEPARTAMENTO AREQUIPA";494604.47;PEN;24;Licitación Pública Abreviada;works;Alta competencia
1199066;20601122805;MUNICIPALIDAD DISTRITAL DE LA MORADA;HUANUCO;MARAÑON;"REPARACIÓN DE AULA DE EDUCACION INICIAL, AULA DE EDUCACION PRIMARIA, AMBIENTE DE PREPARACION Y EXPENDIO DE ALIMENTOS Y VESTUARIOS Y/O SSHH DE USUARIOS; EN EL(LA) I.E. 33158 EN LA LOCALIDAD ALTO AZUL, DISTRITO DE LA MORADA, PROVINCIA MARAÑON, DEPARTAMENTO HUANUCO";2541097.82;PEN;11;Licitación Pública Abreviada;works;Mediana competencia
1196554;20406325815;GOBIERNO REGIONAL DE PUNO SEDE CENTRAL;PUNO;PUNO;MEJORAMIENTO DE LA INFRAESTRUCTURA VIAL EN LA AV. SACSAYHUAMAN TRAMO (JR. MIRAFLORES ¿ AV. AVIACIÓN), JR. AMANECER TRAMO (AV. INDEPENDENCIA ¿ JR. MIRAFLORES) DE LA CIUDAD DE JULIACA,  DISTRITO DE JULIACA - PROVINCIA DE SAN ROMAN - DEPARTAMENTO DE PUNO;15576020.37;PEN;23;Licitación Pública;works;Alta competencia
1193174;20527143200;GOBIERNO REGIONAL DE MADRE DE DIOS SEDE CENTRAL;MADRE DE DIOS;TAMBOPATA;MEJORAMIENTO DE LOS SERVICIOS DE SALUD DEL HOSPITAL SAN MARTIN DE PORRES DE IBERIA, DISTRITO DE IBERIA, PROVINCIA DE TAHUAMANU - MADRE DE DIOS;89661.44;PEN;43;Licitación Pública Abreviada;goods;Alta competencia
1218863;20163051118;MUNICIPALIDAD DISTRITAL DE CHANCAY - HUARAL;LIMA;HUARAL;CREACION DEL SERVICIO DE MOVILIDAD URBANA EN C.P FRANCISCO BOLOGNESI   DISTRITO DE CHANCAY DE LA PROVINCIA DE HUARAL DEL DEPARTAMENTO DE LIMA;716997.17;PEN;22;Licitación Pública Abreviada;works;Alta competencia
1203286;20530689019;GOBIERNO REGIONAL DE ANCASH - SEDE CENTRAL;ANCASH;HUARAZ;MEJORAMIENTO DE LOS SERVICIOS DEPORTIVOS Y DE RECREACIÓN LAW TENIS, PEDREGAL BAJO, DISTRITO DE HUARAZ - PROVINCIA DE HUARAZ - REGIÓN ANCASH;6922220.64;PEN;53;Licitación Pública;works;Alta competencia
1196444;20486991110;GOBIERNO REGIONAL DE HUANCAVELICA - GERENCIA SUB REGIONAL DE TAYACAJA;HUANCAVELICA;TAYACAJA;MEJORAMIENTO DE LOS SERVICIOS DE EDUCACIÓN SECUNDARIA EN LA INSTITUCIÓN EDUCATIVA MANUEL  COVEÑAS NAQUICHE DEL CENTRO POBLADO DE ANTA DEL DISTRITO DE HUARIBAMBA - PROVINCIA DE TAYACAJA - DEPARTAMENTO DE HUANCAVELICA;6003803.97;PEN;17;Licitación Pública;works;Mediana competencia
1193063;20131378034;MUNICIPALIDAD DISTRITAL DE SAN JUAN DE LURIGANCHO;LIMA;LIMA;"CREACION DEL SERVICIO DE MOVILIDAD URBANA EN PROLONGACION AV. SAN MARTIN Y PASAJE ""G"" DEL AA.HH. JUAN PABLO II QUINTA ETAPA SECTOR 1  DISTRITO DE SAN JUAN DE LURIGANCHO - PROVINCIA DE LIMA - DEPARTAMENTO DE LIMA";3248150.18;PEN;37;Licitación Pública Abreviada;works;Alta competencia
1238356;20393066386;GOBIERNO REGIONAL DE UCAYALI SEDE CENTRAL;UCAYALI;CORONEL PORTILLO;CREACIÓN DE LOS SERVICIOS DE EDUCACIÓN INICIAL ESCOLARIZADA EN LAS I.E.I. N615,N 561-B,N568-B,N575-B,N576-B,N560,N562,N563,N570,N557-B, N558-B,N565-B,N567-B,N573-B, DISTRITO DE CALLERIA, IPARIA Y MASISEA, PROVINCIA DE CORONEL PORTILLO-REGIÓN UCAYALI;45932741.11;PEN;36;Licitación Pública;works;Alta competencia
1192355;20498390570;GOBIERNO REGIONAL DE AREQUIPA Sede Central;AREQUIPA;AREQUIPA;MEJORAMIENTO DEL SERVICIO EDUCATIVO DEL NIVEL PRIMARIA DE LA I.E N°40350 EN EL  DISTRITO DE CHACHAS - PROVINCIA DE CASTILLA - DEPARTAMENTO DE AREQUIPA;4296527.52;PEN;22;Licitación Pública Abreviada;works;Alta competencia
1196338;20484004421;GOBIERNO REGIONAL DE PIURA SEDE CENTRAL;PIURA;PIURA;MEJORAMIENTO DEL CAMINO VECINAL PEDREGAL- VALLE DE LOS INCAS DE 0+000 AL 15+800 KM,  DISTRITO DE TAMBO GRANDE - PROVINCIA DE PIURA - DEPARTAMENTO DE PIURA;2523830.03;PEN;78;Concurso Público para Consultoría;services;Alta competencia
1194904;20211874296;MUNICIPALIDAD DISTRITAL DE SOROCHUCO;CAJAMARCA;CELENDIN;"RENOVACION DE PUENTE; EN EL(LA) SECTOR  DENOMINADO PAUCAPAMPA  DISTRITO DE SOROCHUCO, PROVINCIA CELENDIN, DEPARTAMENTO CAJAMARCA";1232127;PEN;9;Licitación Pública Abreviada;works;Baja competencia
1199474;20602259065;UNIDAD EJECUTORA MEJORAMIENTO DEL SISTEMA DE INFORMACION DE LA SUNAT - MSI;LIMA;LIMA;MEJORAMIENTO DE LOS SERVICIOS DE RECAUDACIÓN TRIBUTARIA Y ADUANERA A TRAVÉS DE LA TRANSFORMACIÓN DIGITAL;30000;PEN;3;Convenio;services;Baja competencia
1196405;20406325815;GOBIERNO REGIONAL DE PUNO SEDE CENTRAL;PUNO;PUNO;MEJORAMIENTO DEL SERVICIO EDUCATIVO EN LA I.E.S.  JOSÉ ANTONIO ENCINAS FRANCO, CENTRO POBLADO DE LECHEMAYO DEL DISTRITO DE SAN GABAN - PROVINCIA DE CARABAYA - DEPARTAMENTO DE PUNO;12324717.83;PEN;19;Licitación Pública;works;Mediana competencia
1198789;20143099262;MUNICIPALIDAD PROVINCIAL DE HUANTA;AYACUCHO;HUANTA;"CONSTRUCCION DE ESPACIO DEPORTIVO CON COBERTURA, SERVICIOS HIGIENICOS Y/O VESTIDORES Y MURO DE CONTENCION; EN EL(LA) I.E. ANTONIO RAIMONDI EN EL CENTRO POBLADO YARURI, DISTRITO DE LLOCHEGUA, PROVINCIA HUANTA, DEPARTAMENTO AYACUCHO";1357488.08;PEN;14;Licitación Pública Abreviada;works;Mediana competencia
1200110;20193227857;MUNICIPALIDAD DISTRITAL DE CANCHAQUE;PIURA;HUANCABAMBA;CREACION DEL SERVICIO DE PRÁCTICA DEPORTIVA Y/O RECREATIVA EN CAMPO DEPORTIVO HUEREQUEQUE  DE CENTRO POBLADO HUEREQUEQUE DISTRITO DE CANCHAQUE DE LA PROVINCIA DE HUANCABAMBA DEL DEPARTAMENTO DE PIURA;488340.62;PEN;9;Licitación Pública Abreviada;works;Baja competencia
1196409;20145614121;MUNICIPALIDAD PROVINCIAL DE MELGAR - AYAVIRI;PUNO;MELGAR;INSTALACION DE  SISTEMA DE ABASTECIMIENTO DE AGUA POTABLE Y LETRINAS   EN LAS  COMUNIDADES  DE  CHOQUESANI, COLQUEMARCA, CACHUYO SOLLOCOTAÑA Y  SECTORES ALEDAÑAS DEL  DISTRITO DE ORURILLO ,, PROVINCIA DE MELGAR - PUNO;366243.93;PEN;26;Concurso Público Abreviado;services;Alta competencia
1197801;20165195290;MUNICIPALIDAD PROVINCIAL DE SAN ROMAN - JULIACA;PUNO;SAN ROMAN;MEJORAMIENTO DEL SERVICIO DE MOVILIDAD URBANA EN LA URB. HUANCANE, JR. PEDRO RUIZ GALLO Y VÍAS ADYACENTES DEL DISTRITO DE JULIACA - PROVINCIA DE SAN ROMAN - DEPARTAMENTO DE PUNO;3685466.08;PEN;22;Licitación Pública Abreviada;works;Alta competencia
1194527;20194735384;MUNICIPALIDAD PROVINCIAL DE JORGE BASADRE - LOCUMBA;TACNA;JORGE BASADRE;MEJORAMIENTO Y AMPLIACION DE LOS SERVICIOS OPERATIVOS O MISIONALES INSTITUCIONALES DE LA OFICINA DE ADMINISTRACIÓN DE MAQUINARIA Y EQUIPO PESADO DE LA MUNICIPALIDAD PROVINCIAL JORGE BASADRE  DISTRITO DE LOCUMBA - PROVINCIA DE JORGE BASADRE - DEPARTAMENTO DE TACNA;428100;PEN;12;Concurso Público Abreviado;services;Mediana competencia
1198421;20195429554;MUNICIPALIDAD DISTRITAL DE PACARÁN;LIMA;CAÑETE;MEJORAMIENTO DEL COMPLEJO DEPORTIVO  LOLO FERNANDEZ DEL  DISTRITO DE PACARAN - PROVINCIA DE CAÑETE - DEPARTAMENTO DE LIMA;1244705.37;PEN;9;Licitación Pública Abreviada;works;Baja competencia
1199530;20171725144;MUNICIPALIDAD PROVINCIAL DE HUANCAVELICA;HUANCAVELICA;HUANCAVELICA;MEJORAMIENTO DEL SERVICIO DE EDUCACION PRIMARIA EN I.E. 36320   DISTRITO DE YAULI DE LA PROVINCIA DE HUANCAVELICA DEL DEPARTAMENTO DE HUANCAVELICA;3058592.69;PEN;20;Licitación Pública Abreviada;works;Mediana competencia
1197612;20154491288;MUNICIPALIDAD DISTRITAL DE EL ALGARROBAL;MOQUEGUA;ILO;MEJORAMIENTO Y AMPLIACION DEL SERVICIO DE HABITABILIDAD INSTITUCIONAL EN LA INFRAESTRUCTURA DEL TALLER MECANICO MUNICIPAL Y MAESTRANZA INSTITUCIONAL DE LA MUNICIPALIDAD DEL   DISTRITO DE EL ALGARROBAL DE LA PROVINCIA DE ILO DEL DEPARTAMENTO DE MOQUEGUA;495800;PEN;6;Subasta Inversa Electrónica;goods;Baja competencia
1199994;20159316981;GOBIERNO REGIONAL DE CUSCO-INSTITUTO DE MANEJO DE AGUA Y MEDIO AMBIENTE( IMA);CUSCO;CUSCO;RECUPERACION DEL SERVICIO  ECOSISTEMICO DE REGULACIÓN HIDRICA EN LAS MICROCUENCAS DE TOCCOHUANCA, LLANCAMA, LLANQUEMAYO, TAUCABAMBA Y MISKAHUAYCCO DE LA CUENCA MEDIA DEL APURIMAC - EN LOS DISTRITOS DE PARURO, OMACHA, PILLPINTO Y CHINCHAYPUJIO EN LAS PROVINCIAS DE ANTA Y PARURO DEL  DEPARTAMENTO DE CUSCO;234782.1;PEN;20;Concurso Público Abreviado;services;Mediana competencia
1201103;20133696823;MUNICIPALIDAD PROVINCIAL DE HUANCAYO;JUNIN;HUANCAYO;CREACION DEL SERVICIO DE MOVILIDAD URBANA EN LAS VIAS LOCALES DE LA ASOCIACION DE VIVIENDA DE UÑAS BAJO DEL   DISTRITO DE HUANCAYO DE LA PROVINCIA DE HUANCAYO DEL DEPARTAMENTO DE JUNIN;243809.75;PEN;15;Concurso Público Abreviado;services;Mediana competencia
1194164;20176689359;MUNICIPALIDAD DISTRITAL DE MANSERICHE;LORETO;DATEM DEL MARAÑON;MEJORAMIENTO DEL SERVICIO DE EDUCACIÓN INICIAL EN I.E. 264  DE CENTRO POBLADO 28 DE JULIO DISTRITO DE MANSERICHE DE LA PROVINCIA DE DATEM DEL MARAÑON DEL DEPARTAMENTO DE LORETO;65766;PEN;10;Concurso Público Abreviado;services;Mediana competencia
1213911;20479569861;GOBIERNO REGIONAL DE AMAZONAS SEDE CENTRAL;AMAZONAS;CHACHAPOYAS;MEJORAMIENTO Y AMPLIACION DE LOS SERVICIOS PÚBLICOS DE INTEGRACIÓN ECONÓMICA Y SOCIAL EN EL ESTADIO MUNICIPAL MILPUC   DISTRITO DE MILPUC DE LA PROVINCIA DE RODRIGUEZ DE MENDOZA DEL DEPARTAMENTO DE AMAZONAS;3134876.81;PEN;22;Licitación Pública Abreviada;works;Alta competencia
1198701;20190003541;MUNICIPALIDAD DISTRITAL DE MAZAMARI;JUNIN;SATIPO;MEJORAMIENTO DEL SERVICIO DE ATENCIÓN INTEGRAL AL ADULTO MAYOR EN EL DISTRITO DE MAZAMARI DE LA PROVINCIA DE SATIPO DEL DEPARTAMENTO DE JUNIN  DISTRITO DE MAZAMARI - PROVINCIA DE SATIPO - DEPARTAMENTO DE JUNIN;1371976.89;PEN;8;Licitación Pública Abreviada;works;Baja competencia
1193137;20131378620;MUNICIPALIDAD DISTRITAL DE ATE - VITARTE;LIMA;LIMA;MEJORAMIENTO DEL SERVICIO DE MOVILIDAD URBANA EN LA AV. LA RONCADORA, A TRAVEZ DE PISTAS Y VEREDAS, TRAMO CALLE ANGAMOS HASTA JIRON GENOVA, ZONA 05, SUB ZONA 02,   DISTRITO DE ATE DE LA PROVINCIA DE LIMA DEL DEPARTAMENTO DE LIMA;11450569.83;PEN;32;Licitación Pública;works;Alta competencia
1193335;20479569780;GOBIERNO REGIONAL DE LAMBAYEQUE SEDE CENTRAL;LAMBAYEQUE;CHICLAYO;MEJORAMIENTO DEL SERVICIO DE TRANSITABILIDAD VEHICULAR Y PEATONAL EN LA URB. EL INGENIERO I DEL DISTRITO DE CHICLAYO - PROVINCIA DE CHICLAYO - DEPARTAMENTO DE LAMBAYEQUE;4604387.75;PEN;56;Licitación Pública Abreviada;works;Alta competencia
1193323;20479569780;GOBIERNO REGIONAL DE LAMBAYEQUE SEDE CENTRAL;LAMBAYEQUE;CHICLAYO;"CONSTRUCCION DE COBERTURA; EN EL(LA) I.E. 10045 INCA GARCILAZO DE LA VEGA  DISTRITO DE OYOTUN, PROVINCIA CHICLAYO, DEPARTAMENTO LAMBAYEQUE";702318.43;PEN;35;Licitación Pública Abreviada;works;Alta competencia
1201785;20209184380;MUNICIPALIDAD DISTRITAL DE QUIÑOTA;CUSCO;CHUMBIVILCAS;MEJORAMIENTO DE LOS SERVICIOS OPERATIVOS O MISIONALES INSTITUCIONALES EN LA  IMPLEMENTACION  CON  MAQUINARIA  PESADA  Y LIVIANA  EN EL   DISTRITO DE QUIÑOTA DE LA PROVINCIA DE CHUMBIVILCAS DEL DEPARTAMENTO DE CUSCO;1200000;PEN;12;Licitación Pública;goods;Mediana competencia
1232027;20479569780;GOBIERNO REGIONAL DE LAMBAYEQUE SEDE CENTRAL;LAMBAYEQUE;CHICLAYO;MEJORAMIENTO DEL SERVICIO DE AGUA POTABLE Y ALCANTARILLADO DE LA URB. 03 DE OCTUBRE Y URB. SANTA LILA DEL DISTRITO DE CHICLAYO - PROVINCIA DE CHICLAYO - DEPARTAMENTO DE LAMBAYEQUE;6343396.75;PEN;105;Licitación Pública;works;Alta competencia
1204840;20527147612;GOBIERNO REGIONAL DE CUSCO SEDE CENTRAL;CUSCO;CUSCO;MEJORAMIENTO Y AMPLIACION DE LOS SERVICIOS DE SALUD DEL ESTABLECIMIENTO DE SALUD DE BELEMPAMPA - DISTRITO DE SANTIAGO - PROVINCIA DE CUSCO - REGION CUSCO;292895.9;PEN;21;Licitación Pública Abreviada;goods;Alta competencia
1193699;20131377810;SERVICIO NACIONAL DE CAPACITACION PARA LA INDUSTRIA DE LA CONSTRUCCION;LIMA;LIMA;CONSTRUCCION DE LA INFRAESTRUCTURA DEL CENTRO DE CAPACITACION SENCICO ZONAL PUNO;10951689.14;PEN;1;Contratación Directa;works;Baja competencia
1185616;20148168955;GOBIERNO REGIONAL DE SAN MARTIN - PROYECTO ESPECIAL HUALLAGA CENTRAL Y BAJO MAYO;SAN MARTIN;SAN MARTIN;MEJORAMIENTO Y AMPLIACION DEL SERVICIO DE TRANSITABILIDAD VIAL EN LA RUTA N° SM-653, TRAYECTORIA: EMP. PE-5N (MAYOCHAPANA) - PUENTE RIO MAYO - BETANIA, LOCALIDADES DE RAMIREZ Y BETANIA, DISTRITOS DE JEPELACIO Y PINTO RECODO, DE LAS PROVINCIAS DE LAMAS Y MOYOBAMBA DEL  DEPARTAMENTO DE SAN MARTIN;16553310.37;PEN;10;Licitación Pública Abreviada;works;Mediana competencia
1207343;20189021764;MUNICIPALIDAD DISTRITAL DE HUACAR;HUANUCO;AMBO;MEJORAMIENTO DE LOS SERVICIOS EDUCATIVOS DE LA INSTITUCION EDUCATIVA INICIAL I.E.I. N 330 - DEL CENTRO POBLADO DE ANGASMARCA, DISTRITO DE HUACAR - AMBO - HUANUCO;4381717.94;PEN;7;Licitación Pública Abreviada;works;Baja competencia
1195116;20452393493;GOBIERNO REGIONAL DE AYACUCHO SEDE CENTRAL;AYACUCHO;HUAMANGA;CREACION DE TROCHA CARROZABLE TIQUIHUA - PUMA RUMI DEL DISTRITO DE HUALLA - PROVINCIA DE VICTOR FAJARDO - DEPARTAMENTO DE AYACUCHO;84600;PEN;11;Concurso Público Abreviado;services;Mediana competencia
1198389;20527147612;GOBIERNO REGIONAL DE CUSCO SEDE CENTRAL;CUSCO;CUSCO;MEJORAMIENTO Y AMPLIACION DE LOS SERVICIOS DE SALUD DEL ESTABLECIMIENTO DE SALUD DE BELEMPAMPA - DISTRITO DE SANTIAGO - PROVINCIA DE CUSCO - REGION CUSCO;266621.5;PEN;11;Licitación Pública Abreviada;goods;Mediana competencia
1198871;20219792876;MUNICIPALIDAD DISTRITAL DE SANAGORAN;LA LIBERTAD;SANCHEZ CARRION;"CONSTRUCCION DE COBERTURA DE INSTALACIONES DEPORTIVAS; EN EL(LA) I.E. 80144 EN EL CENTRO POBLADO SANAGORAN, DISTRITO DE SANAGORAN, PROVINCIA SANCHEZ CARRION, DEPARTAMENTO LA LIBERTAD";537852;PEN;7;Licitación Pública Abreviada;works;Baja competencia
1235597;20221770871;MUNICIPALIDAD DISTRITAL DE SALLIQUE;CAJAMARCA;JAEN;AMPLIACION, MEJORAMIENTO DEL SERVICIO DE AGUA PARA RIEGO CANAL LAS PALMERAS - HUAYOPAMPA, DISTRITO DE SALLIQUE - JAEN - CAJAMARCA;558797.29;PEN;27;Concurso Público para Consultoría;services;Alta competencia
1192465;20174929697;MUNICIPALIDAD PROVINCIAL DE CASMA;ANCASH;CASMA;MEJORAMIENTO Y AMPLIACION DEL SERVICIO DEPORTIVO DE COMPETENCIA EN ESTADIO MUNICIPAL   DISTRITO DE CASMA DE LA PROVINCIA DE CASMA DEL DEPARTAMENTO DE ANCASH;109978.6;PEN;13;Concurso Público Abreviado;services;Mediana competencia
1194818;20188948741;MUNICIPALIDAD PROVINCIAL DE HUARAL;LIMA;HUARAL;MEJORAMIENTO DE LOS SERVICIOS DE MOVILIDAD URBANA EN LOS CENTROS POBLADOS ESQUIVEL, LOS JARDINES Y EL AA.HH. ALEJANDRO DEL SOLAR DEL DISTRITO DE HUARAL - PROVINCIA DE HUARAL - DEPARTAMENTO DE LIMA;962442.22;PEN;14;Licitación Pública Abreviada;works;Mediana competencia
1229537;20131365994;INSTITUTO NACIONAL DE INNOVACION AGRARIA - INIA;LIMA;LIMA;MEJORAMIENTO DE LOS SERVICIOS DE INVESTIGACION Y TRANSFERENCIA DE TECNOLOGIA AGRARIA EN LA ESTACION EXPERIMENTAL AGRARIA BAÑOS DEL INCA EN LA LOCALIDAD LOS BAÑOS DEL INCA DEL DISTRITO DE LOS BAÑOS DEL INCA - PROVINCIA DE CAJAMARCA - DEPARTAMENTO DE CAJAMARCA;1963695.91;PEN;72;Licitación Pública Abreviada;works;Alta competencia
1197617;20148260843;MUNICIPALIDAD PROVINCIAL DE HUALGAYOC - BAMBAMARCA;CAJAMARCA;HUALGAYOC;CREACION DEL SERVICIO DE AGUA POTABLE Y SANEAMIENTO BÁSICO RURAL EN EL CASERIO SINGAL, C.P LLAUCAN, DISTRITO DE BAMBAMARCA, PROVINCIA DE HUALGAYOC - CAJAMARCA;2320435.74;PEN;13;Licitación Pública Abreviada;works;Mediana competencia
1199746;20142701597;MUNICIPALIDAD PROVINCIAL DE BARRANCA;LIMA;BARRANCA;"CONSTRUCCION DE LOSA DEPORTIVA; EN EL(LA) CENTRO POBLADO NARANJAL  DISTRITO DE PARAMONGA, PROVINCIA BARRANCA, DEPARTAMENTO LIMA";342589.64;PEN;15;Licitación Pública Abreviada;works;Mediana competencia
1199561;20406325815;GOBIERNO REGIONAL DE PUNO SEDE CENTRAL;PUNO;PUNO;MEJORAMIENTO DEL SERVICIO EDUCATIVO EN LA I.E.S.  JOSÉ ANTONIO ENCINAS FRANCO, CENTRO POBLADO DE LECHEMAYO DEL DISTRITO DE SAN GABAN - PROVINCIA DE CARABAYA - DEPARTAMENTO DE PUNO;1096105.15;PEN;45;Concurso Público para Consultoría;services;Alta competencia
1201631;20205028600;MUNICIPALIDAD DISTRITAL DE COYLLURQUI;APURIMAC;COTABAMBAS;MEJORAMIENTO DEL SERVICIO DE AGUA DEL SISTEMA DE RIEGO EN LA COMUNIDAD DE HUAQUERE DEL DISTRITO DE COYLLURQUI - PROVINCIA DE COTABAMBAS - DEPARTAMENTO DE APURIMAC;202680.9;PEN;28;Concurso Público Abreviado;services;Alta competencia
1200046;20159316981;GOBIERNO REGIONAL DE CUSCO-INSTITUTO DE MANEJO DE AGUA Y MEDIO AMBIENTE( IMA);CUSCO;CUSCO;RECUPERACION DEL SERVICIO  ECOSISTEMICO DE REGULACIÓN HIDRICA EN LAS MICROCUENCAS DE TOCCOHUANCA, LLANCAMA, LLANQUEMAYO, TAUCABAMBA Y MISKAHUAYCCO DE LA CUENCA MEDIA DEL APURIMAC - EN LOS DISTRITOS DE PARURO, OMACHA, PILLPINTO Y CHINCHAYPUJIO EN LAS PROVINCIAS DE ANTA Y PARURO DEL  DEPARTAMENTO DE CUSCO;291600;PEN;18;Concurso Público Abreviado;services;Mediana competencia
1197561;20159363121;MUNICIPALIDAD DISTRITAL DE HUANOQUITE;CUSCO;PARURO;MEJORAMIENTO, AMPLIACION DEL SERVICIO DE AGUA POTABLE Y SISTEMA DE ALCANTARILLADO EN LA COMUNIDAD CAMPESINA DE  CHANCA, DISTRITO DE HUANOQUITE - PARURO - CUSCO;6633602.44;PEN;13;Licitación Pública;works;Mediana competencia
1194495;20143660169;MUNICIPALIDAD DISTRITAL DE TOTOS;AYACUCHO;CANGALLO;MEJORAMIENTO DEL SERVICIO DE EDUCACIÓN INICIAL EN I.E. 326  DE CENTRO POBLADO TOTOS DISTRITO DE TOTOS DE LA PROVINCIA DE CANGALLO DEL DEPARTAMENTO DE AYACUCHO;2600245.04;PEN;9;Licitación Pública Abreviada;works;Baja competencia
1196631;20131366613;MUNICIPALIDAD DISTRITAL DE RIMAC;LIMA;LIMA;MEJORAMIENTO DEL SERVICIO DE MOVILIDAD URBANA EN LA AV 24 DE JUNIO, CALLE 3, CALLE B, CALLE S/N, JR. CARLOS PAREJA PAZ SOLDAN, CA. THOMAS ALVA EDINSON Y AV EDUARDO DIBÓS EN EL AAHH PAMPA SAN JUAN DE AMANCAES   DISTRITO DE RIMAC DE LA PROVINCIA DE LIMA DEL DEPARTAMENTO DE LIMA;4785600.85;PEN;18;Licitación Pública Abreviada;works;Mediana competencia
1193088;20184516111;MUNICIPALIDAD DISTRITAL DE CHARACATO;AREQUIPA;AREQUIPA;MEJORAMIENTO Y AMPLIACION DE LOS SERVICIOS FUNERARIOS E INHUMACIÓN EN EL CEMENTERIO MUNICIPAL DE CHARACATO,  DISTRITO DE CHARACATO - PROVINCIA DE AREQUIPA - DEPARTAMENTO DE AREQUIPA;1069327.54;PEN;5;Licitación Pública Abreviada;works;Baja competencia
1196478;20175231987;MUNICIPALIDAD DISTRITAL DE LA TINGUIÑA;ICA;ICA;MEJORAMIENTO DEL SERVICIO DEPORTIVO EN EL SECTOR SANTA BARBARA DEL  DISTRITO DE LA TINGUIÑA - PROVINCIA DE ICA - DEPARTAMENTO DE ICA;1108614.64;PEN;20;Licitación Pública Abreviada;works;Mediana competencia
1230536;20365993671;GOBIERNO REGIONAL DE APURIMAC-AGRICULTURA APURIMAC;APURIMAC;ABANCAY;MEJORAMIENTO DEL MANEJO Y CONSERVACION DE LOS MODULOS DE USO SUSTENTABLE DE LA VICUÑA EN LAS COMUNIDADES CONSERVACIONISTAS DE LAS 6 PROVINCIAS DEL DEPARTAMENTO DE APURIMAC;387600;PEN;38;Licitación Pública Abreviada;goods;Alta competencia
1195691;20146721924;MUNICIPALIDAD DISTRITAL DE CURA MORI;PIURA;PIURA;MEJORAMIENTO DE LA CARRETERA VECINAL TRAMO EMP. PI-1023 CUCUNGARA HASTA EMP. PE-1N KM 980, DISTRITO DE CURA MORI - PROVINCIA DE PIURA - DEPARTAMENTO DE PIURA;18129130.29;PEN;3;Contratación Directa;works;Baja competencia
1229717;20191575718;MUNICIPALIDAD DISTRITAL DE LLACANORA;CAJAMARCA;CAJAMARCA;MEJORAMIENTO Y AMPLIACION DEL SERVICIO DE AGUA POTABLE RURAL Y CREACION DEL SERVICIO DE ALCANTARILLADO U OTRAS FORMAS DE DISPOSICIÓN SANITARIA DE EXCRETAS EN LA LOCALIDAD DE MARCOBAMBA PARTE ALTA   DISTRITO DE LLACANORA DE LA PROVINCIA DE CAJAMARCA DEL DEPARTAMENTO DE CAJAMARCA;12016367.94;PEN;25;Licitación Pública;works;Alta competencia
1195018;20452393493;GOBIERNO REGIONAL DE AYACUCHO SEDE CENTRAL;AYACUCHO;HUAMANGA;CREACION DE TROCHA CARROZABLE TIQUIHUA - PUMA RUMI DEL DISTRITO DE HUALLA - PROVINCIA DE VICTOR FAJARDO - DEPARTAMENTO DE AYACUCHO;99000;PEN;24;Concurso Público Abreviado;services;Alta competencia
1198537;20162338545;MUNICIPALIDAD DISTRITAL DE SANTA RITA DE SIGUAS;AREQUIPA;AREQUIPA;MEJORAMIENTO DE LOS SERVICIOS FUNERARIOS Y DE SEPULTURA EN EL CEMENTERIO MUNICIPAL DEL   DISTRITO DE SANTA RITA DE SIGUAS DE LA PROVINCIA DE AREQUIPA DEL DEPARTAMENTO DE AREQUIPA;1705989.97;PEN;11;Licitación Pública Abreviada;works;Mediana competencia
1192265;20529997401;MUNICIPALIDAD DISTRITAL VEINTISEIS DE OCTUBRE;PIURA;PIURA;CREACION DEL SERVICIOS DE ESPACIOS PÚBLICOS URBANOS EN SECTOR VI DEL A.H SANTA ROSA   DISTRITO DE VEINTISEIS DE OCTUBRE DE LA PROVINCIA DE PIURA DEL DEPARTAMENTO DE PIURA;1652122.6;PEN;21;Licitación Pública Abreviada;works;Alta competencia
1198717;20393066386;GOBIERNO REGIONAL DE UCAYALI SEDE CENTRAL;UCAYALI;CORONEL PORTILLO;MEJORAMIENTO DEL SERVICIO DE ATENCIÓN DE SALUD BÁSICOS EN MONTE DE LOS OLIVOS   DISTRITO DE NESHUYA DE LA PROVINCIA DE PADRE ABAD DEL DEPARTAMENTO DE UCAYALI;1115498.34;PEN;25;Concurso Público para Consultoría;services;Alta competencia
1197540;20165195290;MUNICIPALIDAD PROVINCIAL DE SAN ROMAN - JULIACA;PUNO;SAN ROMAN;MEJORAMIENTO DEL SERVICIO DE MOVILIDAD URBANA EN EL JR. HUAYNACAPAC (TRAMO JR. LIMA - JR. MARIANO NUÑEZ) Y EL JR. MOQUEGUA (TRAMO JR. MARIANO NUÑEZ - JR. BENIGNO BALLON) DEL   DISTRITO DE JULIACA DE LA PROVINCIA DE SAN ROMAN DEL DEPARTAMENTO DE PUNO;5214423.93;PEN;13;Licitación Pública Abreviada;works;Mediana competencia
1194399;20131380951;MUNICIPALIDAD METROPOLITANA DE LIMA;LIMA;LIMA;CREACION DEL SERVICIO DE PRÁCTICA DEPORTIVA Y/O RECREATIVA EN P.J SAN FRANCISCO DE LA TABLADA DE LURIN, SECTOR SEGUNDO   DISTRITO DE VILLA MARIA DEL TRIUNFO DE LA PROVINCIA DE LIMA DEL DEPARTAMENTO DE LIMA;894922.53;PEN;32;Licitación Pública Abreviada;works;Alta competencia
1201519;20146721410;MUNICIPALIDAD PROVINCIAL DE SECHURA;PIURA;SECHURA;MEJORAMIENTO Y AMPLIACION DEL ESTADIO MUNICIPAL DE SAN CLEMENTE DEL DISTRITO DE BELLAVISTA DE LA UNION - PROVINCIA DE SECHURA - DEPARTAMENTO DE PIURA;2235644.84;PEN;14;Licitación Pública Abreviada;works;Mediana competencia
1201776;20159249698;MUNICIPALIDAD DISTRITAL DE CATACAOS;PIURA;PIURA;"REPARACION DE CERCO PERIMETRICO Y SERVICIOS HIGIENICOS Y/O VESTIDORES PARA ESTUDIANTES; ADQUISICION DE AMBIENTE DE JUEGOS RECREATIVOS; EN EL(LA) I.E. 1325  DISTRITO DE CATACAOS, PROVINCIA PIURA, DEPARTAMENTO PIURA";207409.38;PEN;10;Licitación Pública Abreviada;works;Mediana competencia
1193469;20219792876;MUNICIPALIDAD DISTRITAL DE SANAGORAN;LA LIBERTAD;SANCHEZ CARRION;"CONSTRUCCION DE CENTRAL DE VIGILANCIA Y SEGURIDAD; EN EL(LA) CIUDAD DE SANAGORAN  DISTRITO DE SANAGORAN, PROVINCIA SANCHEZ CARRION, DEPARTAMENTO LA LIBERTAD";1112045.5;PEN;9;Licitación Pública Abreviada;works;Baja competencia
1193104;20131378034;MUNICIPALIDAD DISTRITAL DE SAN JUAN DE LURIGANCHO;LIMA;LIMA;MEJORAMIENTO DEL SERVICIO DE TRANSITABILIDAD VEHICULAR Y PEATONAL EN EL PROGRAMA CIUDAD MARISCAL CACERES SECTOR II, BARRIO 1 GRUPO RESIDENCIAL F Y BARRIO 2 GRUPO RESIDENCIAL G, K, L, N, O, Q, Y R, SAN JUAN DE LURIGANCHO DEL DISTRITO DE SAN JUAN DE LURIGANCHO - PROVINCIA DE LIMA - DEPARTAMENTO DE LIMA;3497261.73;PEN;32;Licitación Pública Abreviada;works;Alta competencia
1202951;20141897935;MUNICIPALIDAD PROVINCIAL DE SANCHEZ CARRION - HUAMACHUCO;LA LIBERTAD;SANCHEZ CARRION;"CONSTRUCCION DE CALZADA, VEREDA, CUNETA Y MURO DE CONTENCION; ADEMÁS DE OTROS ACTIVOS EN EL(LA) JR. LOS GERANIOS CUADRA 01 Y JR. 02 DE MAYO CUADRA 02 Y 03 DEL MICRO SECTOR BELLAVISTA, JUNTA VECINAL N°01,  DISTRITO DE HUAMACHUCO, PROVINCIA SANCHEZ CARRION, DEPARTAMENTO LA LIBERTAD";718237.94;PEN;14;Licitación Pública Abreviada;works;Mediana competencia
1196857;20406325815;GOBIERNO REGIONAL DE PUNO SEDE CENTRAL;PUNO;PUNO;MEJORAMIENTO DE LA CAPACIDAD DE PRESTACION DE SERVICIOS DEPORTIVOS EN EL ESTADIO GUILLERMO BRICEÑO ROSAMEDINA DE LA CIUDAD DE JULIACA, PROVINCIA DE SAN ROMAN - PUNO;3826735.15;PEN;24;Concurso Público de Servicios;services;Alta competencia
1228411;20530688390;GOBIERNO REGIONAL DE LIMA SEDE CENTRAL;LIMA;HUAURA;MEJORAMIENTO DEL SERVICIO DE MOVILIDAD URBANA EN LA URB. SANTA CATALINA DEL   DISTRITO DE BARRANCA DE LA PROVINCIA DE BARRANCA DEL DEPARTAMENTO DE LIMA;15776086.19;PEN;78;Licitación Pública;works;Alta competencia
1192483;20131379600;MUNICIPALIDAD DISTRITAL DE LA PUNTA;CALLAO;CALLAO;"CONSTRUCCION DE JUEGOS INFANTILES E INCLUSIVOS; EN EL(LA) PARQUE OSTOLAZA  DISTRITO DE LA PUNTA, PROVINCIA CONSTITUCIONAL DEL CALLAO, DEPARTAMENTO CALLAO";1402864.09;PEN;15;Licitación Pública Abreviada;works;Mediana competencia
1197701;20226560824;MUNICIPALIDAD DISTRITAL DE CCATCCA;CUSCO;QUISPICANCHI;MEJORAMIENTO Y AMPLIACION DEL SERVICIO DE EDUCACIÓN SECUNDARIA EN I.E. LUIS NAVARRETE LECHUGA  DE CENTRO POBLADO CCATCCAPAMPA DISTRITO DE CCATCA DE LA PROVINCIA DE QUISPICANCHI DEL DEPARTAMENTO DE CUSCO;205777.73;PEN;27;Licitación Pública Abreviada;goods;Alta competencia
1195329;20564327019;GOBIERNO REGIONAL DE APURIMAC  - UNIDAD EJECUTORA GERENCIA SUB REGIONAL DE COTABAMBAS;APURIMAC;COTABAMBAS;MEJORAMIENTO DEL SERVICIO DE EDUCACIÓN INICIAL, SERVICIO DE EDUCACION PRIMARIA Y SERVICIO DE EDUCACIÓN SECUNDARIA EN 3 UNIDADES PRODUCTORAS  DE CENTRO POBLADO CHACCARO DISTRITO DE TAMBOBAMBA DE LA PROVINCIA DE COTABAMBAS DEL DEPARTAMENTO DE APURIMAC;324765;PEN;11;Subasta Inversa Electrónica;goods;Mediana competencia
1194445;20167768076;MUNICIPALIDAD PROVINCIAL DE ACOMAYO;CUSCO;ACOMAYO;MEJORAMIENTO DEL SERVICIO DE PRÁCTICA DEPORTIVA Y/O RECREATIVA EN LA INSTITUCION EDUCATIVA TOMASA TTITO CONDEMAYTA -   DISTRITO DE ACOMAYO DE LA PROVINCIA DE ACOMAYO DEL DEPARTAMENTO DE CUSCO;92000;PEN;15;Concurso Público Abreviado;services;Mediana competencia
1196383;20177662446;MUNICIPALIDAD PROVINCIAL DEL ALTO AMAZONAS - YURIMAGUAS;LORETO;ALTO AMAZONAS;CONSTRUCCION DEL CAMINO VECINAL SAN JUAN DE LA LIBERTAD - VILLA HERMOSA Y ANEXO, DISTRITO DE YURIMAGUAS, PROVINCIA DE ALTO AMAZONAS - LORETO;7202346.81;PEN;1;Contratación Directa;works;Baja competencia
1192567;20527147612;GOBIERNO REGIONAL DE CUSCO SEDE CENTRAL;CUSCO;CUSCO;MEJORAMIENTO Y AMPLIACION DE LOS SERVICIOS DE SALUD DEL ESTABLECIMIENTO DE SALUD DE BELEMPAMPA - DISTRITO DE SANTIAGO - PROVINCIA DE CUSCO - REGION CUSCO;399051.8;PEN;33;Licitación Pública Abreviada;goods;Alta competencia
1196266;20164091547;MUNICIPALIDAD DISTRITAL DE LA ESPERANZA - TRUJILLO;LA LIBERTAD;TRUJILLO;MEJORAMIENTO Y AMPLIACION DEL SERVICIO DE PRÁCTICA DEPORTIVA Y/O RECREATIVA EN MZ B LT 1 AA.HH. NUEVO JERUSALÉN SECTOR I  DISTRITO DE LA ESPERANZA - PROVINCIA DE TRUJILLO - DEPARTAMENTO DE LA LIBERTAD;2354051.09;PEN;8;Licitación Pública Abreviada;works;Baja competencia
1195475;20527141762;GOBIERNO REGIONAL DE APURIMAC SEDE CENTRAL;APURIMAC;ABANCAY;MEJORAMIENTO DEL SERVICIO EDUCATIVO DE LOS INSTITUTOS DE EDUCACION SUPERIOR TECNOLOGICA PUBLICA DE PROGRESO Y VILCABAMBA DE LOS DISTRITOS PROGRESO Y VILCABAMBA, DE LA PROVINCIA GRAU - APURIMAC;915000;PEN;16;Subasta Inversa Electrónica;goods;Mediana competencia
1200079;20159316981;GOBIERNO REGIONAL DE CUSCO-INSTITUTO DE MANEJO DE AGUA Y MEDIO AMBIENTE( IMA);CUSCO;CUSCO;RECUPERACION DEL SERVICIO  ECOSISTEMICO DE REGULACIÓN HIDRICA EN LAS MICROCUENCAS DE TOCCOHUANCA, LLANCAMA, LLANQUEMAYO, TAUCABAMBA Y MISKAHUAYCCO DE LA CUENCA MEDIA DEL APURIMAC - EN LOS DISTRITOS DE PARURO, OMACHA, PILLPINTO Y CHINCHAYPUJIO EN LAS PROVINCIAS DE ANTA Y PARURO DEL  DEPARTAMENTO DE CUSCO;260150;PEN;18;Concurso Público Abreviado;services;Mediana competencia
1197925;20486021692;GOBIERNO REGIONAL DE JUNIN SEDE CENTRAL;JUNIN;HUANCAYO;MEJORAMIENTO DEL SERVICIO DE PROVISIÓN DE AGUA PARA RIEGO EN SISTEMA DE RIEGO ESQUICHA   DISTRITO DE PALCAMAYO DE LA PROVINCIA DE TARMA DEL DEPARTAMENTO DE JUNIN;350000;PEN;13;Concurso Público Abreviado;services;Mediana competencia
1194397;20131380951;MUNICIPALIDAD METROPOLITANA DE LIMA;LIMA;LIMA;CREACION DEL SERVICIO DE PRÁCTICA DEPORTIVA Y/O RECREATIVA EN LA ASOCIACION DE VIVIENDA HIJOS PRIVILEGIADOS DE ACEVIA   DISTRITO DE CIENEGUILLA DE LA PROVINCIA DE LIMA DEL DEPARTAMENTO DE LIMA;468339.16;PEN;37;Licitación Pública Abreviada;works;Alta competencia
1197214;20491321661;GOBIERNO REGIONAL DE LIMA-UNIDAD EJECUTORA LIMA SUR;LIMA;CAÑETE;MEJORAMIENTO DEL SERVICIO DE MOVILIDAD URBANA EN LA CALLE SAN FRANCISCO, JR. LAS PALMAS, JR. BENAVIDES, JR. MÁRTIR OLAYA, JR. MIRAFLORES, JR. ICA, JR. CHICLAYO, JR. SUCHE, JR. SAUCE Y JR. NICOLAS AYLLÓN, DE LA LOCALIDAD DE PACARAN   DISTRITO DE PACARAN DE LA PROVINCIA DE CAÑETE DEL DEPARTAMENTO DE LIMA;3054888.51;PEN;35;Licitación Pública Abreviada;works;Alta competencia
1238046;20498390570;GOBIERNO REGIONAL DE AREQUIPA Sede Central;AREQUIPA;AREQUIPA;MEJORAMIENTO DE LOS SERVICIOS EDUCATIVOS EN EL NIVEL SECUNDARIA DE LA INSTITUCION EDUCATIVA SEBASTIAN BARRANCA, DEL DISTRITO DE CAMANA - PROVINCIA DE CAMANA - DEPARTAMENTO DE AREQUIPA;226688;PEN;28;Licitación Pública Abreviada;goods;Alta competencia
1196153;20154440373;MUNICIPALIDAD PROVINCIAL DE CAÑETE - SAN VICENTE DE CAÑETE;LIMA;CAÑETE;MEJORAMIENTO DE LA INFRAESTRUCTURA DEPORTIVA EN EL C.P COCHAHUASI DEL DISTRITO DE SAN VICENTE DE CAÑETE - PROVINCIA DE CAÑETE - DEPARTAMENTO DE LIMA;1521464.41;PEN;8;Licitación Pública Abreviada;works;Baja competencia
1197916;20486021692;GOBIERNO REGIONAL DE JUNIN SEDE CENTRAL;JUNIN;HUANCAYO;MEJORAMIENTO DEL SERVICIO DE PROVISIÓN DE AGUA PARA RIEGO EN SISTEMA DE RIEGO ESQUICHA   DISTRITO DE PALCAMAYO DE LA PROVINCIA DE TARMA DEL DEPARTAMENTO DE JUNIN;350000;PEN;13;Concurso Público Abreviado;services;Mediana competencia
1198457;20232724588;MUNICIPALIDAD DISTRITAL DE SURCUBAMBA;HUANCAVELICA;TAYACAJA;CREACION DEL SERVICIO DE TRANSITABILIDAD VIAL INTERURBANA EN TRAMO: CONGONA - FUNDO MUCHCA - SUYTURUMI - CHUNGUI - PENSAMIENTO MOCCO   DISTRITO DE SURCUBAMBA DE LA PROVINCIA DE TAYACAJA DEL DEPARTAMENTO DE HUANCAVELICA;581256;PEN;15;Concurso Público para Consultoría;services;Mediana competencia
1203379;20193995242;MUNICIPALIDAD DISTRITAL DE YAUCA DEL ROSARIO;ICA;ICA;CREACION DEL SERVICIOS DE ESPACIOS PÚBLICOS URBANOS EN 3 UNIDADES PRODUCTORAS  3 CENTROS POBLADOS  DISTRITO DE YAUCA DEL ROSARIO DE LA PROVINCIA DE ICA DEL DEPARTAMENTO DE ICA;988430.66;PEN;6;Licitación Pública Abreviada;works;Baja competencia
1197920;20486021692;GOBIERNO REGIONAL DE JUNIN SEDE CENTRAL;JUNIN;HUANCAYO;MEJORAMIENTO DEL SERVICIO DE PROVISIÓN DE AGUA PARA RIEGO EN SISTEMA DE RIEGO ESQUICHA   DISTRITO DE PALCAMAYO DE LA PROVINCIA DE TARMA DEL DEPARTAMENTO DE JUNIN;350000;PEN;14;Concurso Público Abreviado;services;Mediana competencia
1194383;20131366702;MUNICIPALIDAD DISTRITAL DE PUENTE PIEDRA;LIMA;LIMA;CREACION DEL SERVICIO DE MOVILIDAD URBANA EN LAS VIAS LOCALES DE LA ASOC. LOS GRAMADALES PRIMERA ETAPA ¿ SECTOR LA GRAMA ¿   DISTRITO DE PUENTE PIEDRA DE LA PROVINCIA DE LIMA DEL DEPARTAMENTO DE LIMA,CREACION DEL SERVICIO DE MOVILIDAD URBANA EN LA CA. SANTA LIDIA DEL COMITÈ DE OBRAS CENTRO POBLADO ZAPALLAL-SECTOR ALAMEDA DEL NORTE-   DISTRITO DE PUENTE PIEDRA DE LA PROVINCIA DE LIMA DEL DEPARTAMENTO DE LIMA;2678772.63;PEN;17;Licitación Pública Abreviada;works;Mediana competencia
1200768;20154440373;MUNICIPALIDAD PROVINCIAL DE CAÑETE - SAN VICENTE DE CAÑETE;LIMA;CAÑETE;MEJORAMIENTO DEL SERVICIO DE MOVILIDAD URBANA EN EL JR. O´HIGGINS   DISTRITO DE SAN VICENTE DE CAÑETE DE LA PROVINCIA DE CAÑETE DEL DEPARTAMENTO DE LIMA;1362918.88;PEN;32;Licitación Pública Abreviada;works;Alta competencia
1199226;20184282535;MUNICIPALIDAD DISTRITAL DE SINGA;HUANUCO;HUAMALIES;MEJORAMIENTO DEL SERVICIO DE PROVISIÓN DE AGUA PARA RIEGO EN LOS SECTORES  DE ACOMAYO  - PISGANARAGRA- GOTUYACU  - PURWAY - URI PUCYO-CONDOR JEGANAN  - CHICU PAMPA - PUYTUJIRCA - CACHCA   DISTRITO DE SINGA DE LA PROVINCIA DE HUAMALIES DEL DEPARTAMENTO DE HUANUCO;5870359.49;PEN;14;Licitación Pública;works;Mediana competencia
1196823;20452393493;GOBIERNO REGIONAL DE AYACUCHO SEDE CENTRAL;AYACUCHO;HUAMANGA;MEJORAMIENTO Y AMPLIACION DE LA CARRETERA EMP. PE ¿ 32A (MINASCUCHO) ¿ LLACHOCCMAYO - ALLPACHACA ¿ MUNAYPATA - EMP. AY-106 (ROSASPATA), DISTRITOS DE CHIARA, LOS MOROCHUCOS Y VINCHOS DE LAS PROVINCIAS DE HUAMANGA Y CANGALLO DEL  DEPARTAMENTO DE AYACUCHO;397000;PEN;6;Concurso Público Abreviado;services;Baja competencia
1192851;20165341377;MUNICIPALIDAD PROVINCIAL DE OTUZCO;LA LIBERTAD;OTUZCO;"CONSTRUCCION DE PAVIMENTO, VEREDA Y MURO DE CONTENCION; EN EL(LA) PASAJE LA ALAMEDA SECTOR RAMON CASTILLA DISTRITO DE OTUZCO, PROVINCIA OTUZCO, DEPARTAMENTO LA LIBERTAD";314784.72;PEN;6;Licitación Pública Abreviada;works;Baja competencia
1201268;20154440373;MUNICIPALIDAD PROVINCIAL DE CAÑETE - SAN VICENTE DE CAÑETE;LIMA;CAÑETE;"RENOVACION DE CALZADA O PISTA; EN EL(LA) LAS VIAS DEL CASCO URBANO  DISTRITO DE SAN VICENTE DE CAÑETE, PROVINCIA CAÑETE, DEPARTAMENTO LIMA";646004.78;PEN;24;Licitación Pública Abreviada;works;Alta competencia
1200787;20164032613;MUNICIPALIDAD DISTRITAL DE PIMENTEL;LAMBAYEQUE;CHICLAYO;MEJORAMIENTO DEL MINICOMPLEJO DEPORTIVO SANTIAGO PEREZ URDIALES PIMENTEL DEL DISTRITO DE PIMENTEL - PROVINCIA DE CHICLAYO - DEPARTAMENTO DE LAMBAYEQUE;329361.35;PEN;24;Licitación Pública Abreviada;works;Alta competencia
1199399;20154435965;MUNICIPALIDAD DISTRITAL DE YARINACOCHA;UCAYALI;CORONEL PORTILLO;MEJORAMIENTO DEL SERVICIO DE AGUA POTABLE URBANO Y MEJORAMIENTO DEL SERVICIO DE ALCANTARILLADO EN LOS A.H. LA LUPUNA, A.H. LOS MANGOS, A.H. 3 DE DICIEMBRE, A.H. FAUSTINO MALDONADO Y A.H. LAS CASUARINAS,   DISTRITO DE YARINACOCHA DE LA PROVINCIA DE CORONEL PORTILLO DEL DEPARTAMENTO DE UCAYALI;4096758.54;PEN;9;Licitación Pública Abreviada;works;Baja competencia
1201858;20170044844;MUNICIPALIDAD DISTRITAL DE FLORENCIA DE MORA;LA LIBERTAD;TRUJILLO;"RENOVACION DE CALZADA O PISTA; EN EL(LA) CA. 20 DE JUNIO(V) CDRA. 4, 5 Y 6; CA. 17 DE DICIEMBRE CDRA. 10,11 Y 12; CA. 9 MAYO CDRA. 10,11 Y 12; CA. 26 DE JULIO CDRA. 8, CA. 27 DE SETIEMBRE CDRA. 8 DE LA VÍA URBANA BARRIO 2  DISTRITO DE FLORENCIA DE MORA, PROVINCIA TRUJILLO, DEPARTAMENTO LA LIBERTAD";1499418.84;PEN;13;Licitación Pública Abreviada;works;Mediana competencia
1200930;20131378620;MUNICIPALIDAD DISTRITAL DE ATE - VITARTE;LIMA;LIMA;CREACION DEL SERVICIO DE MOVILIDAD URBANA A TRAVES DE PISTAS Y VEREDAS EN LA CALLE PRIMAVERA DE LA ASOCIACIÓN DE PROPIETARIOS DE VIVIENDA LOS JARDINES DE SANTA CLARA - VITARTE, ZONA 05, SUB ZONA 02,  DISTRITO DE ATE - PROVINCIA DE LIMA - DEPARTAMENTO DE LIMA;1976408.86;PEN;35;Licitación Pública Abreviada;works;Alta competencia
1201976;20131372427;MUNICIPALIDAD DISTRITAL DE SAN MARTIN DE PORRES;LIMA;LIMA;CREACION DE LOS SERVICIOS DE ESPACIOS PÚBLICOS URBANOS EN LA ALAMEDA CENTRAL, EN LA AV. LIMA TRAMO: DESDE JR. SALAVERRY HASTA JR. PUERTO BARRIOS   DISTRITO DE SAN MARTIN DE PORRES DE LA PROVINCIA DE LIMA DEL DEPARTAMENTO DE LIMA;7668821.9;PEN;25;Licitación Pública;works;Alta competencia
1193407;20174909157;MUNICIPALIDAD DISTRITAL DE COISHCO;ANCASH;SANTA;MEJORAMIENTO Y AMPLIACION DEL SERVICIO DE ALCANTARILLADO Y AMPLIACION DEL SERVICIO DE AGUA POTABLE URBANO EN AA.HH. OLLANTA HUMALA MANZANA E Y F DEL   DISTRITO DE COISHCO DE LA PROVINCIA DE SANTA DEL DEPARTAMENTO DE ANCASH;620818.3;PEN;11;Licitación Pública Abreviada;works;Mediana competencia
1193173;20527147612;GOBIERNO REGIONAL DE CUSCO SEDE CENTRAL;CUSCO;CUSCO;MEJORAMIENTO Y AMPLIACION DE LOS SERVICIOS DE SALUD DEL ESTABLECIMIENTO DE SALUD DE BELEMPAMPA - DISTRITO DE SANTIAGO - PROVINCIA DE CUSCO - REGION CUSCO;141990;PEN;17;Licitación Pública Abreviada;goods;Mediana competencia
1195537;20406325815;GOBIERNO REGIONAL DE PUNO SEDE CENTRAL;PUNO;PUNO;MEJORAMIENTO DE LA CAPACIDAD DE PRESTACION DE SERVICIOS DEPORTIVOS EN EL ESTADIO GUILLERMO BRICEÑO ROSAMEDINA DE LA CIUDAD DE JULIACA, PROVINCIA DE SAN ROMAN - PUNO;142120;PEN;35;Licitación Pública Abreviada;goods;Alta competencia
1198657;20131380951;MUNICIPALIDAD METROPOLITANA DE LIMA;LIMA;LIMA;CREACION DEL SERVICIO DE PRÁCTICA DEPORTIVA Y/O RECREATIVA EN EL ASENTAMIENTO HUMANO 27 DE MARZO AMPLIACION LA ROCA 2DA ETAPA   DISTRITO DE SAN JUAN DE LURIGANCHO DE LA PROVINCIA DE LIMA DEL DEPARTAMENTO DE LIMA;512950.79;PEN;35;Licitación Pública Abreviada;works;Alta competencia
1198985;20231941551;MUNICIPALIDAD DISTRITAL DE SAN MARCOS ROCCHAC;HUANCAVELICA;TAYACAJA;MEJORAMIENTO DEL SERVICIO DE PRÁCTICA DEPORTIVA Y/O RECREATIVA EN EL CAMPO DEPORTIVO  DE CENTRO POBLADO SAN MARCOS DE ROCCHAC DISTRITO DE SAN MARCOS DE ROCCHAC DE LA PROVINCIA DE TAYACAJA DEL DEPARTAMENTO DE HUANCAVELICA;402338.94;PEN;5;Licitación Pública Abreviada;works;Baja competencia
1194422;20600234880;MUNICIPALIDAD DISTRITAL DE INKAWASI;CUSCO;LA CONVENCION;MEJORAMIENTO Y AMPLIACION DEL SISTEMA DE AGUA POTABLE Y ELIMINACION DE EXCRETAS EN LA LOCALIDAD DE PALMAPATA DEL DISTRITO DE INKAWASI - PROVINCIA DE LA CONVENCION - DEPARTAMENTO DE CUSCO;3712389.06;PEN;6;Licitación Pública Abreviada;works;Baja competencia
1200142;20131372184;MUNICIPALIDAD DISTRITAL DE SAN MIGUEL;LIMA;LIMA;"REPARACION DE CALZADA O PISTA; EN EL(LA) CALLES DE LAS ZONAS 3, 5, 8, 10, 13, 14, 16, 18 DEL DISTRITO DE SAN MIGUEL, LIMA , LIMA EN EL CENTRO POBLADO SAN MIGUEL, DISTRITO DE SAN MIGUEL, PROVINCIA LIMA, DEPARTAMENTO LIMA";4370800;PEN;19;Concurso Público de Servicios;services;Mediana competencia
1213726;20602547443;PROGRAMA AGUA SEGURA PARA LIMA Y CALLAO;LIMA;LIMA;MEJORAMIENTO Y AMPLIACION DE LOS SISTEMAS DE AGUA POTABLE Y ALCANTARILLADO EN LOS DISTRITOS DE ATE Y SANTA ANITA DE LA  PROVINCIA DE LIMA - DEPARTAMENTO DE LIMA;86238624.4;PEN;54;Licitación Pública;works;Alta competencia
1242109;20317337150;MUNICIPALIDAD DISTRITAL DE PICHARI;CUSCO;LA CONVENCION;MEJORAMIENTO DE PALACIO MUNICIPAL DE PICHARI DEL DISTRITO DE PICHARI - PROVINCIA DE LA CONVENCION - DEPARTAMENTO DE CUSCO;4707222.39;PEN;26;Concurso Público de Servicios;services;Alta competencia
1196439;20148364975;MUNICIPALIDAD DISTRITAL DE JOSE LEONARDO ORTIZ;LAMBAYEQUE;CHICLAYO;MEJORAMIENTO DEL SERVICIO DE EDUCACION PRIMARIA EN I.E. 10011 FRANCISCO BOLOGNESI CERVANTES   DISTRITO DE JOSE LEONARDO ORTIZ DE LA PROVINCIA DE CHICLAYO DEL DEPARTAMENTO DE LAMBAYEQUE;141000;PEN;18;Concurso Público Abreviado;services;Mediana competencia
1200004;20159316981;GOBIERNO REGIONAL DE CUSCO-INSTITUTO DE MANEJO DE AGUA Y MEDIO AMBIENTE( IMA);CUSCO;CUSCO;RECUPERACION DEL SERVICIO  ECOSISTEMICO DE REGULACIÓN HIDRICA EN LAS MICROCUENCAS DE TOCCOHUANCA, LLANCAMA, LLANQUEMAYO, TAUCABAMBA Y MISKAHUAYCCO DE LA CUENCA MEDIA DEL APURIMAC - EN LOS DISTRITOS DE PARURO, OMACHA, PILLPINTO Y CHINCHAYPUJIO EN LAS PROVINCIAS DE ANTA Y PARURO DEL  DEPARTAMENTO DE CUSCO;168000;PEN;12;Concurso Público Abreviado;services;Mediana competencia
1196723;20527147612;GOBIERNO REGIONAL DE CUSCO SEDE CENTRAL;CUSCO;CUSCO;MEJORAMIENTO  Y AMPLIACION DE LA OFERTA  DE SERVICIOS EDUCATIVOS DE LA I.E. INTEGRADA DE NIVEL INICIAL Y PRIMARIA DE LA LOCALIDAD DE ERAPATA, DISTRITO DE INKAWASI - LA CONVENCION - CUSCO;390935.92;PEN;12;Subasta Inversa Electrónica;goods;Mediana competencia
1197220;20159316981;GOBIERNO REGIONAL DE CUSCO-INSTITUTO DE MANEJO DE AGUA Y MEDIO AMBIENTE( IMA);CUSCO;CUSCO;MEJORAMIENTO Y AMPLIACION SERVICIO DE PROTECCIÓN ANTE  INUNDACIONES  EN LA CUENCA ALTA DEL RIÓ VILCANOTA 4 DISTRITOS DE LA PROVINCIA DE CANCHIS - DEPARTAMENTO DE CUSCO;239820;PEN;11;Concurso Público Abreviado;services;Mediana competencia
1191720;20146721410;MUNICIPALIDAD PROVINCIAL DE SECHURA;PIURA;SECHURA;CREACION DEL SERVICIO DE MOVILIDAD URBANA EN CASERIO CHUPER CALLE SECHURA DESDE VIA A SANTA CLARA HASTA LA CALLE SAN MARTIN, CALLE SAN JOSE DESDE LA VIA A SANTA CLARA HASTA LA CALLE BOLIVAR, CALLE GRAU DESDE LA VIA A SANTA CLARA HASTA LA CALLE S   DISTRITO DE CRISTO NOS VALGA DE LA PROVINCIA DE SECHURA DEL DEPARTAMENTO DE PIURA;4789222.93;PEN;24;Licitación Pública Abreviada;works;Alta competencia
1214961;20489250731;GOBIERNO REGIONAL DE HUANUCO SEDE CENTRAL;HUANUCO;HUANUCO;CREACION DEL SERVICIO DE MOVILIDAD URBANA EN LA VIA COLECTORA TRAMO  JR. LOS MANGLARES DE LA URBANIZACION LOS PORTALES (INICIO DE TRAMO) HASTA AV. LOS ANGELES DEL C.P. LA ESPERANZA (FIN DE TRAMO) DEL   DISTRITO DE AMARILIS DE LA PROVINCIA DE HUANUCO DEL DEPARTAMENTO DE HUANUCO;1993233.52;PEN;51;Concurso Público para Consultoría;services;Alta competencia
1189929;20159515240;MUNICIPALIDAD DISTRITAL DE CERRO COLORADO;AREQUIPA;AREQUIPA;MEJORAMIENTO DEL SERVICIO EDUCATIVO DEL NIVEL INICIAL Y PRIMARIA DE LA I.E. DIVINO NIÑO DEL P.J. ALTO LIBERTAD,  DISTRITO DE CERRO COLORADO - PROVINCIA DE AREQUIPA - DEPARTAMENTO DE AREQUIPA;16940861.92;PEN;37;Licitación Pública;works;Alta competencia
1197620;20601122805;MUNICIPALIDAD DISTRITAL DE LA MORADA;HUANUCO;MARAÑON;MEJORAMIENTO DEL SERVICIO DE AGUA POTABLE RURAL Y MEJORAMIENTO DEL SERVICIO DE ALCANTARILLADO U OTRAS FORMAS DE DISPOSICIÓN SANITARIA DE EXCRETAS EN LA LOCALIDAD DE NUEVA PALESTINA   DISTRITO DE LA MORADA DE LA PROVINCIA DE MARAÑON DEL DEPARTAMENTO DE HUANUCO;7415358.64;PEN;19;Licitación Pública;works;Mediana competencia
1198588;20519752515;GOBIERNO REGIONAL DE TACNA SEDE CENTRAL;TACNA;TACNA;MEJORAMIENTO DEL SERVICIO EDUCATIVO DEL NIVEL INICIAL, PRIMARIO Y SECUNDARIA DE LA I.E. GUILLERMO AUZA ARCE EN EL  DISTRITO DE ALTO DE LA ALIANZA - PROVINCIA DE TACNA - DEPARTAMENTO DE TACNA;717000;PEN;18;Licitación Pública;goods;Mediana competencia
1193675;20131377810;SERVICIO NACIONAL DE CAPACITACION PARA LA INDUSTRIA DE LA CONSTRUCCION;LIMA;LIMA;MEJORAMIENTO DE LOS SERVICIOS DE CAPACITACIÓN EN CONSTRUCCIÓN DE LA UNIDAD OPERATIVA SENCICO CAJAMARCA, DISTRITO, PROVINCIA Y DEPARTAMENTO DE CAJAMARCA;7662377.28;PEN;1;Contratación Directa;works;Baja competencia
1199574;20198789705;MUNICIPALIDAD DISTRITAL DE QUEROCOTO;CAJAMARCA;CHOTA;CREACION DE LOS SERVICIOS OPERATIVOS O MISIONALES INSTITUCIONALES EN LOCAL DE USOS MULTIPLES DE PACOPAMPA  DE CENTRO POBLADO PACOPAMPA DISTRITO DE QUEROCOTO DE LA PROVINCIA DE CHOTA DEL DEPARTAMENTO DE CAJAMARCA;1657610.89;PEN;9;Licitación Pública Abreviada;works;Baja competencia
1244964;20504743307;MINISTERIO DE VIVIENDA, CONSTRUCCIÓN Y SANEAMIENTO - ADMINISTRACIÓN GENERAL;LIMA;LIMA;MEJORAMIENTO SERVICIOS PRESTADOS A LOS USUARIOS DEL MINISTERIO DE VIVIENDA CONSTRUCCIÓN Y SANEAMIENTO SAN ISIDRO DEL DISTRITO DE SAN ISIDRO - PROVINCIA DE LIMA - DEPARTAMENTO DE LIMA;2746335.19;PEN;43;Concurso Público para Consultoría;services;Alta competencia
1193493;20272619574;MUNICIPALIDAD DISTRITAL DE CAYARANI;AREQUIPA;CONDESUYOS;MEJORAMIENTO DE CAMPO DEPORTIVO DEL ESTADIO MUNICIPAL DE CAYARANI DEL  DISTRITO DE CAYARANI - PROVINCIA DE CONDESUYOS - DEPARTAMENTO DE AREQUIPA;1907424.92;PEN;13;Licitación Pública Abreviada;works;Mediana competencia
1200314;20166164789;MUNICIPALIDAD PROVINCIAL DE ISLAY - MOLLENDO;AREQUIPA;ISLAY;MEJORAMIENTO DEL SERVICIO DE MOVILIDAD URBANA EN LA AV. AREQUIPA DESDE LA CALLE MANCO CAPAC HASTA LA CALLE ATAHUALPA, CALLE HUASCAR, CALLE HUAYNA CAPAC LLEGANDO A LA CALLE CAPAC YUPANQUI HASTA LA CALLE MACHU PICHU  DE CENTRO POBLADO ASENTAMIENTO VII SAN CAMILO DISTRITO DE COCACHACRA DE LA PROVINCIA DE ISLAY DEL DEPARTAMENTO DE AREQUIPA;367018.5;PEN;17;Subasta Inversa Electrónica;goods;Mediana competencia
1227665;20414868216;PROGRAMA SUBSECTORIAL DE IRRIGACIONES - PSI;LIMA;LIMA;MEJORAMIENTO DEL SERVICIO DE PROVISIÓN DE AGUA PARA RIEGO EN FORTALECIMIENTO DE LAS OUAS Y DRAS PRIORIZADAS COMPONENTE B (OTRAS INTERVENCIONES) PROGRAMA NACIONAL DE RIEGO TECNIFICADO PARA UNA AGRICULTURA CLIMÁTICAMENTE RESILIENTE ¿ BIRF ACUERDO PRESTAMO 9616-PE   DISTRITO DE - TODOS - DE LA PROVINCIA DE - TODOS - DEL DEPARTAMENTO DE -MUL.DEP-;24000;PEN;1;Convenio;services;Baja competencia
1196096;20519752515;GOBIERNO REGIONAL DE TACNA SEDE CENTRAL;TACNA;TACNA;MEJORAMIENTO DEL SERVICIO EDUCATIVO DEL NIVEL INICIAL, PRIMARIO Y SECUNDARIA DE LA I.E. GUILLERMO AUZA ARCE EN EL  DISTRITO DE ALTO DE LA ALIANZA - PROVINCIA DE TACNA - DEPARTAMENTO DE TACNA;644663.33;PEN;48;Licitación Pública;goods;Alta competencia
1198788;20194658371;MUNICIPALIDAD DISTRITAL DE SANTIAGO DE CHILCAS;ANCASH;OCROS;CREACION DEL SERVICIO DE TRANSITABILIDAD VIAL INTERURBANA EN LA TROCHA CARROZABLE DEL TRAMO COCHAPAMPA - HUICHCA   DISTRITO DE SANTIAGO DE CHILCAS DE LA PROVINCIA DE OCROS DEL DEPARTAMENTO DE ANCASH;581360.57;PEN;10;Licitación Pública Abreviada;works;Mediana competencia
1228663;20414868216;PROGRAMA SUBSECTORIAL DE IRRIGACIONES - PSI;LIMA;LIMA;MEJORAMIENTO DEL SERVICIO DE PROVISIÓN DE AGUA PARA RIEGO EN FORTALECIMIENTO DE LAS OUAS Y DRAS PRIORIZADAS COMPONENTE B (OTRAS INTERVENCIONES) PROGRAMA NACIONAL DE RIEGO TECNIFICADO PARA UNA AGRICULTURA CLIMÁTICAMENTE RESILIENTE ¿ BIRF ACUERDO PRESTAMO 9616-PE   DISTRITO DE - TODOS - DE LA PROVINCIA DE - TODOS - DEL DEPARTAMENTO DE -MUL.DEP-;24000;PEN;1;Convenio;services;Baja competencia
1227513;20414868216;PROGRAMA SUBSECTORIAL DE IRRIGACIONES - PSI;LIMA;LIMA;MEJORAMIENTO DEL SERVICIO DE PROVISIÓN DE AGUA PARA RIEGO EN FORTALECIMIENTO DE LAS OUAS Y DRAS PRIORIZADAS COMPONENTE B (OTRAS INTERVENCIONES) PROGRAMA NACIONAL DE RIEGO TECNIFICADO PARA UNA AGRICULTURA CLIMÁTICAMENTE RESILIENTE ¿ BIRF ACUERDO PRESTAMO 9616-PE   DISTRITO DE - TODOS - DE LA PROVINCIA DE - TODOS - DEL DEPARTAMENTO DE -MUL.DEP-;24000;PEN;1;Convenio;services;Baja competencia
1225693;20414868216;PROGRAMA SUBSECTORIAL DE IRRIGACIONES - PSI;LIMA;LIMA;MEJORAMIENTO DEL SERVICIO DE PROVISIÓN DE AGUA PARA RIEGO EN FORTALECIMIENTO DE LAS OUAS Y DRAS PRIORIZADAS COMPONENTE B (OTRAS INTERVENCIONES) PROGRAMA NACIONAL DE RIEGO TECNIFICADO PARA UNA AGRICULTURA CLIMÁTICAMENTE RESILIENTE ¿ BIRF ACUERDO PRESTAMO 9616-PE   DISTRITO DE - TODOS - DE LA PROVINCIA DE - TODOS - DEL DEPARTAMENTO DE -MUL.DEP-;24000;PEN;1;Convenio;services;Baja competencia
1199370;20165571704;MUNICIPALIDAD DISTRITAL DE CABANA - SAN RAMON;PUNO;SAN ROMAN;MEJORAMIENTO DE LOS SERVICIOS OPERATIVOS O MISIONALES INSTITUCIONALES EN EL SALON COMUNAL DEL SECTOR HUANCARANI,   DISTRITO DE CABANA DE LA PROVINCIA DE SAN ROMAN DEL DEPARTAMENTO DE PUNO;361055.94;PEN;9;Licitación Pública Abreviada;works;Baja competencia
1221878;20146721410;MUNICIPALIDAD PROVINCIAL DE SECHURA;PIURA;SECHURA;"RENOVACION DE ESPACIO DE CIRCULACION INTERIOR  Y MOBILIARIO URBANO; EN EL(LA) PARQUE MIGUEL GRAU SECTOR PARACHIQUE EN EL CENTRO POBLADO PARACHIQUE - LA BOCANA, DISTRITO DE SECHURA, PROVINCIA SECHURA, DEPARTAMENTO PIURA";957929.52;PEN;30;Licitación Pública Abreviada;works;Alta competencia
1197806;20131371455;MUNICIPALIDAD DISTRITAL DE LURIGANCHO (CHOSICA);LIMA;LIMA;"CONSTRUCCION DE POZO DE EXTRACCION; EN EL(LA) SECTOR 146 DEL  DISTRITO DE LURIGANCHO, PROVINCIA LIMA, DEPARTAMENTO LIMA";2504458.57;PEN;21;Licitación Pública Abreviada;works;Alta competencia
1193534;20320162352;GOBIERNO REGIONAL DE ANCASH - SUB REGION PACIFICO;ANCASH;SANTA;MEJORAMIENTO DEL SERVICIO EDUCATIVO DEL NIVEL SECUNDARIA EN LA INSTITUCIÓN EDUCATIVA INMACULADA DE LA MERCED EN EL  DISTRITO DE CHIMBOTE - PROVINCIA DE SANTA - DEPARTAMENTO DE ANCASH;3033968.51;PEN;82;Concurso Público para Consultoría;services;Alta competencia
1227476;20414868216;PROGRAMA SUBSECTORIAL DE IRRIGACIONES - PSI;LIMA;LIMA;MEJORAMIENTO DEL SERVICIO DE PROVISIÓN DE AGUA PARA RIEGO EN FORTALECIMIENTO DE LAS OUAS Y DRAS PRIORIZADAS COMPONENTE B (OTRAS INTERVENCIONES) PROGRAMA NACIONAL DE RIEGO TECNIFICADO PARA UNA AGRICULTURA CLIMÁTICAMENTE RESILIENTE ¿ BIRF ACUERDO PRESTAMO 9616-PE   DISTRITO DE - TODOS - DE LA PROVINCIA DE - TODOS - DEL DEPARTAMENTO DE -MUL.DEP-;24000;PEN;1;Convenio;services;Baja competencia
1194972;20317337150;MUNICIPALIDAD DISTRITAL DE PICHARI;CUSCO;LA CONVENCION;CREACION DEL SERVICIO DE AGUA POTABLE Y SANEAMIENTO BÁSICO EN LAS COMUNIDADES DE PICHARI ALTA. PALESTINA KINKORI, AMARGURA, PARAÍSO, LICENCIADO, PEDRO RUIZ GALLO Y OTARI SAN MARTIN DEL DISTRITO DE PICHARI - PROVINCIA DE LA CONVENCION - DEPARTAMENTO DE CUSCO;147750;PEN;8;Concurso Público Abreviado;services;Baja competencia
1198007;20564325741;UNIVERSIDAD NACIONAL INTERCULTURAL DE QUILLABAMBA;CUSCO;LA CONVENCION;CREACION DEL SERVICIO DE FORMACION DE LA CARRERA PROFESIONAL DE INGENIERIA CIVIL DE LA UNIVERSIDAD NACIONAL INTERCULTURAL DE QUILLABAMBA, FUNDO POTRERO, CENTRO POBLADO DE POTRERO - DISTRITO DE SANTA ANA - PROVINCIA DE LA CONVENCION - REGIÓN CUSCO;1328704.51;PEN;41;Concurso Público para Consultoría;services;Alta competencia
1200062;20161096068;MUNICIPALIDAD PROVINCIAL DE COTABAMBAS - TAMBOBAMBA;APURIMAC;COTABAMBAS;MEJORAMIENTO DEL SERVICIO EDUCATIVO DE LA INSTITUCIÓN EDUCATIVA SAN FRANCISCO DE ASÍS EN LOS NIVELES INICIAL, PRIMARIA Y SECUNDARIA, DEL  DISTRITO DE TAMBOBAMBA - PROVINCIA DE COTABAMBAS - DEPARTAMENTO DE APURIMAC;180940;PEN;8;Subasta Inversa Electrónica;goods;Baja competencia
1232467;20414868216;PROGRAMA SUBSECTORIAL DE IRRIGACIONES - PSI;LIMA;LIMA;MEJORAMIENTO DEL SERVICIO DE PROVISIÓN DE AGUA PARA RIEGO EN FORTALECIMIENTO DE LAS OUAS Y DRAS PRIORIZADAS COMPONENTE B (OTRAS INTERVENCIONES) PROGRAMA NACIONAL DE RIEGO TECNIFICADO PARA UNA AGRICULTURA CLIMÁTICAMENTE RESILIENTE ¿ BIRF ACUERDO PRESTAMO 9616-PE   DISTRITO DE - TODOS - DE LA PROVINCIA DE - TODOS - DEL DEPARTAMENTO DE -MUL.DEP-;24000;PEN;1;Convenio;services;Baja competencia
1194342;20131378034;MUNICIPALIDAD DISTRITAL DE SAN JUAN DE LURIGANCHO;LIMA;LIMA;CREACION DEL SERVICIO DE MOVILIDAD URBANA EN VIAS LOCALES DEL AA.HH. ISABEL FLORES DE OLIVA, COMUNA 17 DEL   DISTRITO DE SAN JUAN DE LURIGANCHO DE LA PROVINCIA DE LIMA DEL DEPARTAMENTO DE LIMA;3320431.63;PEN;28;Licitación Pública Abreviada;works;Alta competencia
1212214;20546677444;UNIDAD EJECUTORA 003:PROGRAMA MODERNIZACION DEL SISTEMA DE ADMINISTRACION DE JUSTICIA;LIMA;LIMA;MEJORAMIENTO DE LOS SERVICIOS DE JUSTICIA NO PENALES A TRAVÉS DE LA IMPLEMENTACIÓN DEL EXPEDIENTE JUDICIAL ELECTRÓNICO (EJE).;40500;PEN;3;Convenio;services;Baja competencia
1193024;20226560824;MUNICIPALIDAD DISTRITAL DE CCATCCA;CUSCO;QUISPICANCHI;CREACION DEL SERVICIO DE PRÁCTICA DEPORTIVA Y/O RECREATIVA EN EL ESTADIO DEL CENTRO POBLADO DE CHICHINA,   DISTRITO DE CCATCA DE LA PROVINCIA DE QUISPICANCHI DEL DEPARTAMENTO DE CUSCO;74050;PEN;4;Subasta Inversa Electrónica;goods;Baja competencia
1197573;20159386253;MUNICIPALIDAD DISTRITAL DE SAN JERONIMO - CUSCO;CUSCO;CUSCO;"CONSTRUCCION DE SISTEMA DE PRETRATAMIENTO; EN EL(LA) CAMAL DE LA MUNICIPALIDAD DISTRITAL DE SAN JERONIMO  DISTRITO DE SAN JERONIMO, PROVINCIA CUSCO, DEPARTAMENTO CUSCO";89567.4;PEN;13;Licitación Pública Abreviada;goods;Mediana competencia
1192809;20137921601;FONDO NACIONAL DE DESARROLLO PESQUERO;LIMA;LIMA;MEJORAMIENTO DE LOS SERVICIOS DEL DESEMBARCADERO PESQUERO ARTESANAL EN LA LOCALIDAD DE SAN JUAN DE MARCONA, DISTRITO DE MARCONA, PROVINCIA DE NAZCA, REGION ICA;8234631.75;PEN;1;Contratación Directa;works;Baja competencia
1200730;20165195290;MUNICIPALIDAD PROVINCIAL DE SAN ROMAN - JULIACA;PUNO;SAN ROMAN;MEJORAMIENTO DEL SERVICIOS DE ESPACIOS PÚBLICOS URBANOS EN EL PARQUE MIGUEL GRAU   DISTRITO DE JULIACA DE LA PROVINCIA DE SAN ROMAN DEL DEPARTAMENTO DE PUNO;1051794.38;PEN;9;Licitación Pública Abreviada;works;Baja competencia
1227437;20414868216;PROGRAMA SUBSECTORIAL DE IRRIGACIONES - PSI;LIMA;LIMA;MEJORAMIENTO DEL SERVICIO DE PROVISIÓN DE AGUA PARA RIEGO EN FORTALECIMIENTO DE LAS OUAS Y DRAS PRIORIZADAS COMPONENTE B (OTRAS INTERVENCIONES) PROGRAMA NACIONAL DE RIEGO TECNIFICADO PARA UNA AGRICULTURA CLIMÁTICAMENTE RESILIENTE ¿ BIRF ACUERDO PRESTAMO 9616-PE   DISTRITO DE - TODOS - DE LA PROVINCIA DE - TODOS - DEL DEPARTAMENTO DE -MUL.DEP-;24000;PEN;1;Convenio;services;Baja competencia
1197724;20159312055;MUNICIPALIDAD DISTRITAL DE LARES;CUSCO;CALCA;MEJORAMIENTO DEL SERVICIO DE ATENCIÓN DE SALUD BÁSICOS EN EL ESTABLECIMIENTO DE SALUD DE LARES DEL   DISTRITO DE LARES DE LA PROVINCIA DE CALCA DEL DEPARTAMENTO DE CUSCO;1072044.2;PEN;35;Concurso Público para Consultoría;services;Alta competencia
1222750;20414868216;PROGRAMA SUBSECTORIAL DE IRRIGACIONES - PSI;LIMA;LIMA;PROGRAMA NACIONAL DE RIEGO TECNIFICADO PARA UNA AGRICULTURA CLIMÁTICAMENTE RESILIENTE;36000;PEN;1;Convenio;services;Baja competencia
1222625;20414868216;PROGRAMA SUBSECTORIAL DE IRRIGACIONES - PSI;LIMA;LIMA;PROGRAMA NACIONAL DE RIEGO TECNIFICADO PARA UNA AGRICULTURA CLIMÁTICAMENTE RESILIENTE;36000;PEN;1;Convenio;services;Baja competencia
1193786;20193065938;MUNICIPALIDAD DISTRITAL DE ITE;TACNA;JORGE BASADRE;MEJORAMIENTO DEL SERVICIO DE TRANSITABILIDAD VIAL INTERURBANA EN LA VIA VECINAL TA-581 DESDE EL EMPALME PE-1SD HASTA LA VIA VECINAL TA-583 Y LA VIA RURAL ALFARILLO (J-2 Y J-3),   DISTRITO DE ITE DE LA PROVINCIA DE JORGE BASADRE DEL DEPARTAMENTO DE TACNA;525427.37;PEN;20;Concurso Público para Consultoría;services;Mediana competencia
1197141;20171880115;MUNICIPALIDAD DISTRITAL DE TORATA;MOQUEGUA;MARISCAL NIETO;PUESTA EN VALOR DEL SITIO ARQUEOLOGICO CERRO BAUL DE LA PROVINCIA MARISCAL NIETO DE LA REGION MOQUEGUA;498529.33;PEN;10;Subasta Inversa Electrónica;goods;Mediana competencia
1225404;20414868216;PROGRAMA SUBSECTORIAL DE IRRIGACIONES - PSI;LIMA;LIMA;MEJORAMIENTO DEL SERVICIO DE PROVISIÓN DE AGUA PARA RIEGO EN FORTALECIMIENTO DE LAS OUAS Y DRAS PRIORIZADAS COMPONENTE B (OTRAS INTERVENCIONES) PROGRAMA NACIONAL DE RIEGO TECNIFICADO PARA UNA AGRICULTURA CLIMÁTICAMENTE RESILIENTE ¿ BIRF ACUERDO PRESTAMO 9616-PE   DISTRITO DE - TODOS - DE LA PROVINCIA DE - TODOS - DEL DEPARTAMENTO DE -MUL.DEP-;30000;PEN;1;Convenio;services;Baja competencia
1193009;20147303115;MUNICIPALIDAD DISTRITAL DE LAMAY;CUSCO;CALCA;CREACION DEL SERVICIO DE TRANSITABILIDAD VIAL INTERURBANA EN TRAMO VIVEROPAMPA A TUPACPAMPA DE LA COMUNIDAD DE SAYLLAFAYA   DISTRITO DE LAMAY DE LA PROVINCIA DE CALCA DEL DEPARTAMENTO DE CUSCO;85050;PEN;19;Concurso Público Abreviado;services;Mediana competencia
1198429;20200042744;MUNICIPALIDAD PROVINCIAL DE LEONCIO PRADO - RUPA RUPA;HUANUCO;LEONCIO PRADO;MEJORAMIENTO Y AMPLIACION DE LOS SERVICIOS DE TRANSITABILIDAD DEL CASERIO LOS MILAGROS AL CASERIO LA SOLEDAD DEL  DISTRITO DE PUEBLO NUEVO - PROVINCIA DE LEONCIO PRADO - DEPARTAMENTO DE HUANUCO;654119.61;PEN;9;Licitación Pública Abreviada;works;Baja competencia
1202019;20285763313;MUNICIPALIDAD DISTRITAL DE ICHUÑA;MOQUEGUA;GENERAL SANCHEZ CERRO;"REPARACION DE PLATAFORMA, DRENAJE TRANSVERSAL Y PROTECCION RIBEREÑA VIAL; EN EL(LA) CAMINO VECINAL R-180201, TRAMO: EMP. P-36B ¿ EMP. MO 106 (PTE. CRUCERO) DEL  DISTRITO DE ICHUÑA, PROVINCIA GENERAL SANCHEZ CERRO, DEPARTAMENTO MOQUEGUA";92715.88;PEN;8;Subasta Inversa Electrónica;goods;Baja competencia
1206853;20131365994;INSTITUTO NACIONAL DE INNOVACION AGRARIA - INIA;LIMA;LIMA;MEJORAMIENTO DE LOS SERVICIOS DE INVESTIGACION Y TRANSFERENCIA DE TECNOLOGIA EN GANADERIA ALTO ANDINA EN 33 DISTRITOS DE LOS DEPARTAMENTOS DE APURIMAC, AREQUIPA, AYACUCHO, CUSCO, HUANCAVELICA, JUNIN, MOQUEGUA, PASCO, PUNO Y TACNA. DISTRITO DE TODOS - PROVINCIA DE TODOS - DEPARTAMENTO DE MUL.DEP-;2510223.49;PEN;54;Licitación Pública Abreviada;works;Alta competencia
1233055;20166913561;MUNICIPALIDAD DISTRITAL DE KICHKI;HUANUCO;HUANUCO;CREACION DE LOS SERVICIOS DEL SISTEMA DE AGUA POTABLE Y SANEAMIENTO BASICO DE SAN ALEJANDRO DE CALLANCA, UNION PUENTE VERA, RODEO DE MARGO Y SAN JUAN DE TINGO, 4 LOCALIDADES DEL DISTRITO DE QUISQUI - PROVINCIA DE HUANUCO - DEPARTAMENTO DE HUANUCO;7257983.46;PEN;25;Licitación Pública;works;Alta competencia
1229319;20484004421;GOBIERNO REGIONAL DE PIURA SEDE CENTRAL;PIURA;PIURA;MEJORAMIENTO DEL CAMINO VECINAL PEDREGAL- VALLE DE LOS INCAS DE 0+000 AL 15+800 KM,  DISTRITO DE TAMBO GRANDE - PROVINCIA DE PIURA - DEPARTAMENTO DE PIURA;53500399.4;PEN;51;Licitación Pública;works;Alta competencia
1200458;20159316981;GOBIERNO REGIONAL DE CUSCO-INSTITUTO DE MANEJO DE AGUA Y MEDIO AMBIENTE( IMA);CUSCO;CUSCO;RECUPERACION DEL SERVICIO  ECOSISTEMICO DE REGULACIÓN HIDRICA EN LAS MICROCUENCAS DE TOCCOHUANCA, LLANCAMA, LLANQUEMAYO, TAUCABAMBA Y MISKAHUAYCCO DE LA CUENCA MEDIA DEL APURIMAC - EN LOS DISTRITOS DE PARURO, OMACHA, PILLPINTO Y CHINCHAYPUJIO EN LAS PROVINCIAS DE ANTA Y PARURO DEL  DEPARTAMENTO DE CUSCO;81340;PEN;12;Concurso Público Abreviado;services;Mediana competencia
1195942;20131369809;MUNICIPALIDAD DISTRITAL DE VENTANILLA;CALLAO;CALLAO;CREACION DEL SERVICIO DE ATENCIÓN Y PROMOCIÓN DE LAS FAMILIAS EN EL CENTRO DE DESARROLLO INTEGRAL UBICADO EN P. P. N. P. SECTOR B GRUPO RESIDENCIAL B1 MZ F'1 - ZONA OESTE,  DISTRITO DE VENTANILLA - PROVINCIA DE PROVINCIA CONSTITUCIONAL DEL CALLAO - DEPARTAMENTO DE CALLAO;10853365;PEN;11;Licitación Pública;works;Mediana competencia
1191877;20601765226;UNIDAD EJECUTORA 125 PROGRAMA NACIONAL DE INVERSIONES EN SALUD;LIMA;LIMA;MEJORAMIENTO DE LOS SERVICIOS DE SALUD DEL HOSPITAL DE ESPINAR, DISTRITO Y PROVINCIA DE ESPINAR, DEPARTAMENTO DE CUSCO;132978008.9;PEN;1;Contratación Directa;works;Baja competencia
1192489;20479393568;UNIVERSIDAD NACIONAL TORIBIO RODRIGUEZ DE MENDOZA DE AMAZONAS;AMAZONAS;CHACHAPOYAS;MEJORAMIENTO DEL SERVICIO DE GESTIÓN INSTITUCIONAL EN EDUCACIÓN SUPERIOR UNIVERSITARIA EN BIBLIOTECA CENTRAL Y BIBLIOTECAS FILIALES DE LA UNTRM -   DISTRITO DE CHACHAPOYAS DE LA PROVINCIA DE CHACHAPOYAS DEL DEPARTAMENTO DE AMAZONAS;486000;PEN;32;Concurso Público de Servicios;services;Alta competencia
1199611;20141418557;MUNICIPALIDAD PROVINCIAL DE HUACHO - HUAURA;LIMA;HUAURA;MEJORAMIENTO DEL SERVICIO DE MOVILIDAD URBANA EN PJE 1, 2, 3, 4, 5 Y LAS PALMERAS   DISTRITO DE SANTA MARIA DE LA PROVINCIA DE HUAURA DEL DEPARTAMENTO DE LIMA;901684.23;PEN;21;Licitación Pública Abreviada;works;Alta competencia
1192325;20519752515;GOBIERNO REGIONAL DE TACNA SEDE CENTRAL;TACNA;TACNA;CREACIÓN DE LOS SERVICIOS TURÍSTICOS EN LA RUTA TURÍSTICA CANDARAVE - YUCAMANI - VALLE DE GEISERS EN EL DISTRITO DE CANDARAVE, PROVINCIA DE CANDARAVE - TACNA;70000;PEN;16;Concurso Público Abreviado;services;Mediana competencia
1193993;20519752515;GOBIERNO REGIONAL DE TACNA SEDE CENTRAL;TACNA;TACNA;MEJORAMIENTO DEL SERVICIO EDUCATIVO DEL NIVEL INICIAL, PRIMARIO Y SECUNDARIA DE LA I.E. GUILLERMO AUZA ARCE EN EL  DISTRITO DE ALTO DE LA ALIANZA - PROVINCIA DE TACNA - DEPARTAMENTO DE TACNA;459096.34;PEN;26;Licitación Pública Abreviada;goods;Alta competencia
1198587;20148092282;UNIVERSIDAD NACIONAL MAYOR DE SAN MARCOS;LIMA;LIMA;AMPLIACION, REMODELACION E IMPLEMENTACION DE LA EAP ING. GEOGRAFICA;3835692.61;PEN;27;Licitación Pública Abreviada;works;Alta competencia
1196838;20146501487;MUNICIPALIDAD DISTRITAL DE MOROCOCHA;JUNIN;YAULI;MEJORAMIENTO Y AMPLIACION DEL SERVICIO DE TRÁNSITO PEATONAL INTERURBANO O RURAL EN 08 PUENTES PEATONALES EN EL RIO PUCARA Y PUI PUI   DISTRITO DE MOROCOCHA DE LA PROVINCIA DE YAULI DEL DEPARTAMENTO DE JUNIN;1408524.55;PEN;10;Licitación Pública Abreviada;works;Mediana competencia
1197173;20530688390;GOBIERNO REGIONAL DE LIMA SEDE CENTRAL;LIMA;HUAURA;MEJORAMIENTO DEL SERVICIO DE TRANSITABILIDAD VEHICULAR Y PEATONAL DE LAS CALLES INTERNAS SECTOR VILLA UNIÓN Y SECTOR EL BOSQUE  DE LA ZONA 7 ANEXO 08 DEL DISTRITO DE SAN ANTONIO - PROVINCIA DE HUAROCHIRI - DEPARTAMENTO DE LIMA;13443760.1;PEN;56;Licitación Pública;works;Alta competencia
1206446;20202190503;MUNICIPALIDAD DISTRITAL DE LIMBANI;PUNO;SANDIA;MEJORAMIENTO DEL SERVICIO DE MOVILIDAD URBANA EN LAS VÍAS LOCALES DE LA LOCALIDAD DE LIMBANI   DISTRITO DE LIMBANI DE LA PROVINCIA DE SANDIA DEL DEPARTAMENTO DE PUNO;353248.87;PEN;25;Concurso Público Abreviado;services;Alta competencia
1198483;20159515240;MUNICIPALIDAD DISTRITAL DE CERRO COLORADO;AREQUIPA;AREQUIPA;"CONSTRUCCION DE COBERTURA DE INSTALACIONES DEPORTIVAS Y AMBIENTE DE RECREACION ACTIVA; REPARACION DE LOSA DEPORTIVA; REMODELACION DE CERCO PERIMETRICO; ADEMÁS DE OTROS ACTIVOS EN EL(LA) PARQUE COLON DEL CENTRO POBLADO SEMI RURAL PACHACUTEC GRUPO ZONAL 12 ZONA B LT 1 MZ 42 SECTOR 82  DISTRITO DE CERRO COLORADO, PROVINCIA AREQUIPA, DEPARTAMENTO AREQUIPA,CONSTRUCCION DE COBERTURA DE INSTALACIONES DEPORTIVAS; REMODELACION DE AMBIENTE DE RECREACION ACTIVA; RENOVACION DE LOSA DEPORTIVA Y LUMINARIA; EN EL(LA) PARQUE DEL CENTRO POBLADO SEMIRURAL PACHACUTEC GRUPO ZONAL N° 12 ZONA C SECTOR 82 MZ 36 LOT 01  DISTRITO DE CERRO COLORADO, PROVINCIA AREQUIPA, DEPARTAMENTO AREQUIPA,CONSTRUCCION DE COBERTURA DE INSTALACIONES DEPORTIVAS Y AMBIENTE DE RECREACION ACTIVA; REMODELACION DE LOSA DEPORTIVA Y CERCO PERIMETRICO; ADEMÁS DE OTROS ACTIVOS EN EL(LA) PARQUE BELAUNDE TERRY EN SEMIRURAL PACHACUTEC  DISTRITO DE CERRO COLORADO, PROVINCIA AREQUIPA, DEPARTAMENTO AREQUIPA";4820607.6;PEN;19;Licitación Pública Abreviada;works;Mediana competencia
1194222;20205028600;MUNICIPALIDAD DISTRITAL DE COYLLURQUI;APURIMAC;COTABAMBAS;MEJORAMIENTO DEL SERVICIO DE ATENCIÓN DE SALUD BÁSICOS EN VILCARO ,    DISTRITO DE COYLLURQUI DE LA PROVINCIA DE COTABAMBAS DEL DEPARTAMENTO DE APURIMAC;7413098.37;PEN;13;Licitación Pública Abreviada;works;Mediana competencia
1197685;20527147612;GOBIERNO REGIONAL DE CUSCO SEDE CENTRAL;CUSCO;CUSCO;MEJORAMIENTO Y AMPLIACION DEL SISTEMA DE AGUA POTABLE Y DESAGUE  EN EL CENTRO POBLADO DE HUARO, DISTRITO DE HUARO, PROVINCIA DE QUISPICANCHI - CUSCO;464165;PEN;9;Subasta Inversa Electrónica;goods;Baja competencia
1195809;20140266575;GOBIERNO REGIONAL DE CUSCO - PROYECTO ESPECIAL PLAN MERISS INKA;CUSCO;CUSCO;MEJORAMIENTO Y AMPLIACION SISTEMA DE RIEGO UYUCANI Y HUALLO DEL DISTRITO DE MARANGANI - PROVINCIA DE CANCHIS - DEPARTAMENTO DE CUSCO;113775;PEN;8;Subasta Inversa Electrónica;goods;Baja competencia
1199347;20487671097;GOBIERNO REGIONAL DE AMAZONAS  - DIRECCION DE RED DE SALUD CONDORCANQUI;AMAZONAS;CONDORCANQUI;"RENOVACION DE AMBIENTE COMPLEMENTARIO; EN EL(LA) DIRECCION DE LA RED DE SALUD CONDORCANQUI  DISTRITO DE NIEVA, PROVINCIA CONDORCANQUI, DEPARTAMENTO AMAZONAS";808494.03;PEN;5;Licitación Pública Abreviada;works;Baja competencia
1193147;20527143200;GOBIERNO REGIONAL DE MADRE DE DIOS SEDE CENTRAL;MADRE DE DIOS;TAMBOPATA;MEJORAMIENTO Y AMPLIACION DE LOS SERVICIOS DE EDUCACION PRIMARIA DE LA I.E. N° 52181 SEÑOR DE LOS MILAGROS DEL AA.HH. SEÑOR DE LOS MILAGROS, DISTRITO DE TAMBOPATA - PROVINCIA DE TAMBOPATA - REGIÓN MADRE DE DIOS;141088.75;PEN;29;Licitación Pública Abreviada;goods;Alta competencia
1237488;20143625843;MUNICIPALIDAD PROVINCIAL DE SAN MIGUEL;CAJAMARCA;SAN MIGUEL;CREACION DEL SERVICIO DE PRÁCTICA DEPORTIVA Y/O RECREATIVA EN SAN SILVESTRES DE COCHAN   DISTRITO DE SAN SILVESTRE DE COCHAN DE LA PROVINCIA DE SAN MIGUEL DEL DEPARTAMENTO DE CAJAMARCA;1143003.87;PEN;16;Licitación Pública Abreviada;works;Mediana competencia
1192148;20202190503;MUNICIPALIDAD DISTRITAL DE LIMBANI;PUNO;SANDIA;MEJORAMIENTO DEL SERVICIO DE MOVILIDAD URBANA EN LAS VÍAS LOCALES DE LA LOCALIDAD DE LIMBANI   DISTRITO DE LIMBANI DE LA PROVINCIA DE SANDIA DEL DEPARTAMENTO DE PUNO;6422706.81;PEN;14;Licitación Pública;works;Mediana competencia
1196120;20220499767;MUNICIPALIDAD PROVINCIAL DE CHOTA;CAJAMARCA;CHOTA;CREACION DEL SERVICIO DE PRÁCTICA DEPORTIVA Y/O RECREATIVA EN LA LOCALIDAD DE UNSHALOMA,   DISTRITO DE CHIGUIRIP DE LA PROVINCIA DE CHOTA DEL DEPARTAMENTO DE CAJAMARCA;729604.37;PEN;18;Licitación Pública Abreviada;works;Mediana competencia
1193743;20393066386;GOBIERNO REGIONAL DE UCAYALI SEDE CENTRAL;UCAYALI;CORONEL PORTILLO;MEJORAMIENTO DE LOS SERVICIOS  EDUCATIVOS EN LA I.E.I. N° 241 ANGELITOS DE DIOS,  DISTRITO DE CALLERIA - PROVINCIA DE CORONEL PORTILLO - DEPARTAMENTO DE UCAYALI;814655.54;PEN;29;Concurso Público para Consultoría;services;Alta competencia
1191479;20205028600;MUNICIPALIDAD DISTRITAL DE COYLLURQUI;APURIMAC;COTABAMBAS;MEJORAMIENTO DE LA OFERTA DE SERVICIOS EDUCATIVOS DE LAS I.E DE LAS INICIALES N° 1007 YURAC RUMI EN LA CP ÑAHUINLLA, N° 860 HUANNCUIRE EN LA CC DE HUANCUIRE Y N° 1006 TOTORA EN LA CC DE HUANCUIRE  DISTRITO DE COYLLURQUI - PROVINCIA DE COTABAMBAS - DEPARTAMENTO DE APURIMAC;118000;PEN;46;Concurso Público Abreviado;services;Alta competencia
1197284;20160852195;MUNICIPALIDAD DISTRITAL DE CERRO AZUL;LIMA;CAÑETE;MEJORAMIENTO DEL SERVICIO DE PRÁCTICA DEPORTIVA Y/O RECREATIVA EN EL COMPLEJO DEPORTIVO JOSE PAIN CILICH   DISTRITO DE CERRO AZUL DE LA PROVINCIA DE CAÑETE DEL DEPARTAMENTO DE LIMA;1878128.33;PEN;13;Licitación Pública Abreviada;works;Mediana competencia
1191705;20171719179;MUNICIPALIDAD DISTRITAL DE CHILCA - CANETE;LIMA;CAÑETE;CREACION DEL SERVICIO DE AGUA POTABLE URBANO Y CREACION DEL SERVICIO DE ALCANTARILLADO EN SISTEMA DE AGUA POTABLE Y ALCANTARILLADO SANITARIO EN ASOCIACION SAN PEDRO   DISTRITO DE CHILCA DE LA PROVINCIA DE CAÑETE DEL DEPARTAMENTO DE LIMA;1056374.33;PEN;26;Licitación Pública Abreviada;works;Alta competencia
1226897;20491321661;GOBIERNO REGIONAL DE LIMA-UNIDAD EJECUTORA LIMA SUR;LIMA;CAÑETE;MEJORAMIENTO DE LA PRESTACION DE SERVICIOS EDUCATIVOS DE LA INSTITUCION EDUCATIVA PUBLICA SANTA RITA DE CASSIA EN EL  DISTRITO DE SAN VICENTE DE CAÑETE - PROVINCIA DE CAÑETE - DEPARTAMENTO DE LIMA;2499125.8;PEN;83;Concurso Público para Consultoría;services;Alta competencia
1194524;20172255885;MUNICIPALIDAD DISTRITAL DE CACRA;LIMA;YAUYOS;MEJORAMIENTO DEL SERVICIO DE PROVISIÓN DE AGUA PARA RIEGO EN EL CANAL PAMPA QUERO - TUPINA   DISTRITO DE CACRA DE LA PROVINCIA DE YAUYOS DEL DEPARTAMENTO DE LIMA;10568172.65;PEN;8;Licitación Pública;works;Baja competencia
1195979;20368807916;GOBIERNO REGIONAL DE CAJAMARCA - GERENCIA SUB REGIONAL JAEN;CAJAMARCA;JAEN;MEJORAMIENTO Y AMPLIACION DEL SERVICIO DE TRANSITABILIDAD VIAL INTERURBANA EN EL PUENTE VEHICULAR SOBRE EL RÍO TABACONAS EN LA LOCALIDAD LA VEGA DEL PUENTE DEL   DISTRITO DE SAN JOSE DEL ALTO DE LA PROVINCIA DE JAEN DEL DEPARTAMENTO DE CAJAMARCA;10846753.43;PEN;27;Licitación Pública;works;Alta competencia
1193257;20146675124;MUNICIPALIDAD DISTRITAL DE COVIRIALI;JUNIN;SATIPO;CREACION DEL SERVICIO DE MOVILIDAD URBANA EN EL ÁREA URBANA DEL CENTRO POBLADO BELLAVISTA   DISTRITO DE COVIRIALI DE LA PROVINCIA DE SATIPO DEL DEPARTAMENTO DE JUNIN;7192975.14;PEN;31;Licitación Pública;works;Alta competencia
1199957;20159515240;MUNICIPALIDAD DISTRITAL DE CERRO COLORADO;AREQUIPA;AREQUIPA;MEJORAMIENTO DE LA INFRAESTRUCTURA VIAL INTEGRAL (VEREDAS, BERMAS Y PASAJE) EN EL CENTRO POBLADO SEMI RURAL PACHACUTEC, DISTRITO DE CERRO COLORADO - AREQUIPA - AREQUIPA;25894793.05;PEN;70;Licitación Pública;works;Alta competencia
1197989;20147346434;MUNICIPALIDAD PROVINCIAL DE ESPINAR;CUSCO;ESPINAR;MEJORAMIENTO DE LOS SERVICIOS DE APOYO AL DESARROLLO PRODUCTIVO EN LA CADENA PRODUCTIVA DE GRANOS ANDINOS DEL   DISTRITO DE ESPINAR DE LA PROVINCIA DE ESPINAR DEL DEPARTAMENTO DE CUSCO;97991.67;PEN;5;Comparación de Precios;goods;Baja competencia
1200853;20161350461;MUNICIPALIDAD PROVINCIAL DE AYABACA;PIURA;AYABACA;MEJORAMIENTO Y AMPLIACION DE LOS SERVICIOS DE AGUA POTABLE Y SANEAMIENTO RURAL EN LAS LOCALIDADES DE HUACHUMA, LAS PIRCAS, TABLAS, NARANJO DE TABLAS, LA CHITA Y TAMUS 6 LOCALIDADES DEL DISTRITO DE AYABACA - PROVINCIA DE AYABACA - DEPARTAMENTO DE PIURA;12882973.53;PEN;19;Licitación Pública;works;Mediana competencia
1196675;20166544000;MUNICIPALIDAD DISTRITAL DE SAN MARCOS;ANCASH;HUARI;MEJORAMIENTO DEL SERVICIO DE TRÁNSITO PEATONAL INTERURBANO O RURAL EN LOS CAMINOS DE HERRADURA EN EL CASERIO DE JATUN POTRERO DEL CENTRO POBLADO DE SANTA CRUZ DE MOSNA   DISTRITO DE SAN MARCOS DE LA PROVINCIA DE HUARI DEL DEPARTAMENTO DE ANCASH;6721187.11;PEN;20;Licitación Pública;works;Mediana competencia
1200498;20159316981;GOBIERNO REGIONAL DE CUSCO-INSTITUTO DE MANEJO DE AGUA Y MEDIO AMBIENTE( IMA);CUSCO;CUSCO;RECUPERACION DEL SERVICIO  ECOSISTEMICO DE REGULACIÓN HIDRICA EN LAS MICROCUENCAS DE TOCCOHUANCA, LLANCAMA, LLANQUEMAYO, TAUCABAMBA Y MISKAHUAYCCO DE LA CUENCA MEDIA DEL APURIMAC - EN LOS DISTRITOS DE PARURO, OMACHA, PILLPINTO Y CHINCHAYPUJIO EN LAS PROVINCIAS DE ANTA Y PARURO DEL  DEPARTAMENTO DE CUSCO;107765;PEN;16;Concurso Público Abreviado;services;Mediana competencia
1194772;20205367994;MUNICIPALIDAD DISTRITAL DE CHUGAY;LA LIBERTAD;SANCHEZ CARRION;"CONSTRUCCION DE COBERTURA; EN EL(LA) I.E. 81726 EN EL CENTRO POBLADO EL OLIVO, DISTRITO DE CHUGAY, PROVINCIA SANCHEZ CARRION, DEPARTAMENTO LA LIBERTAD";293397;PEN;12;Licitación Pública Abreviada;works;Mediana competencia
1199497;20147706155;MUNICIPALIDAD DISTRITAL DE VISTA ALEGRE - NAZCA;ICA;NAZCA;MEJORAMIENTO DEL SERVICIO EDUCATIVO EN LA I.E. N 22693 JOSE OLAYA BALANDRA DEL DISTRITO DE VISTA ALEGRE, PROVINCIA DE NAZCA - ICA;1098122.5;PEN;31;Concurso Público para Consultoría;services;Alta competencia
1195864;20519610214;MUNICIPALIDAD DISTRITAL DE CORONEL GREGORIO ALBARRACIN LANCHIPA;TACNA;TACNA;MEJORAMIENTO Y AMPLIACION DEL SERVICIO DE PRÁCTICA DEPORTIVA Y/O RECREATIVA EN LA LOSA DEPORTIVA DE LA MZ. G LOTE 01 Y LA MZ. G LOTE 1A DE LA JUNTA VECINAL LOS CLAVELES DEL   DISTRITO DE CORONEL GREGORIO ALBARRACIN LANCHIPA DE LA PROVINCIA DE TACNA DEL DEPARTAMENTO DE TACNA;3294350.95;PEN;18;Licitación Pública Abreviada;works;Mediana competencia
1199287;20530688390;GOBIERNO REGIONAL DE LIMA SEDE CENTRAL;LIMA;HUAURA;MEJORAMIENTO DEL SERVICIO EDUCATIVO DE EDUCACION INICIAL EN LA I.E. Nº 088, DISTRITO DE HUANTAN - YAUYOS - LIMA;3728059.59;PEN;19;Licitación Pública Abreviada;works;Mediana competencia
1196719;20166544000;MUNICIPALIDAD DISTRITAL DE SAN MARCOS;ANCASH;HUARI;CREACION DEL SERVICIO DE PRÁCTICA DEPORTIVA Y/O RECREATIVA EN EL CAMPO DEPORTIVO DEL SECTOR DE ISHANCA DEL CENTRO POBLADO DE AYASH HUARIPAMPA   DISTRITO DE SAN MARCOS DE LA PROVINCIA DE HUARI DEL DEPARTAMENTO DE ANCASH;5347969.68;PEN;17;Licitación Pública;works;Mediana competencia
1201173;20154440373;MUNICIPALIDAD PROVINCIAL DE CAÑETE - SAN VICENTE DE CAÑETE;LIMA;CAÑETE;MEJORAMIENTO DEL SISTEMA DE AGUA POTABLE Y ALCANTARILLADO EN LA URB. SAN AGUSTIN DEL DISTRITO DE SAN VICENTE DE CAÑETE - PROVINCIA DE CAÑETE - DEPARTAMENTO DE LIMA;1924984.5;PEN;22;Licitación Pública Abreviada;works;Alta competencia
1197796;20165195290;MUNICIPALIDAD PROVINCIAL DE SAN ROMAN - JULIACA;PUNO;SAN ROMAN;MEJORAMIENTO DEL SERVICIO DE MOVILIDAD URBANA EN AV. CIRCUNVALACION I TRAMO OVALO SALIDA CUSCO - PARQUE DEL TRICICLISTA   DISTRITO DE JULIACA DE LA PROVINCIA DE SAN ROMAN DEL DEPARTAMENTO DE PUNO;266983.5;PEN;20;Licitación Pública Abreviada;goods;Mediana competencia
1199923;20174821497;MUNICIPALIDAD DISTRITAL DE CURICACA;JUNIN;JAUJA;MEJORAMIENTO Y AMPLIACIÓN DEL SERVICIO DE AGUA POTABLE Y SANEAMIENTO BÁSICO DE LOS BARRIOS DE YANACUMO, ASA, CONDORITO Y CUMPARCITO, DISTRITO DE CURICACA - JAUJA - JUNIN;4941617.11;PEN;6;Licitación Pública Abreviada;works;Baja competencia
1196903;20141784901;MUNICIPALIDAD PROVINCIAL DE CHICLAYO;LAMBAYEQUE;CHICLAYO;MEJORAMIENTO DEL SERVICIO DE MOVILIDAD URBANA EN LA AVENIDA JOSE QUIÑONES GONZALES DESDE LA CALLE VICENTE LA VEGA HASTA LA AVENIDA NICOLAS DE PIÉROLA   DISTRITO DE CHICLAYO DE LA PROVINCIA DE CHICLAYO DEL DEPARTAMENTO DE LAMBAYEQUE;249001.75;PEN;58;Concurso Público Abreviado;services;Alta competencia
1195785;20494642078;GOBIERNO REGIONAL DE AYACUCHO - PROGRAMA REGIONAL DE IRRIGACION Y DESARROLLO RURAL INTEGRADO;AYACUCHO;HUAMANGA;AMPLIACION DE LA PRESA ANCASCOCHA Y AFIANZAMIENTO DEL VALLE DE YAUCA (AYACUCHO Y AREQUIPA);154520;PEN;11;Licitación Pública Abreviada;goods;Mediana competencia
1198347;20154469941;MUNICIPALIDAD PROVINCIAL DE MARISCAL NIETO - MOQUEGUA;MOQUEGUA;MARISCAL NIETO;MEJORAMIENTO DEL SERVICIO DE ALCANTARILLADO EN LAS ASOCIACIONES APEMIPE, VILLA FRANCIA, PEDRO PAULET Y LEONCIO PRADO DEL CENTRO POBLADO CHEN CHEN,   DISTRITO DE MOQUEGUA DE LA PROVINCIA DE MARISCAL NIETO DEL DEPARTAMENTO DE MOQUEGUA;173825.03;PEN;9;Subasta Inversa Electrónica;goods;Baja competencia
1243503;20479569780;GOBIERNO REGIONAL DE LAMBAYEQUE SEDE CENTRAL;LAMBAYEQUE;CHICLAYO;MEJORAMIENTO DEL SERVICIO DE AGUA POTABLE URBANO Y MEJORAMIENTO DEL SERVICIO DE ALCANTARILLADO EN LA AV. MEXICO   DISTRITO DE JOSE LEONARDO ORTIZ DE LA PROVINCIA DE CHICLAYO DEL DEPARTAMENTO DE LAMBAYEQUE;621457.38;PEN;108;Concurso Público para Consultoría;services;Alta competencia
1201400;20527143200;GOBIERNO REGIONAL DE MADRE DE DIOS SEDE CENTRAL;MADRE DE DIOS;TAMBOPATA;MEJORAMIENTO DEL SERVICIO EDUCATIVO DE LOS NIVELES PRIMARIA Y SECUNDARIA EN LA I.E.B.R. ENAWIPA, DE LA COMUNIDAD NATIVA PALMA REAL DEL DISTRITO DE TAMBOPATA - PROVINCIA DE TAMBOPATA - DEPARTAMENTO DE MADRE DE DIOS;1055320;PEN;6;Licitación Pública Abreviada;goods;Baja competencia
1196993;20312108284;MUNICIPALIDAD DISTRITAL DE JOSE LUIS BUSTAMANTE Y RIVERO;AREQUIPA;AREQUIPA;MEJORAMIENTO DEL SERVICIO DE MOVILIDAD URBANA EN LAS VIAS LOCALES DE LA CALLE N°1 EN LA URB. LOS BALCONES Y MERCADO MAYORISTA MERSUR DE PLATAFORMA ANDRES AVELINO CACERES   DISTRITO DE JOSE LUIS BUSTAMANTE Y RIVERO DE LA PROVINCIA DE AREQUIPA DEL DEPARTAMENTO DE AREQUIPA;886060.84;PEN;18;Licitación Pública Abreviada;works;Mediana competencia
1197076;20166544000;MUNICIPALIDAD DISTRITAL DE SAN MARCOS;ANCASH;HUARI;CREACION  SERVICIOS OPERATIVOS O MISIONALES INSTITUCIONALES EN EL LOCAL COMUNAL MULTIUSO EN EL CASERIO DE JATUN CANCHA  DE CENTRO POBLADO CHALLHUAYACO DISTRITO DE SAN MARCOS DE LA PROVINCIA DE HUARI DEL DEPARTAMENTO DE ANCASH;376355.1;PEN;13;Concurso Público Abreviado;services;Mediana competencia
1193200;20154470108;MUNICIPALIDAD DISTRITAL DE SAMEGUA;MOQUEGUA;MARISCAL NIETO;MEJORAMIENTO DEL SERVICIO DE TRANSITABILIDAD VEHICULAR Y PEATONAL EN LAS ASOCIACIONES DE VIVIENDA SAN MARTIN DE PORRES, LOS CIPRECES Y MINISTERIO DE TRANSPORTES DE LA JUNTA VECINAL CERRILLOS SANTA FORTUNATA DEL  DISTRITO DE SAMEGUA - PROVINCIA DE MARISCAL NIETO - DEPARTAMENTO DE MOQUEGUA;258354;PEN;7;Subasta Inversa Electrónica;goods;Baja competencia
1199906;20217254125;MUNICIPALIDAD DISTRITAL DE SAN ANTONIO - HUAROCHIRI;LIMA;HUAROCHIRI;CREACION DEL SERVICIO DE MOVILIDAD URBANA EN LA AV. JUNIN SECTOR LA RINCONADA VILLA SOL ANEXO 22 DEL   DISTRITO DE SAN ANTONIO DE LA PROVINCIA DE HUAROCHIRI DEL DEPARTAMENTO DE LIMA;5737447.88;PEN;18;Licitación Pública;works;Mediana competencia
1212529;20195499765;MUNICIPALIDAD DISTRITAL DE OCONGATE;CUSCO;QUISPICANCHI;MEJORAMIENTO DE LOS SERVICIOS DE APOYO AL DESARROLLO PRODUCTIVO EN EL PROCESO DE PRODUCCIÓN, TRANSFORMACIÓN Y COMERCIALIZACIÓN DE FIBRA, PIEL Y CARNE DE ALPACA EN LAS COMUNIDADES CAMPESINAS DEL   DISTRITO DE OCONGATE DE LA PROVINCIA DE QUISPICANCHI DEL DEPARTAMENTO DE CUSCO;112000;PEN;37;Licitación Pública Abreviada;goods;Alta competencia
1192451;20190345344;MUNICIPALIDAD PROVINCIAL DE TAYACAJA - PAMPAS;HUANCAVELICA;TAYACAJA;MEJORAMIENTO DEL SERVICIO DE EDUCACION INICIAL N°206 DIVINO NIÑO JESUS  DISTRITO DE COLCABAMBA - PROVINCIA DE TAYACAJA - DEPARTAMENTO DE HUANCAVELICA;4597786.55;PEN;4;Licitación Pública Abreviada;works;Baja competencia
1192541;20204176681;MUNICIPALIDAD DISTRITAL DE USICAYOS;PUNO;CARABAYA;CREACION DEL SERVICIO DE PRÁCTICA DEPORTIVA Y/O RECREATIVA EN COMPLEJO DEPORTIVO DE USICAYOS EN LA LOCALIDAD DE USICAYOS DEL   DISTRITO DE USICAYOS DE LA PROVINCIA DE CARABAYA DEL DEPARTAMENTO DE PUNO;3101933.7;PEN;6;Licitación Pública Abreviada;works;Baja competencia
1193706;20159308961;MUNICIPALIDAD DISTRITAL DE SAN SEBASTIAN;CUSCO;CUSCO;MEJORAMIENTO DEL SERVICIO DE MOVILIDAD URBANA EN LA APV MIRADOR SANTA ROSA   DISTRITO DE SAN SEBASTIAN DE LA PROVINCIA DE CUSCO DEL DEPARTAMENTO DE CUSCO;113336;PEN;15;Subasta Inversa Electrónica;goods;Mediana competencia
1199026;20406325815;GOBIERNO REGIONAL DE PUNO SEDE CENTRAL;PUNO;PUNO;MEJORAMIENTO DEL SERVICIO DE TRANSITABILIDAD VIAL INTERURBANA EN EL CAMINO VECINAL DEL KM=0+000 (DESVIO PUENTE OCRA CHUPA)  AL KM= 6+373 (C.P. PEDRO VILCAPAZA DE MORORCCO),   DISTRITO DE MUÑANI DE LA PROVINCIA DE AZANGARO DEL DEPARTAMENTO DE PUNO;125847.5;PEN;24;Concurso Público Abreviado;services;Alta competencia
1197588;20172752323;MUNICIPALIDAD DISTRITAL DE SICAYA;JUNIN;HUANCAYO;MEJORAMIENTO DEL SERVICIO DE TRANSITABILIDAD VEHICULAR Y PEATONAL DE LAS CALLES TOMAS GUTARRA, BALCONCILLO, ABELARDO NAPAICO Y NESTOR SIGUAY  DISTRITO DE SICAYA - PROVINCIA DE HUANCAYO - DEPARTAMENTO DE JUNIN;1394851.97;PEN;11;Licitación Pública Abreviada;works;Mediana competencia
1198727;20504743307;MINISTERIO DE VIVIENDA, CONSTRUCCIÓN Y SANEAMIENTO - ADMINISTRACIÓN GENERAL;LIMA;LIMA;MEJORAMIENTO SERVICIOS PRESTADOS A LOS USUARIOS DEL MINISTERIO DE VIVIENDA CONSTRUCCIÓN Y SANEAMIENTO SAN ISIDRO DEL DISTRITO DE SAN ISIDRO - PROVINCIA DE LIMA - DEPARTAMENTO DE LIMA;2746335.19;PEN;37;Concurso Público para Consultoría;services;Alta competencia
1222234;20601765226;UNIDAD EJECUTORA 125 PROGRAMA NACIONAL DE INVERSIONES EN SALUD;LIMA;LIMA;MEJORAMIENTO DE LA CAPACIDAD RESOLUTIVA DE LOS SERVICIOS DE SALUD DEL CENTRO DE SALUD FERNANDO CARBAJAL SEGURA ¿ EL BOSQUE  DISTRITO DE LA VICTORIA - PROVINCIA DE CHICLAYO - DEPARTAMENTO DE LAMBAYEQUE;1679243.35;PEN;110;Concurso Público para Consultoría;services;Alta competencia
1196276;20406325815;GOBIERNO REGIONAL DE PUNO SEDE CENTRAL;PUNO;PUNO;MEJORAMIENTO Y AMPLIACION DEL SERVICIO DE EDUCACIÓN SUPERIOR TECNOLÓGICA EN EL INSTITUTO SUPERIOR TECNOLÓGICO PUBLICO DE MACUSANI  DISTRITO DE MACUSANI - PROVINCIA DE CARABAYA - DEPARTAMENTO DE PUNO;176727.5;PEN;49;Licitación Pública Abreviada;goods;Alta competencia
1201059;20489250731;GOBIERNO REGIONAL DE HUANUCO SEDE CENTRAL;HUANUCO;HUANUCO;CONSTRUCCION DEL SISTEMA DE AGUA POTABLE EN LOS SECTORES DE MILANO, LOS OLIVOS, CAIMITO, LA LOMA, ALTO MARONA, PUCAYACU, INCA HUASI, JORGE BASADRE Y ALCANTARILLADO SANITARIO EN EL SECTOR DE PUCAYACU., PROVINCIA DE LEONCIO PRADO - HUANUCO;190000;PEN;9;Concurso Público Abreviado;services;Baja competencia
1199555;20116067847;MUNICIPALIDAD PROVINCIAL DE LORETO - NAUTA;LORETO;LORETO;MEJORAMIENTO DEL SERVICIO DE MOVILIDAD URBANA EN EL A.H. SACHACHORRO   DISTRITO DE NAUTA DE LA PROVINCIA DE LORETO DEL DEPARTAMENTO DE LORETO;12257283.39;PEN;14;Licitación Pública;works;Mediana competencia
1199089;20143157301;MUNICIPALIDAD DISTRITAL DE AYAHUANCO;AYACUCHO;HUANTA;MEJORAMIENTO DEL SERVICIO DE PROVISIÓN DE AGUA PARA RIEGO EN EL SISTEMA DE RIEGO DE LUCMACUCHO - SECTOR LUCMACUCHO,   DISTRITO DE AYAHUANCO DE LA PROVINCIA DE HUANTA DEL DEPARTAMENTO DE AYACUCHO;89206;PEN;7;Subasta Inversa Electrónica;goods;Baja competencia
1193233;20527141762;GOBIERNO REGIONAL DE APURIMAC SEDE CENTRAL;APURIMAC;ABANCAY;MEJORAMIENTO Y AMPLIACION DEL SERVICIO DE AGUA DE RIEGO EN LAS COMUNIDADES DE CHULLCUISA, SANTA ROSA, CUPISA, CHAMPACCOCHA, ANCATIRA, CHOCCECANCHA Y ARGAMA ALTA, DISTRITOS DE SAN JERONIMO Y PACUCHA, PROVINCIA DE ANDAHUAYLAS - APURIMAC;1392270;PEN;15;Subasta Inversa Electrónica;goods;Mediana competencia
1198929;20527147612;GOBIERNO REGIONAL DE CUSCO SEDE CENTRAL;CUSCO;CUSCO;CREACION DE LOS SERVICIOS DE TRANSITABILIDAD VEHICULAR RUTA CU-104 TRAMO PUENTE TAHUIS Y SAN ANTONIO DEL DISTRITO DE YANATILE - PROVINCIA DE CALCA - DEPARTAMENTO DE CUSCO;109266.67;PEN;6;Concurso Público Abreviado;services;Baja competencia
1195465;20406325815;GOBIERNO REGIONAL DE PUNO SEDE CENTRAL;PUNO;PUNO;MEJORAMIENTO DEL ESTADIO MUNICIPAL CESAR RAUL CARRERA DEL DISTRITO DE AZANGARO, PROVINCIA DE AZANGARO - PUNO;1482587.25;PEN;25;Licitación Pública;goods;Alta competencia
1200827;20402597918;GOBIERNO REGIONAL DE JUNIN-AGRICULTURA;JUNIN;HUANCAYO;MEJORAMIENTO DEL SERVICIO DE PROVISIÓN DE AGUA PARA RIEGO EN COMITÉ DE RIEGO COPCA   DISTRITO DE AHUAC DE LA PROVINCIA DE CHUPACA DEL DEPARTAMENTO DE JUNIN;4713303.12;PEN;8;Licitación Pública Abreviada;works;Baja competencia
1194952;20223022210;MUNICIPALIDAD DISTRITAL DE UCO;ANCASH;HUARI;CREACION DE LA REPRESA DE AGUA PARA RIEGO DEL SECTOR PUMAGAN DEL DISTRITO DE UCO - PROVINCIA DE HUARI - DEPARTAMENTO DE ANCASH;652079.03;PEN;15;Licitación Pública Abreviada;works;Mediana competencia
1197059;20207890261;MUNICIPALIDAD DISTRITAL DE PAIJAN;LA LIBERTAD;ASCOPE;"CONSTRUCCION DE COBERTURA DE INSTALACIONES DEPORTIVAS; EN EL(LA) COLISEO ""MANUEL NIETO GARCIA"" DEL CENTRO POBLADO NUEVA ARENITA,  DISTRITO DE PAIJAN, PROVINCIA ASCOPE, DEPARTAMENTO LA LIBERTAD";482559.78;PEN;13;Licitación Pública Abreviada;works;Mediana competencia
1196329;20226962892;MUNICIPALIDAD PROVINCIAL DE PATAZ - TAYABAMBA;LA LIBERTAD;PATAZ;MEJORAMIENTO DEL SERVICIO DE EDUCACION PRIMARIA EN I.E. 80964   DISTRITO DE TAYABAMBA DE LA PROVINCIA DE PATAZ DEL DEPARTAMENTO DE LA LIBERTAD;1369081.82;PEN;9;Licitación Pública Abreviada;works;Baja competencia
1203816;20498390570;GOBIERNO REGIONAL DE AREQUIPA Sede Central;AREQUIPA;AREQUIPA;MEJORAMIENTO DE LOS SERVICIOS DE SALUD DEL ESTABLECIMIENTO DE SALUD COTAHUASI, DISTRITO COTAHUASI, PROVINCIA LA UNIÓN, REGIÓN AREQUIPA;13845755.63;PEN;27;Licitación Pública Abreviada - Ley N°31589;works;Alta competencia
1195090;20147797100;MUNICIPALIDAD PROVINCIAL DE TACNA;TACNA;TACNA;CREACION DE LOS  SERVICIOS DE AGUA POTABLE Y ALCANTARILLADO  EN LAS ASOCIACIONES DE VIVIENDA DE LA AMPLIACIÓN DE VIÑANI SECTOR 3 Y 4 DEL DISTRITO DE CORONEL GREGORIO ALBARRACIN LANCHIPA - PROVINCIA DE TACNA - DEPARTAMENTO DE TACNA;6746198.48;PEN;1;Contratación Directa;works;Baja competencia
1194559;20189848570;MUNICIPALIDAD DISTRITAL DE KUNTURKANKI;CUSCO;CANAS;MEJORAMIENTO DE LOS SERVICIOS DE APOYO AL DESARROLLO PRODUCTIVO EN GANADO VACUNO EN LAS COMUNIDADES DEL   DISTRITO DE KUNTURKANKI DE LA PROVINCIA DE CANAS DEL DEPARTAMENTO DE CUSCO;82900;PEN;3;Comparación de Precios;goods;Baja competencia
1198115;20479569780;GOBIERNO REGIONAL DE LAMBAYEQUE SEDE CENTRAL;LAMBAYEQUE;CHICLAYO;"CONSTRUCCION DE COBERTURA, CERCO PERIMETRICO, SERVICIOS HIGIENICOS Y/O VESTIDORES Y PORTICO; ADEMÁS DE OTROS ACTIVOS EN EL(LA) RECURSO TURISTICO SANTO TORIBIO DE MOGROVEJO,  DISTRITO DE SAÑA, PROVINCIA CHICLAYO, DEPARTAMENTO LAMBAYEQUE";124001.02;PEN;25;Concurso Público Abreviado;services;Alta competencia
1197967;20527147612;GOBIERNO REGIONAL DE CUSCO SEDE CENTRAL;CUSCO;CUSCO;MEJORAMIENTO  Y AMPLIACION DE LA OFERTA  DE SERVICIOS EDUCATIVOS DE LA I.E. INTEGRADA DE NIVEL INICIAL Y PRIMARIA DE LA LOCALIDAD DE ERAPATA, DISTRITO DE INKAWASI - LA CONVENCION - CUSCO;553541;PEN;13;Subasta Inversa Electrónica;goods;Mediana competencia
1200663;20519752515;GOBIERNO REGIONAL DE TACNA SEDE CENTRAL;TACNA;TACNA;MEJORAMIENTO DEL SERVICIO EDUCATIVO DEL NIVEL INICIAL, PRIMARIO Y SECUNDARIA DE LA I.E. GUILLERMO AUZA ARCE EN EL  DISTRITO DE ALTO DE LA ALIANZA - PROVINCIA DE TACNA - DEPARTAMENTO DE TACNA;96120.83;PEN;62;Licitación Pública Abreviada;goods;Alta competencia
1199842;20154470108;MUNICIPALIDAD DISTRITAL DE SAMEGUA;MOQUEGUA;MARISCAL NIETO;MEJORAMIENTO DEL SERVICIO EDUCATIVO DE LA I.E. JUAN BAUTISTA SCARSI VALDIVIA  DISTRITO DE SAMEGUA - PROVINCIA DE MARISCAL NIETO - DEPARTAMENTO DE MOQUEGUA;490000;PEN;1;Contratación Directa;services;Baja competencia
1195485;20195499765;MUNICIPALIDAD DISTRITAL DE OCONGATE;CUSCO;QUISPICANCHI;MEJORAMIENTO DE LOS SERVICIOS DE APOYO AL DESARROLLO PRODUCTIVO EN EL PROCESO DE PRODUCCIÓN, TRANSFORMACIÓN Y COMERCIALIZACIÓN DE FIBRA, PIEL Y CARNE DE ALPACA EN LAS COMUNIDADES CAMPESINAS DEL   DISTRITO DE OCONGATE DE LA PROVINCIA DE QUISPICANCHI DEL DEPARTAMENTO DE CUSCO;256100;PEN;25;Licitación Pública Abreviada;goods;Alta competencia
1219955;20414868216;PROGRAMA SUBSECTORIAL DE IRRIGACIONES - PSI;LIMA;LIMA;MEJORAMIENTO DEL SERVICIO DE PROVISION DE AGUA PARA RIEGO DEL SISTEMA DE RIEGO PARCELARIO DEL GRUPO DE GESTION EMPRESARIAL KERGUER, EN LA LOCALIDAD DE KERGUER DEL DISTRITO DE SALAS - PROVINCIA DE LAMBAYEQUE - DEPARTAMENTO DE LAMBAYEQUE;24000;PEN;1;Convenio;services;Baja competencia
1201758;20205028600;MUNICIPALIDAD DISTRITAL DE COYLLURQUI;APURIMAC;COTABAMBAS;CREACION DEL SERVICIO DE PRÁCTICA DEPORTIVA Y/O RECREATIVA EN LA COMUNIDAD DE PATAHUASI   DISTRITO DE COYLLURQUI DE LA PROVINCIA DE COTABAMBAS DEL DEPARTAMENTO DE APURIMAC;407678;PEN;33;Concurso Público Abreviado;services;Alta competencia
1198051;20406325815;GOBIERNO REGIONAL DE PUNO SEDE CENTRAL;PUNO;PUNO;MEJORAMIENTO DEL ESTADIO MUNICIPAL CESAR RAUL CARRERA DEL DISTRITO DE AZANGARO, PROVINCIA DE AZANGARO - PUNO;78500;PEN;23;Licitación Pública Abreviada;goods;Alta competencia
1209282;20172494952;MUNICIPALIDAD DISTRITAL DE CHAMACA;CUSCO;CHUMBIVILCAS;MEJORAMIENTO Y AMPLIACION EL SERVICIO DE AGUA POTABLE Y DISPOSICION DE EXCRETAS EN EL SECTOR DE URAY INGATA DE LA COMUNIDAD DE INGATA DEL  DISTRITO DE CHAMACA - PROVINCIA DE CHUMBIVILCAS - DEPARTAMENTO DE CUSCO;75750;PEN;8;Subasta Inversa Electrónica;goods;Baja competencia
1197126;20159981216;PODER JUDICIAL;LIMA;LIMA;MEJORAMIENTO DE LA CAPACIDAD OPERATIVA DE LA CORTE SUPERIOR DE JUSTICIA DE HUANUCO PARA LA GESTION DE SERVICIO DE JUSTICIA E IMPLEMENTACION DEL NUEVO CODIGO PROCESAL PENAL EN EL DISTRITO JUDICIAL DE HUANUCO-REGION HUANUCO;993815.8;PEN;22;Licitación Pública;goods;Alta competencia
1219587;20414868216;PROGRAMA SUBSECTORIAL DE IRRIGACIONES - PSI;LIMA;LIMA;MEJORAMIENTO DEL SERVICIO DE AGUA A NIVEL PARCELARIO CON UN SISTEMA DE RIEGO TECNIFICADO POR MULTICOMPUERTAS PARA EL GRUPO DE GESTION EMPRESARIAL YOCARA DEL DISTRITO DE JULIACA - PROVINCIA DE SAN ROMAN - DEPARTAMENTO DE PUNO;24000;PEN;1;Convenio;services;Baja competencia
1199721;20194735384;MUNICIPALIDAD PROVINCIAL DE JORGE BASADRE - LOCUMBA;TACNA;JORGE BASADRE;"CONSTRUCCION DE PARADERO URBANO; EN EL(LA) ALTO CAMIARA Y PAMPA SITANA  DISTRITO DE LOCUMBA, PROVINCIA JORGE BASADRE, DEPARTAMENTO TACNA";1283825.07;PEN;18;Licitación Pública Abreviada;works;Mediana competencia
1200464;20484004421;GOBIERNO REGIONAL DE PIURA SEDE CENTRAL;PIURA;PIURA;MEJORAMIENTO DEL SERVICIO DE TRANSITABILIDAD VEHICULAR DEL CAMINO VECINAL RUTA N° PI 582, TRAMO : C.P. CRUCETA - C.P. SAN FRANCISCO, DISTRITO TAMBOGRANDE - PROVINCIA Y DEPARTAMENTO  PIURA;2471612.67;PEN;49;Concurso Público para Consultoría;services;Alta competencia
1219928;20414868216;PROGRAMA SUBSECTORIAL DE IRRIGACIONES - PSI;LIMA;LIMA;MEJORAMIENTO DEL SERVICIO DE PROVISION DE AGUA PARA RIEGO DEL SISTEMA DE RIEGO PARCELARIO DEL GRUPO DE GESTION EMPRESARIAL KERGUER, EN LA LOCALIDAD DE KERGUER DEL DISTRITO DE SALAS - PROVINCIA DE LAMBAYEQUE - DEPARTAMENTO DE LAMBAYEQUE;24000;PEN;1;Convenio;services;Baja competencia
1224119;20172618864;MUNICIPALIDAD DISTRITAL DE CASTILLA;PIURA;PIURA;MEJORAMIENTO DEL SERVICIO VIAL EN LAS CALLES LA INTEGRACIÓN  Y E EN EL PROGRAMA DE HABILITACIÓN URBANA PROGRESIVA FELIPE COSSÍO DEL POMAR, DISTRITO DE CASTILLA - PIURA - PIURA;2318145.07;PEN;31;Licitación Pública Abreviada;works;Alta competencia
1214428;20414868216;PROGRAMA SUBSECTORIAL DE IRRIGACIONES - PSI;LIMA;LIMA;PROGRAMA NACIONAL DE RIEGO TECNIFICADO PARA UNA AGRICULTURA CLIMÁTICAMENTE RESILIENTE;27000;PEN;1;Convenio;services;Baja competencia
1198733;20146721410;MUNICIPALIDAD PROVINCIAL DE SECHURA;PIURA;SECHURA;MEJORAMIENTO DEL SERVICIO DE TRANSITABILIDAD VEHICULAR Y PEATONAL EN EL BARRIO LA PERA, DEL CASERIO TAJAMAR DEL DISTRITO DE SECHURA - PROVINCIA DE SECHURA - DEPARTAMENTO DE PIURA;90000;PEN;23;Concurso Público Abreviado;services;Alta competencia
1193134;20174670693;MUNICIPALIDAD DISTRITAL DE BUENAVISTA ALTA;ANCASH;CASMA;CREACION DEL SERVICIOS DE ESPACIOS PÚBLICOS URBANOS EN EL PARQUE INFANTIL DE LA LOCALIDAD DE HÉROES DEL CENEPA DEL   DISTRITO DE BUENA VISTA ALTA DE LA PROVINCIA DE CASMA DEL DEPARTAMENTO DE ANCASH;792293.95;PEN;9;Licitación Pública Abreviada;works;Baja competencia
1198019;20177840646;MUNICIPALIDAD DISTRITAL DE JILILI;PIURA;AYABACA;MEJORAMIENTO Y AMPLIACION DEL SERVICIO DE AGUA POTABLE Y CREACION DEL SERVICIO DE SANEAMIENTO EN EL CENTRO POBLADO CARPINTERIA DEL DISTRITO DE JILILI, PROVINCIA DE AYABACA - PIURA;142671;PEN;11;Concurso Público Abreviado;services;Mediana competencia
1244043;20519752604;GOBIERNO REGIONAL DE MOQUEGUA SEDE CENTRAL;MOQUEGUA;MARISCAL NIETO;MEJORAMIENTO Y AMPLIACION DE LOS SERVICIOS EDUCATIVOS DE LA I.E. FERNANDO BELAUNDE TERRY EN EL C.P. SAN ANTONIO DEL DISTRITO DE MOQUEGUA - PROVINCIA DE MARISCAL NIETO - DEPARTAMENTO DE MOQUEGUA;263279.75;PEN;28;Licitación Pública Abreviada;goods;Alta competencia
1195324;20368105563;MUNICIPALIDAD DISTRITAL DE PUEBLO NUEVO - ICA;ICA;ICA;MEJORAMIENTO DEL SERVICIO DE LIMPIEZA PÚBLICA EN GESTION INTEGRAL DE RESIDUOS SOLIDOS MUNICIPALES   DISTRITO DE PUEBLO NUEVO DE LA PROVINCIA DE ICA DEL DEPARTAMENTO DE ICA;591333.33;PEN;11;Licitación Pública;goods;Mediana competencia
1198404;20519752604;GOBIERNO REGIONAL DE MOQUEGUA SEDE CENTRAL;MOQUEGUA;MARISCAL NIETO;MEJORAMIENTO Y AMPLIACION DE LOS SERVICIOS EDUCATIVOS DE LA I.E. FERNANDO BELAUNDE TERRY EN EL C.P. SAN ANTONIO DEL DISTRITO DE MOQUEGUA - PROVINCIA DE MARISCAL NIETO - DEPARTAMENTO DE MOQUEGUA;263279.75;PEN;28;Licitación Pública Abreviada;goods;Alta competencia
1195719;20498390570;GOBIERNO REGIONAL DE AREQUIPA Sede Central;AREQUIPA;AREQUIPA;MEJORAMIENTO DE LOS SERVICIOS EDUCATIVOS EN EL NIVEL SECUNDARIA DE LA INSTITUCION EDUCATIVA SEBASTIAN BARRANCA, DEL DISTRITO DE CAMANA - PROVINCIA DE CAMANA - DEPARTAMENTO DE AREQUIPA;395137.5;PEN;8;Subasta Inversa Electrónica;goods;Baja competencia
1198633;20489250731;GOBIERNO REGIONAL DE HUANUCO SEDE CENTRAL;HUANUCO;HUANUCO;MEJORAMIENTO DE LA CAPACIDAD RESOLUTIVA DEL HOSPITAL DE TINGO MARIA;131279.44;PEN;12;Licitación Pública Abreviada;goods;Mediana competencia
1194679;20527147612;GOBIERNO REGIONAL DE CUSCO SEDE CENTRAL;CUSCO;CUSCO;MEJORAMIENTO Y AMPLIACION DE LOS SERVICIOS DE SALUD DEL PUESTO DE\nSALUD LANGUI,  DISTRITO DE LANGUI - PROVINCIA DE CANAS - DEPARTAMENTO DE CUSCO;636193.24;PEN;29;Concurso Público para Consultoría;services;Alta competencia
1199071;20479569780;GOBIERNO REGIONAL DE LAMBAYEQUE SEDE CENTRAL;LAMBAYEQUE;CHICLAYO;MEJORAMIENTO DEL SERVICIO DE AGUA POTABLE URBANO Y MEJORAMIENTO DEL SERVICIO DE ALCANTARILLADO EN LA AV. MEXICO   DISTRITO DE JOSE LEONARDO ORTIZ DE LA PROVINCIA DE CHICLAYO DEL DEPARTAMENTO DE LAMBAYEQUE;621457.38;PEN;96;Concurso Público para Consultoría;services;Alta competencia
1199148;20406325815;GOBIERNO REGIONAL DE PUNO SEDE CENTRAL;PUNO;PUNO;MEJORAMIENTO DE LA CARRETERA PU 147, EMP. PE-34I JIPATA - EMP. PE-34I MOHO,  DISTRITO DE MOHO - PROVINCIA DE MOHO - DEPARTAMENTO DE PUNO;460000;PEN;15;Licitación Pública Abreviada;goods;Mediana competencia
1200781;20498390570;GOBIERNO REGIONAL DE AREQUIPA Sede Central;AREQUIPA;AREQUIPA;MEJORAMIENTO DE LOS SERVICIOS EDUCATIVOS EN EL NIVEL SECUNDARIA DE LA INSTITUCION EDUCATIVA SEBASTIAN BARRANCA, DEL DISTRITO DE CAMANA - PROVINCIA DE CAMANA - DEPARTAMENTO DE AREQUIPA;515000;PEN;45;Concurso Público de Servicios;services;Alta competencia
1193268;20205308556;MUNICIPALIDAD DISTRITAL DE MATAHUASI;JUNIN;CONCEPCION;"CONSTRUCCION DE MIRADOR TURISTICO; EN EL(LA) PARQUE DEL ANEXO DE HUALIANTA  DISTRITO DE MATAHUASI, PROVINCIA CONCEPCION, DEPARTAMENTO JUNIN";131049.04;PEN;12;Licitación Pública Abreviada;works;Mediana competencia
1192354;20489250731;GOBIERNO REGIONAL DE HUANUCO SEDE CENTRAL;HUANUCO;HUANUCO;"REPARACION DE COLECTOR SECUNDARIO Y EMISOR; CONSTRUCCION DE PTAR; EN EL(LA) SISTEMA DE ALCANTARILLADO EN EL CENTRO POBLADO UNGUYMARAN, DISTRITO DE CONCHAMARCA, PROVINCIA AMBO, DEPARTAMENTO HUANUCO";108000;PEN;7;Concurso Público Abreviado;services;Baja competencia
1199944;20131378204;MUNICIPALIDAD DISTRITAL DE SAN JUAN DE MIRAFLORES;LIMA;LIMA;"MEJORAMIENTO DEL SERVICIO DE MOVILIDAD URBANA EN VIAS LOCALES DE LA URB. AMAUTA , URB. SAN JUAN PARCELA ""A"" Y URB. MARIA AUXILIADORA, ZONA URBANA,   DISTRITO DE SAN JUAN DE MIRAFLORES DE LA PROVINCIA DE LIMA DEL DEPARTAMENTO DE LIMA";4230966.33;PEN;26;Licitación Pública Abreviada;works;Alta competencia
1200206;20168014962;UNIVERSIDAD NACIONAL DE HUANCAVELICA;HUANCAVELICA;HUANCAVELICA;CREACION DEL SERVICIO DE FORMACION PROFESIONAL EN INGENIERIA AMBIENTAL Y MEJORAMIENTO DE LOS SERVICIOS DE FORMACION PROFESIONAL EN INGENIERIA DE MINAS E INGENIERIA CIVIL DE LA UNIVERSIDAD NACIONAL DE HUANCAVELICA EN EL BARRIO SANTA ROSA DEL DISTRITO DE LIRCAY - PROVINCIA DE ANGARAES - DEPARTAMENTO DE HUANCAVELICA;59400;PEN;27;Concurso Público Abreviado;services;Alta competencia
1195113;20131369477;INSTITUTO TECNOLOGICO DE LA PRODUCCION;LIMA;LIMA;MEJORAMIENTO Y AMPLIACION SERVICIOS DE INNOVACIÓN PRODUCTIVA Y TRANSFERENCIA TECNOLÓGICA EN LA CADENA DE VALOR DE PRODUCTOS PROCESADOS DE FRUTAS, HORTALIZAS, LEGUMBRES, CEREALES (ARÁNDANOS, MARACUYÁ, PIÑA, PIMIENTO, AJÍ, CHÍA Y QUINUA) Y LÁCTEOS EN EL CITEAGROINDUSTRIAL CHAVIMOCHIC  DISTRITO DE VIRU - PROVINCIA DE VIRU - DEPARTAMENTO DE LA LIBERTAD;995085;PEN;1;Contratación Internacional;goods;Baja competencia
1232156;20167736468;MUNICIPALIDAD DISTRITAL DE HUANCHACO;LA LIBERTAD;TRUJILLO;"REPARACION DE CALZADA O PISTA; EN EL(LA) EN LOS SECTORES DE HUANCHACO BALNEARIO  DISTRITO DE HUANCHACO, PROVINCIA TRUJILLO, DEPARTAMENTO LA LIBERTAD";602864.6;PEN;23;Licitación Pública Abreviada;works;Alta competencia
1221853;20131372427;MUNICIPALIDAD DISTRITAL DE SAN MARTIN DE PORRES;LIMA;LIMA;CREACION DEL SERVICIO DE MOVILIDAD URBANA EN LA URB. SAN VALENTIN I ETAPA   DISTRITO DE SAN MARTIN DE PORRES DE LA PROVINCIA DE LIMA DEL DEPARTAMENTO DE LIMA;1889434.82;PEN;45;Licitación Pública Abreviada;works;Alta competencia
1227960;20452393493;GOBIERNO REGIONAL DE AYACUCHO SEDE CENTRAL;AYACUCHO;HUAMANGA;CREACION Y MEJORAMIENTO DE LA CARRETERA SAN JOSE CHOYMACOTA TRAMO PUTIS-APULEMA-PACHACHACA-CHONGOS, DISTRITO DE SANTILLANA, SIVIA Y LLOCHEGUA, PROVINCIA DE HUANTA-AYACUCHO;1525000;PEN;34;Concurso Público de Servicios;services;Alta competencia
1198381;20527147612;GOBIERNO REGIONAL DE CUSCO SEDE CENTRAL;CUSCO;CUSCO;MEJORAMIENTO Y AMPLIACION DE LOS SERVICIOS DE SALUD DEL ESTABLECIMIENTO DE SALUD DE BELEMPAMPA - DISTRITO DE SANTIAGO - PROVINCIA DE CUSCO - REGION CUSCO;99970.5;PEN;3;Comparación de Precios;goods;Baja competencia
1201769;20147346434;MUNICIPALIDAD PROVINCIAL DE ESPINAR;CUSCO;ESPINAR;CREACION DEL SERVICIO DE MOVILIDAD URBANA EN LAS VÍAS LOCALES DE LA URB. DOMINGO HUARCA EN EL CENTRO POBLADO YAURI,   DISTRITO DE ESPINAR DE LA PROVINCIA DE ESPINAR DEL DEPARTAMENTO DE CUSCO;85850;PEN;16;Concurso Público Abreviado;services;Mediana competencia
1198780;20131373237;MINISTERIO DE SALUD;LIMA;LIMA;"ADQUISICION DE MAMOGRAFO; EN EL(LA) HOSPITAL REGIONAL GUILLERMO DIAZ DE LA VEGA  DISTRITO DE ABANCAY, PROVINCIA ABANCAY, DEPARTAMENTO APURIMAC,ADQUISICION DE SISTEMA DE VIDEO BRONCOSCOPIA Y MAMOGRAFO; EN EL(LA) ELEAZAR GUZMAN BARRON  DISTRITO DE NUEVO CHIMBOTE, PROVINCIA SANTA, DEPARTAMENTO ANCASH,ADQUISICION DE MAMOGRAFO; EN EL(LA) CARLOS MONJE MEDRANO  DISTRITO DE JULIACA, PROVINCIA SAN ROMAN, DEPARTAMENTO PUNO,ADQUISICION DE MAMOGRAFO; EN EL(LA) HOSPITAL NACIONAL ARZOBISPO LOAYZA  DISTRITO DE LIMA, PROVINCIA LIMA, DEPARTAMENTO LIMA,ADQUISICION DE SISTEMA DE VIDEO BRONCOSCOPIA Y MAMOGRAFO; EN EL(LA) HOSPITAL NACIONAL HIPOLITO UNANUE  DISTRITO DE EL AGUSTINO, PROVINCIA LIMA, DEPARTAMENTO LIMA,ADQUISICION DE MAMOGRAFO; EN EL(LA) HOSPITAL REGIONAL DOCENTE CLINICO QUIRURGICO DANIEL ALCIDES CARRION  DISTRITO DE HUANCAYO, PROVINCIA HUANCAYO, DEPARTAMENTO JUNIN,ADQUISICION DE MAMOGRAFO; EN EL(LA) HOSPITAL REGIONAL HERMILIO VALDIZAN  DISTRITO DE HUANUCO, PROVINCIA HUANUCO, DEPARTAMENTO HUANUCO";14643961.6;PEN;17;Licitación Pública Abreviada Homologación;goods;Mediana competencia
1194318;20166164789;MUNICIPALIDAD PROVINCIAL DE ISLAY - MOLLENDO;AREQUIPA;ISLAY;MEJORAMIENTO DEL SERVICIO DE MOVILIDAD URBANA EN LA AV. AREQUIPA DESDE LA CALLE MANCO CAPAC HASTA LA CALLE ATAHUALPA, CALLE HUASCAR, CALLE HUAYNA CAPAC LLEGANDO A LA CALLE CAPAC YUPANQUI HASTA LA CALLE MACHU PICHU  DE CENTRO POBLADO ASENTAMIENTO VII SAN CAMILO DISTRITO DE COCACHACRA DE LA PROVINCIA DE ISLAY DEL DEPARTAMENTO DE AREQUIPA;189873;PEN;7;Subasta Inversa Electrónica;goods;Baja competencia
1194324;20198090647;MUNICIPALIDAD DISTRITAL DE NEPEÑA;ANCASH;SANTA;"ADQUISICION DE EQUIPO DE BOMBEO; REMODELACION DE RESERVORIO Y RED DE DISTRIBUCION; EN EL(LA) SERVICIO DE AGUA POTABLE DE LOS SECTORES MAQUINA NUEVA Y MAQUINA VIEJA,  DISTRITO DE NEPEÑA, PROVINCIA SANTA, DEPARTAMENTO ANCASH";306989.34;PEN;7;Licitación Pública Abreviada;works;Baja competencia
1195657;20164091547;MUNICIPALIDAD DISTRITAL DE LA ESPERANZA - TRUJILLO;LA LIBERTAD;TRUJILLO;MEJORAMIENTO DEL SERVICIO DE TRANSITABILIDAD VEHICULAR Y PEATONAL EN EL SECTOR SANTA VERONICA, DISTRITO DE LA ESPERANZA - TRUJILLO - LA LIBERTAD;2106117.06;PEN;18;Licitación Pública Abreviada;works;Mediana competencia
1198774;20488900758;MUNICIPALIDAD DISTRITAL DE HUALLAGA;SAN MARTIN;BELLAVISTA;CREACION DE LOS SERVICIOS PÚBLICOS DE INTEGRACIÓN ECONÓMICA Y SOCIAL EN LA PARTE ALTA  DE CENTRO POBLADO LEDOY DISTRITO DE HUALLAGA DE LA PROVINCIA DE BELLAVISTA DEL DEPARTAMENTO DE SAN MARTIN;1302317.41;PEN;7;Licitación Pública Abreviada;works;Baja competencia
1201740;20147346434;MUNICIPALIDAD PROVINCIAL DE ESPINAR;CUSCO;ESPINAR;CREACION DEL SERVICIO DE MOVILIDAD URBANA EN LAS VÍAS LOCALES DE LA URB. DOMINGO HUARCA EN EL CENTRO POBLADO YAURI,   DISTRITO DE ESPINAR DE LA PROVINCIA DE ESPINAR DEL DEPARTAMENTO DE CUSCO;148640;PEN;21;Concurso Público Abreviado;services;Alta competencia
1195805;20159316981;GOBIERNO REGIONAL DE CUSCO-INSTITUTO DE MANEJO DE AGUA Y MEDIO AMBIENTE( IMA);CUSCO;CUSCO;RECUPERACION DEL SERVICIO  ECOSISTEMICO DE REGULACIÓN HIDRICA EN LAS MICROCUENCAS DE TOCCOHUANCA, LLANCAMA, LLANQUEMAYO, TAUCABAMBA Y MISKAHUAYCCO DE LA CUENCA MEDIA DEL APURIMAC - EN LOS DISTRITOS DE PARURO, OMACHA, PILLPINTO Y CHINCHAYPUJIO EN LAS PROVINCIAS DE ANTA Y PARURO DEL  DEPARTAMENTO DE CUSCO;142222.53;PEN;11;Concurso Público Abreviado;services;Mediana competencia
1196774;20174738085;MUNICIPALIDAD DISTRITAL DE VICTOR LARCO HERRERA;LA LIBERTAD;TRUJILLO;MEJORAMIENTO DEL SERVICIO DE PRÁCTICA DEPORTIVA Y/O RECREATIVA EN EL COMPLEJO DEPORTIVO DE SANTA EDELMIRA DE LA URBANIZACION DE SANTA EDELMIRA DEL   DISTRITO DE VICTOR LARCO HERRERA DE LA PROVINCIA DE TRUJILLO DEL DEPARTAMENTO DE LA LIBERTAD;97243.22;PEN;10;Concurso Público Abreviado;services;Mediana competencia
1198586;20146674403;MUNICIPALIDAD PROVINCIAL DE SATIPO;JUNIN;SATIPO;"CONSTRUCCION DE COBERTURA DE INSTALACIONES DEPORTIVAS; EN EL(LA) I.E. INTEGRADA PACHACUTEC EN EL CENTRO POBLADO RIO VENADO, DISTRITO DE SATIPO, PROVINCIA SATIPO, DEPARTAMENTO JUNIN";562321.21;PEN;10;Licitación Pública Abreviada;works;Mediana competencia
1199674;20200617585;MUNICIPALIDAD DISTRITAL DE CANARIA;AYACUCHO;VICTOR FAJARDO;MEJORAMIENTO DEL SERVICIO DE MOVILIDAD URBANA VEHICULAR Y PEATONAL MEDIANTE PISTAS Y VEREDAS EN LAS PRINCIPALES CALLES DE LA LOCALIDAD DE CANARIA DEL DISTRITO DE CANARIA - PROVINCIA DE VICTOR FAJARDO - DEPARTAMENTO DE AYACUCHO;4838044.56;PEN;16;Licitación Pública Abreviada;works;Mediana competencia
1222559;20601625017;MUNICIPALIDAD DISTRITAL DE MEGANTONI;CUSCO;LA CONVENCION;MEJORAMIENTO Y AMPLIACION DEL SERVICIO DE AGUA POTABLE URBANO Y MEJORAMIENTO Y AMPLIACION DEL SERVICIO DE ALCANTARILLADO U OTRAS FORMAS DE DISPOSICIÓN SANITARIA DE EXCRETAS EN LA CC.NN. KIRIGUETI   DISTRITO DE MEGANTONI DE LA PROVINCIA DE LA CONVENCION DEL DEPARTAMENTO DE CUSCO;1200000;PEN;30;Concurso Público para Consultoría;services;Alta competencia
1197856;20311886879;MUNICIPALIDAD DISTRITAL DE ALTO SELVA ALEGRE;AREQUIPA;AREQUIPA;CREACION DEL SERVICIO DE AGUA POTABLE URBANO Y CREACION DEL SERVICIO DE ALCANTARILLADO EN EL ASENTAMIENTO HUMANO VILLA CONFRATERNIDAD ZONA D, MANZANAS A, R Y S   DISTRITO DE ALTO SELVA ALEGRE DE LA PROVINCIA DE AREQUIPA DEL DEPARTAMENTO DE AREQUIPA;1103430;PEN;40;Licitación Pública Abreviada;works;Alta competencia
1195225;20155998718;MUNICIPALIDAD DISTRITAL DE SANTA CRUZ DE FLORES;LIMA;CAÑETE;MEJORAMIENTO DEL SERVICIO DE MOVILIDAD URBANA EN AVENIDA SANTA CRUZ, AVENIDA PEDRO ABURTO Y AVENIDA QUITO   DISTRITO DE SANTA CRUZ DE FLORES DE LA PROVINCIA DE CAÑETE DEL DEPARTAMENTO DE LIMA;1067086.58;PEN;16;Licitación Pública Abreviada;works;Mediana competencia
1236073;20159311598;GOBIERNO REGIONAL DE CUSCO - PROYECTO ESPECIAL REGIONAL PLAN COPESCO;CUSCO;CUSCO;MEJORAMIENTO CARRETERA EN LOS DISTRITOS DE LANGUI, LAYO Y KUNTURKANKI DE LA  PROVINCIA DE CANAS - DEPARTAMENTO DE CUSCO;430200;PEN;23;Concurso Público Abreviado;services;Alta competencia
1221697;20146925848;MUNICIPALIDAD DISTRITAL DE PAMPAROMAS;ANCASH;HUAYLAS;MEJORAMIENTO DE LOS SERVICIOS OPERATIVOS O MISIONALES INSTITUCIONALES EN LA GERENCIA DE INFRAESTRUCTURA Y DESARROLLO TERRITORIAL ¿ GIDT, DE LA MUNICIPALIDAD DISTRITAL DE PAMPAROMAS,   DISTRITO DE PAMPAROMAS DE LA PROVINCIA DE HUAYLAS DEL DEPARTAMENTO DE ANCASH;2189948.91;PEN;10;Licitación Pública;goods;Mediana competencia
1200779;20557789732;MANCOMUNIDAD REGIONAL DE LOS ANDES APURIMAC-AYACUCHO-HUANCAVELICA;LIMA;LIMA;MEJORAMIENTO Y AMPLIACION DE LA CARRETERA CHILCAYOC - CHIARA, DISTRITOS DE CHILCAYOC Y CHIARA, LA PROVINCIA DE SUCRE DEL DEPARTAMENTO DE AYACUCHO Y LA PROVINCIA DE ANDAHUAYLAS DEL DEPARTAMENTO DE APURIMAC;352000;PEN;8;Concurso Público Abreviado;services;Baja competencia
1199310;20163795494;MUNICIPALIDAD DISTRITAL DE VEGUETA;LIMA;HUAURA;"RENOVACION DE RED DE DISTRIBUCION Y CONEXIONES DOMICILIARIAS; EN EL(LA) AGUA POTABLE Y ALCANTARILLADO CA. BALVINA GARCIA, CA. NUEVA ESPERANZA DISTRITO DE VEGUETA, PROVINCIA HUAURA, DEPARTAMENTO LIMA";488343.81;PEN;15;Licitación Pública Abreviada;works;Mediana competencia
1198536;20452393493;GOBIERNO REGIONAL DE AYACUCHO SEDE CENTRAL;AYACUCHO;HUAMANGA;MEJORAMIENTO DE LOS SERVICIOS DE FORMACIÓN PROFESIONAL EN INGENIERÍA AGROINDUSTRIAL DE LA UNIVERSIDAD NACIONAL DE SAN CRISTÓBAL DE HUAMANGA, DISTRITO DE AYACUCHO, PROVINCIA DE HUAMANGA, DEPARTAMENTO DE AYACUCHO;1000000;PEN;26;Concurso Público Abreviado;services;Alta competencia
1192289;20526917295;UNIVERSIDAD NACIONAL AMAZONICA DE MADRE DE DIOS;MADRE DE DIOS;TAMBOPATA;MEJORAMIENTO DEL SERVICIO ACADEMICO PRACTICO DE LA ESCUELA PROFESIONAL DE ENFERMERIA DE LA UNIVERSIDAD NACIONAL AMAZONICA DE MADRE DE DIOS;82600;PEN;21;Concurso Público Abreviado;services;Alta competencia
1233024;20165924984;MUNICIPALIDAD DISTRITAL DE BERNAL;PIURA;SECHURA;MEJORAMIENTO DEL SERVICIO DE RECREACIÓN PASIVA EN LA PLAZA DE ARMAS RAMÓN CASTILLA DE BERNAL DEL DISTRITO DE BERNAL - PROVINCIA DE SECHURA - DEPARTAMENTO DE PIURA;1241939.38;PEN;29;Licitación Pública Abreviada;works;Alta competencia
1195208;20177217043;MUNICIPALIDAD PROVINCIAL DEL CUSCO;CUSCO;CUSCO;MEJORAMIENTO Y AMPLIACIÓN DE LA PRESTACIÓN DEL SERVICIO DE SALUD DEL ESTABLECIMIENTO  DE SALUD DE SAN PEDRO APV.  PICCHU ALTO, DISTRITO DE CUSCO, PROVINCIA DE CUSCO - CUSCO;142632.33;PEN;29;Licitación Pública Abreviada;goods;Alta competencia
1194866;20406325815;GOBIERNO REGIONAL DE PUNO SEDE CENTRAL;PUNO;PUNO;MEJORAMIENTO DE LOS SERVICIOS DE SALUD DEL CENTRO DE SALUD COJATA,  DISTRITO DE COJATA - PROVINCIA DE HUANCANE - DEPARTAMENTO DE PUNO;252818.28;PEN;18;Licitación Pública Abreviada;goods;Mediana competencia
1201387;20131369477;INSTITUTO TECNOLOGICO DE LA PRODUCCION;LIMA;LIMA;MEJORAMIENTO Y AMPLIACION SERVICIOS DE INNOVACIÓN PRODUCTIVA Y TRANSFERENCIA TECNOLÓGICA EN LA CADENA DE VALOR DE PRODUCTOS PROCESADOS DE FRUTAS, HORTALIZAS, LEGUMBRES, CEREALES (ARÁNDANOS, MARACUYÁ, PIÑA, PIMIENTO, AJÍ, CHÍA Y QUINUA) Y LÁCTEOS EN EL CITEAGROINDUSTRIAL CHAVIMOCHIC  DISTRITO DE VIRU - PROVINCIA DE VIRU - DEPARTAMENTO DE LA LIBERTAD;72000;PEN;13;Licitación Pública Abreviada;goods;Mediana competencia
1197586;20488900758;MUNICIPALIDAD DISTRITAL DE HUALLAGA;SAN MARTIN;BELLAVISTA;CREACION DEL SERVICIO DE MOVILIDAD URBANA EN PISTAS Y VEREDAS DE LAS VIAS PRINCIPALES  DE CENTRO POBLADO LEDOY DISTRITO DE HUALLAGA DE LA PROVINCIA DE BELLAVISTA DEL DEPARTAMENTO DE SAN MARTIN;5313480.56;PEN;14;Licitación Pública;works;Mediana competencia
1199902;20406325815;GOBIERNO REGIONAL DE PUNO SEDE CENTRAL;PUNO;PUNO;MEJORAMIENTO DEL SERVICIO EDUCATIVO DE LAS CARRERAS DE PRODUCCIÓN, AUTOMOTRIZ, MINERÍA, CONTABILIDAD, COMPUTACIÓN,  SECRETARIADO, ENFERMERÍA, LABORATORIO CLÍNICO Y PRÓTESIS DENTAL DEL IST MANUEL NÚÑEZ  BUTRÓN, JULIACA, SAN ROMÁN - PUNO;878560;PEN;15;Licitación Pública Abreviada;goods;Mediana competencia
1224237;20147346434;MUNICIPALIDAD PROVINCIAL DE ESPINAR;CUSCO;ESPINAR;CREACION DEL SERVICIO DE MOVILIDAD URBANA EN LAS VÍAS LOCALES DE LAS CALLES DE LA ADV MOLLOPUCJIO EN EL CENTRO POBLADO DE YAURI  DISTRITO DE ESPINAR - PROVINCIA DE ESPINAR - DEPARTAMENTO DE CUSCO;112500;PEN;26;Concurso Público Abreviado;services;Alta competencia
1196939;20202020098;MUNICIPALIDAD PROVINCIAL DE CARLOS FERMIN FITZCARRALD;ANCASH;CARLOS FERMIN FITZCARRALD;CREACION DEL SERVICIO DE TRANSITABILIDAD VIAL INTERURBANA EN EL SECTOR  HUALLINAGIRCA HASTA EL SECTOR DE LA LAGUNA DE AQUILLAYOC DEL CASERIO DE COLCABAMBA   DISTRITO DE SAN LUIS DE LA PROVINCIA DE CARLOS FERMIN FITZCARRALD DEL DEPARTAMENTO DE ANCASH;456815.68;PEN;8;Licitación Pública Abreviada;works;Baja competencia
1195067;20519752515;GOBIERNO REGIONAL DE TACNA SEDE CENTRAL;TACNA;TACNA;MEJORAMIENTO Y AMPLIACIÓN DE LOS SERVICIOS DE GESTIÓN EDUCATIVA Y PEDAGÓGICA DE LA UNIDAD DE GESTIÓN EDUCATIVA LOCAL (UGEL - CANDARAVE ), PROVINCIA DE CANDARAVE - TACNA;432000;PEN;18;Licitación Pública Abreviada;goods;Mediana competencia
1200358;20147161574;MUNICIPALIDAD DISTRITAL DE PUNCHANA;LORETO;MAYNAS;MEJORAMIENTO DEL SERVICIO RECREATIVO Y DE ESPARCIMIENTO EN LA PLAZA STELLA MARIS DE VILLA PUNCHANA  DISTRITO DE PUNCHANA - PROVINCIA DE MAYNAS - DEPARTAMENTO DE LORETO;197847.1;PEN;5;Concurso Público Abreviado;services;Baja competencia
1197898;20322944722;MUNICIPALIDAD DISTRITAL DE PAROBAMBA;ANCASH;POMABAMBA;CREACION DEL SERVICIO DE ALCANTARILLADO U OTRAS FORMAS DE DISPOSICIÓN SANITARIA DE EXCRETAS EN EL SECTOR DE HUASHLLAJ DEL CENTRO POBLADO DE CHANGA,   DISTRITO DE PAROBAMBA DE LA PROVINCIA DE POMABAMBA DEL DEPARTAMENTO DE ANCASH;630797.05;PEN;15;Licitación Pública Abreviada;works;Mediana competencia
1231538;20317337150;MUNICIPALIDAD DISTRITAL DE PICHARI;CUSCO;LA CONVENCION;MEJORAMIENTO DE PALACIO MUNICIPAL DE PICHARI DEL DISTRITO DE PICHARI - PROVINCIA DE LA CONVENCION - DEPARTAMENTO DE CUSCO;4707222.39;PEN;26;Concurso Público de Servicios;services;Alta competencia
1206812;20187630101;MUNICIPALIDAD PROVINCIAL DE SANTIAGO DE CHUCO;LA LIBERTAD;SANTIAGO DE CHUCO;CREACION DEL SERVICIOS DE ESPACIOS PÚBLICOS URBANOS EN EL SECTOR CERRO SAN CRISTOBAL   DISTRITO DE SANTIAGO DE CHUCO DE LA PROVINCIA DE SANTIAGO DE CHUCO DEL DEPARTAMENTO DE LA LIBERTAD;1531238.8;PEN;12;Licitación Pública Abreviada;works;Mediana competencia
1202163;20317337150;MUNICIPALIDAD DISTRITAL DE PICHARI;CUSCO;LA CONVENCION;CREACION DEL COMPLEJO POLIDEPORTIVO MUNICIPAL DE PICHARI DEL DISTRITO DE PICHARI - PROVINCIA DE LA CONVENCION - DEPARTAMENTO DE CUSCO;587930.4;PEN;14;Subasta Inversa Electrónica;goods;Mediana competencia
1175634;20201520364;MUNICIPALIDAD DISTRITAL DE MARA;APURIMAC;COTABAMBAS;MEJORAMIENTO DEL SERVICIO DE ATENCIÓN DE SALUD BÁSICOS EN MARA   DISTRITO DE MARA DE LA PROVINCIA DE COTABAMBAS DEL DEPARTAMENTO DE APURIMAC;44265863.97;PEN;13;Licitación Pública;works;Mediana competencia
1195088;20406325815;GOBIERNO REGIONAL DE PUNO SEDE CENTRAL;PUNO;PUNO;MEJORAMIENTO Y AMPLIACION DEL SERVICIO DE EDUCACIÓN SUPERIOR TECNOLÓGICA EN EL INSTITUTO SUPERIOR TECNOLÓGICO PUBLICO DE MACUSANI  DISTRITO DE MACUSANI - PROVINCIA DE CARABAYA - DEPARTAMENTO DE PUNO;124626;PEN;28;Licitación Pública Abreviada;goods;Alta competencia
1197079;20519610214;MUNICIPALIDAD DISTRITAL DE CORONEL GREGORIO ALBARRACIN LANCHIPA;TACNA;TACNA;"CONSTRUCCION DE GIBA; ADQUISICION DE SEMAFORO; EN EL(LA) INTERSECCIONES DE VIAS URBANAS DEL  DISTRITO DE CORONEL GREGORIO ALBARRACIN LANCHIPA, PROVINCIA TACNA, DEPARTAMENTO TACNA";2744961.69;PEN;11;Licitación Pública Abreviada;works;Mediana competencia
1198752;20406325815;GOBIERNO REGIONAL DE PUNO SEDE CENTRAL;PUNO;PUNO;MEJORAMIENTO DE LOS SERVICIOS DE SALUD DEL CENTRO DE SALUD COJATA,  DISTRITO DE COJATA - PROVINCIA DE HUANCANE - DEPARTAMENTO DE PUNO;221120.9;PEN;46;Licitación Pública Abreviada;goods;Alta competencia
1192574;20187651361;MUNICIPALIDAD DISTRITAL DE CHILIA;LA LIBERTAD;PATAZ;"CONSTRUCCION DE CAMPO DEPORTIVO, CERCO PERIMETRICO Y MURO DE CONTENCION; EN EL(LA) CAMPO DEPORTIVO DEL ANEXO DE JUCUSBAMBA (SECTOR I),  DISTRITO DE CHILLIA, PROVINCIA PATAZ, DEPARTAMENTO LA LIBERTAD";1099846.4;PEN;8;Licitación Pública Abreviada;works;Baja competencia
1201035;20601625017;MUNICIPALIDAD DISTRITAL DE MEGANTONI;CUSCO;LA CONVENCION;MEJORAMIENTO Y AMPLIACION DEL SERVICIO DE AGUA POTABLE RURAL Y DISPOSICIÓN SANITARIA DE EXCRETAS EN LA COMUNIDAD NATIVA DE CAMANÁ DEL  DISTRITO DE MEGANTONI - PROVINCIA DE LA CONVENCION - DEPARTAMENTO DE CUSCO;16641352.44;PEN;13;Licitación Pública Abreviada;works;Mediana competencia
1196393;20601625017;MUNICIPALIDAD DISTRITAL DE MEGANTONI;CUSCO;LA CONVENCION;MEJORAMIENTO Y AMPLIACION DEL SERVICIO DE AGUA POTABLE, ALCANTARILLADO Y SISTEMA DE TRATAMIENTO DE AGUAS RESIDUALES EN LA COMUNIDAD NATIVA DE MIARIA DEL  DISTRITO DE MEGANTONI - PROVINCIA DE LA CONVENCION - DEPARTAMENTO DE CUSCO;2403973;PEN;23;Concurso Público Abreviado;services;Alta competencia
1194572;20282911915;MUNICIPALIDAD DISTRITAL DE NUEVO CHIMBOTE;ANCASH;SANTA;MEJORAMIENTO DEL SERVICIO DE PRÁCTICA DEPORTIVA Y/O RECREATIVA EN LA MZ Q2 LOTE 1 DEL PV SECTOR 3A ZONA 3 URB. BUENOS AIRES (LOS HEROES) DEL   DISTRITO DE NUEVO CHIMBOTE DE LA PROVINCIA DE SANTA DEL DEPARTAMENTO DE ANCASH;2495407.71;PEN;10;Licitación Pública Abreviada;works;Mediana competencia
1198299;20131379863;BIBLIOTECA NACIONAL DEL PERU;LIMA;LIMA;MEJORAMIENTO DE LOS SERVICIOS BIBLIOTECARIOS Y CULTURALES Y EDUCATIVOS DE LA GRAN BIBLIOTECA PUBLICA DE LIMA ¿ SEDE AV. ABANCAY  DISTRITO DE LIMA - PROVINCIA DE LIMA - DEPARTAMENTO DE LIMA;3172097.9;PEN;44;Concurso Público para Consultoría;services;Alta competencia
1195160;20174738085;MUNICIPALIDAD DISTRITAL DE VICTOR LARCO HERRERA;LA LIBERTAD;TRUJILLO;"RENOVACION DE CALZADA O PISTA; EN EL(LA) DE LAS CALLES LOS SAUCES Y CALLE LOS CEDROS EN LA URB. VISTA ALEGRE DEL  DISTRITO DE VICTOR LARCO HERRERA, PROVINCIA TRUJILLO, DEPARTAMENTO LA LIBERTAD";837858.09;PEN;8;Licitación Pública Abreviada;works;Baja competencia
1199060;20131369477;INSTITUTO TECNOLOGICO DE LA PRODUCCION;LIMA;LIMA;MEJORAMIENTO DE LOS SERVICIOS TECNOLOGICOS DEL CENTRO DE INNOVACION TECNOLOGICA DEL CUERO, CALZADO E INDUSTRIAS CONEXAS (CITECCAL) DISTRITO RIMAC, PROVINCIA Y DEPARTAMENTO DE LIMA;76000;PEN;7;Licitación Pública Abreviada;goods;Baja competencia
1200542;20531375808;GOBIERNO REGIONAL DE SAN MARTIN SEDE CENTRAL;SAN MARTIN;MOYOBAMBA;"ADQUISICION DE EQUIPO DE RAYOS X DIGITAL; CONSTRUCCION DE LABORATORIO Y AREA DE DESINFECCION; REMODELACION DE AMBIENTE DE DISPENSACION Y EXPENDIO; ADEMÁS DE OTROS ACTIVOS EN EL(LA) EESS HABANA - HABANA EN LA LOCALIDAD HABANA, DISTRITO DE HABANA, PROVINCIA MOYOBAMBA, DEPARTAMENTO SAN MARTIN";4821653.19;PEN;12;Licitación Pública Abreviada;works;Mediana competencia
1193849;20190345344;MUNICIPALIDAD PROVINCIAL DE TAYACAJA - PAMPAS;HUANCAVELICA;TAYACAJA;CREACION DEL SERVICIO DE PRÁCTICA DEPORTIVA Y/O RECREATIVA EN LA LOCALIDAD DE SAN JUAN DE MANTARO PACTY DEL   DISTRITO DE PAMPAS DE LA PROVINCIA DE TAYACAJA DEL DEPARTAMENTO DE HUANCAVELICA;261357.65;PEN;4;Licitación Pública Abreviada;works;Baja competencia
1195631;20181009161;MUNICIPALIDAD DISTRITAL DE PUNTA DE BOMBON;AREQUIPA;ISLAY;CREACION DEL SERVICIOS DE ESPACIOS PÚBLICOS URBANOS EN PARQUE RECREATIVO DEL AA.HH. LOS OLIVOS DEL   DISTRITO DE PUNTA DE BOMBON DE LA PROVINCIA DE ISLAY DEL DEPARTAMENTO DE AREQUIPA;189633;PEN;11;Concurso Público Abreviado;services;Mediana competencia
1195420;20172494952;MUNICIPALIDAD DISTRITAL DE CHAMACA;CUSCO;CHUMBIVILCAS;MEJORAMIENTO Y AMPLIACION EL SERVICIO DE AGUA POTABLE Y DISPOSICION DE EXCRETAS EN EL SECTOR DE URAY INGATA DE LA COMUNIDAD DE INGATA DEL  DISTRITO DE CHAMACA - PROVINCIA DE CHUMBIVILCAS - DEPARTAMENTO DE CUSCO;171377.5;PEN;13;Licitación Pública Abreviada;goods;Mediana competencia
1197692;20165195290;MUNICIPALIDAD PROVINCIAL DE SAN ROMAN - JULIACA;PUNO;SAN ROMAN;MEJORAMIENTO DEL SERVICIO DE MOVILIDAD URBANA EN AV. CIRCUNVALACION I TRAMO OVALO SALIDA CUSCO - PARQUE DEL TRICICLISTA   DISTRITO DE JULIACA DE LA PROVINCIA DE SAN ROMAN DEL DEPARTAMENTO DE PUNO;68040;PEN;15;Licitación Pública Abreviada;goods;Mediana competencia
1193589;20147034467;MUNICIPALIDAD DISTRITAL DE LAS LOMAS;PIURA;PIURA;MEJORAMIENTO DEL SERVICIO DE PRÁCTICA DEPORTIVA Y/O RECREATIVA EN ESPACIO DEPORTIVO EN EL CENTRO POBLADO DE SANTA ELENA   DISTRITO DE LAS LOMAS DE LA PROVINCIA DE PIURA DEL DEPARTAMENTO DE PIURA;1172568.38;PEN;12;Licitación Pública Abreviada;works;Mediana competencia
1196545;20498390570;GOBIERNO REGIONAL DE AREQUIPA Sede Central;AREQUIPA;AREQUIPA;MEJORAMIENTO DEL SERVICIO EDUCATIVO DE LA I.E. 40158 EL GRAN AMAUTA P.J. EL PORVENIR, DISTRITO DE MIRAFLORES - AREQUIPA - AREQUIPA;617902;PEN;30;Concurso Público Abreviado;services;Alta competencia
1197429;20608010212;MUNICIPALIDAD DISTRITAL  DE KUMPIRUSHIATO;CUSCO;LA CONVENCION;"CONSTRUCCION DE COBERTURA DE INSTALACIONES DEPORTIVAS; EN EL(LA) I.E. 501138  DISTRITO DE KUMPIRUSHIATO, PROVINCIA LA CONVENCION, DEPARTAMENTO CUSCO";895044.46;PEN;7;Licitación Pública Abreviada;works;Baja competencia
1201971;20162310888;MUNICIPALIDAD DISTRITAL DE MADRE DE DIOS;MADRE DE DIOS;MANU;MEJORAMIENTO DE LA AV. COLORADO DEL CENTRO POBLADO DE VILLA BOCA COLORADO DEL DISTRITO DE MADRE DE DIOS - PROVINCIA DE MANU - DEPARTAMENTO DE MADRE DE DIOS;552000;PEN;4;Subasta Inversa Electrónica;goods;Baja competencia
1199221;20406325815;GOBIERNO REGIONAL DE PUNO SEDE CENTRAL;PUNO;PUNO;MEJORAMIENTO DEL SERVICIO DE TRANSITABILIDAD VIAL INTERURBANA EN EL CAMINO VECINAL DEL KM=0+000 (DESVIO PUENTE OCRA CHUPA)  AL KM= 6+373 (C.P. PEDRO VILCAPAZA DE MORORCCO),   DISTRITO DE MUÑANI DE LA PROVINCIA DE AZANGARO DEL DEPARTAMENTO DE PUNO;377175.33;PEN;37;Concurso Público Abreviado;services;Alta competencia
1197636;20406325815;GOBIERNO REGIONAL DE PUNO SEDE CENTRAL;PUNO;PUNO;MEJORAMIENTO DEL SERVICIO DE TRANSITABILIDAD VIAL INTERURBANA EN EL CAMINO VECINAL DEL KM=0+000 (DESVIO PUENTE OCRA CHUPA)  AL KM= 6+373 (C.P. PEDRO VILCAPAZA DE MORORCCO),   DISTRITO DE MUÑANI DE LA PROVINCIA DE AZANGARO DEL DEPARTAMENTO DE PUNO;171517.5;PEN;18;Concurso Público Abreviado;services;Mediana competencia
1198458;20452393493;GOBIERNO REGIONAL DE AYACUCHO SEDE CENTRAL;AYACUCHO;HUAMANGA;MEJORAMIENTO Y AMPLIACION DE LA CARRETERA EMP. PE ¿ 32A (MINASCUCHO) ¿ LLACHOCCMAYO - ALLPACHACA ¿ MUNAYPATA - EMP. AY-106 (ROSASPATA), DISTRITOS DE CHIARA, LOS MOROCHUCOS Y VINCHOS DE LAS PROVINCIAS DE HUAMANGA Y CANGALLO DEL  DEPARTAMENTO DE AYACUCHO;480000;PEN;15;Concurso Público Abreviado;services;Mediana competencia
1189777;20489252270;GOBIERNO REGIONAL DE PASCO SEDE CENTRAL;PASCO;PASCO;CREACION DEL SERVICIO DE MOVILIDAD URBANA EN VÍAS LOCALES DEL SECTOR 5 DE LA CIUDAD DE OXAPAMPA   DISTRITO DE OXAPAMPA DE LA PROVINCIA DE OXAPAMPA DEL DEPARTAMENTO DE PASCO;4651833.25;PEN;43;Licitación Pública Abreviada;works;Alta competencia
1195729;20159316981;GOBIERNO REGIONAL DE CUSCO-INSTITUTO DE MANEJO DE AGUA Y MEDIO AMBIENTE( IMA);CUSCO;CUSCO;RECUPERACION DEL SERVICIO  ECOSISTEMICO DE REGULACIÓN HIDRICA EN LAS MICROCUENCAS DE TOCCOHUANCA, LLANCAMA, LLANQUEMAYO, TAUCABAMBA Y MISKAHUAYCCO DE LA CUENCA MEDIA DEL APURIMAC - EN LOS DISTRITOS DE PARURO, OMACHA, PILLPINTO Y CHINCHAYPUJIO EN LAS PROVINCIAS DE ANTA Y PARURO DEL  DEPARTAMENTO DE CUSCO;174370.67;PEN;25;Concurso Público Abreviado;services;Alta competencia
1192296;20526917295;UNIVERSIDAD NACIONAL AMAZONICA DE MADRE DE DIOS;MADRE DE DIOS;TAMBOPATA;MEJORAMIENTO DEL SERVICIO ACADEMICO PRACTICO DE LA ESCUELA PROFESIONAL DE ENFERMERIA DE LA UNIVERSIDAD NACIONAL AMAZONICA DE MADRE DE DIOS;155000;PEN;38;Concurso Público Abreviado;services;Alta competencia
1198383;20141418557;MUNICIPALIDAD PROVINCIAL DE HUACHO - HUAURA;LIMA;HUAURA;"RENOVACION DE PAVIMENTO; EN EL(LA) VIA URBANA DEL JR. FRANCISCO ROSAS DESDE LA AV. 28 DE JULIO HASTA LA AV. SANTA ROSA DEL  DISTRITO DE HUACHO, PROVINCIA HUAURA, DEPARTAMENTO LIMA";2293970.46;PEN;24;Licitación Pública Abreviada;works;Alta competencia
1200030;20226962892;MUNICIPALIDAD PROVINCIAL DE PATAZ - TAYABAMBA;LA LIBERTAD;PATAZ;CREACION DE LOS SERVICIOS DE ESPACIOS PÚBLICOS URBANOS EN ESPACIO URBANO  DE CENTRO POBLADO PIAN DISTRITO DE TAYABAMBA DE LA PROVINCIA DE PATAZ DEL DEPARTAMENTO DE LA LIBERTAD;366440.68;PEN;8;Licitación Pública Abreviada;works;Baja competencia
1201524;20208294947;MUNICIPALIDAD DISTRITAL DE JEPELACIO;SAN MARTIN;MOYOBAMBA;CREACION DE LOSA DEPORTIVA EN LA LOCALIDAD DE BARBASCAL DEL DISTRITO DE JEPELACIO - PROVINCIA DE MOYOBAMBA - DEPARTAMENTO DE SAN MARTIN;510134.76;PEN;11;Licitación Pública Abreviada;works;Mediana competencia
1200680;20168918942;MUNICIPALIDAD DISTRITAL DE JACOBO HUNTER;AREQUIPA;AREQUIPA;MEJORAMIENTO Y AMPLIACION DEL SERVICIO DE PRÁCTICA DEPORTIVA Y/O RECREATIVA EN EL PARQUE RECREATIVO  DIVINO NIÑO JESUS DE 2 DE JUNIO   DISTRITO DE JACOBO HUNTER DE LA PROVINCIA DE AREQUIPA DEL DEPARTAMENTO DE AREQUIPA;1628663.9;PEN;10;Licitación Pública Abreviada;works;Mediana competencia
1193545;20166604347;MUNICIPALIDAD DISTRITAL DE CAJAY;ANCASH;HUARI;"REPARACION DE VIAS VECINALES; EN EL(LA) TROCHA CARROZABLE DE SHUYU GAGA HASTA QUICHITUNA EN EL CASERIO DE HUAYLLABAMBA EN EL  DISTRITO DE CAJAY, PROVINCIA HUARI, DEPARTAMENTO ANCASH";361647.43;PEN;17;Licitación Pública Abreviada;works;Mediana competencia
1199029;20226962892;MUNICIPALIDAD PROVINCIAL DE PATAZ - TAYABAMBA;LA LIBERTAD;PATAZ;MEJORAMIENTO DEL SERVICIO DEPORTIVO RECREATIVO COLPABAMBA - DISTRITO DE TAYABAMBA - PROVINCIA DE PATAZ - DEPARTAMENTO DE LA LIBERTAD;692341.31;PEN;7;Licitación Pública Abreviada;works;Baja competencia
1200415;20190345344;MUNICIPALIDAD PROVINCIAL DE TAYACAJA - PAMPAS;HUANCAVELICA;TAYACAJA;CREACION DEL SERVICIO DE MOVILIDAD URBANA EN LAS VIAS LOCALES DEL AREA URBANA  DE CENTRO POBLADO INYAC (SANTA CRUZ DE INYAC) DISTRITO DE HUARIBAMBA DE LA PROVINCIA DE TAYACAJA DEL DEPARTAMENTO DE HUANCAVELICA;207469.72;PEN;10;Concurso Público Abreviado;services;Mediana competencia
1194379;20206179695;MUNICIPALIDAD DISTRITAL DE ANRA;ANCASH;HUARI;MEJORAMIENTO DEL SERVICIO DE PROVISIÓN DE AGUA PARA RIEGO EN EL CANAL WARIMACHE  DE CENTRO POBLADO ALCAYAN DISTRITO DE ANRA DE LA PROVINCIA DE HUARI DEL DEPARTAMENTO DE ANCASH;516034.32;PEN;4;Licitación Pública Abreviada;works;Baja competencia
1192706;20174929697;MUNICIPALIDAD PROVINCIAL DE CASMA;ANCASH;CASMA;"REPARACION DE CANAL DE RIEGO Y DESARENADOR; CONSTRUCCION DE OBRAS DE ARTE; EN EL(LA) SISTEMA DE RIEGO DEL CANAL SANTA ANA EN EL SECTOR SAN RAFAEL  DISTRITO DE CASMA, PROVINCIA CASMA, DEPARTAMENTO ANCASH";78694.62;PEN;12;Concurso Público Abreviado;services;Mediana competencia
1222652;20147604310;MUNICIPALIDAD DISTRITAL DE TUPAC AMARU INCA;ICA;PISCO;AMPLIACION DEL SERVICIO DE MOVILIDAD URBANA EN LAS VÍAS LOCALES DE LA CALLE SAN JORGE Y CALLE ICA DEL CENTRO POBLADO CASALLA,  DISTRITO DE TUPAC AMARU INCA - PROVINCIA DE PISCO - DEPARTAMENTO DE ICA;1172627.88;PEN;28;Licitación Pública Abreviada;works;Alta competencia
1195446;20131365994;INSTITUTO NACIONAL DE INNOVACION AGRARIA - INIA;LIMA;LIMA;MEJORAMIENTO DE LOS SERVICIOS DE INVESTIGACIÓN Y TRANSFERENCIA DE TECNOLOGÍAS PARA EL MANEJO SOSTENIBLE DE LA GANADERÍA CAPRINA EN BOSQUE SECO Y COSTA CENTRAL EN LOS DEPARTAMENTOS DE TUMBES, PIURA, LAMBAYEQUE, AMAZONAS, LA LIBERTAD, ANCASH Y LIMA.  DISTRITO DE - TODOS - - PROVINCIA DE - TODOS - - DEPARTAMENTO DE -MUL.DEP-;1653016.84;PEN;85;Licitación Pública Abreviada;works;Alta competencia
1195566;20449347448;UNIVERSIDAD NACIONAL DE MOQUEGUA;MOQUEGUA;MARISCAL NIETO;MEJORAMIENTO DE LOS SERVICIOS ACADÉMICOS Y ADMINISTRATIVOS DE LA ESCUELA PROFESIONAL DE INGENIERÍA AGROINDUSTRIAL, SEDE MOQUEGUA, UNIVERSIDAD NACIONAL DE MOQUEGUA, DISTRITO DE MOQUEGUA, PROVINCIA DE MARISCAL NIETO, DEPARTAMENTO DE MOQUEGUA;110596.5;PEN;56;Licitación Pública Abreviada;goods;Alta competencia
1195790;20278885420;GOBIERNO REGIONAL DE ICA - PROYECTO ESPECIAL TAMBO CCARACOCHA;ICA;ICA;CONTROL DE DESBORDES E INUNDACIONES EN EL RIO ICA Y QUEBRADA CANSAS/CHANCHAJALLA;135000;PEN;7;Concurso Público Abreviado;services;Baja competencia
1204009;20159249698;MUNICIPALIDAD DISTRITAL DE CATACAOS;PIURA;PIURA;"CONSTRUCCION DE CANAL DE DRENAJE; EN EL(LA) DREN DE LOS SECHURAS ENTRE JIRON AREQUIPA Y JIRON TRUJILLO DEL CENTRO POBLADO MONTE SULLON  DISTRITO DE CATACAOS, PROVINCIA PIURA, DEPARTAMENTO PIURA";1319514.14;PEN;13;Licitación Pública Abreviada;works;Mediana competencia
1188569;20131376848;MUNICIPALIDAD DISTRITAL DE MAGDALENA DEL MAR;LIMA;LIMA;MEJORAMIENTO DEL SERVICIO DE MOVILIDAD URBANA EN LAS VÍAS LOCALES DEL JR. RICARDO REY BASADRE CUADRA 1 HASTA LA CUADRA 5 EN EL  DE CENTRO POBLADO MAGDALENA DEL MAR DISTRITO DE MAGDALENA DEL MAR DE LA PROVINCIA DE LIMA DEL DEPARTAMENTO DE LIMA;342017.71;PEN;31;Licitación Pública Abreviada;works;Alta competencia
1228649;20175831747;MUNICIPALIDAD DISTRITAL DE ANCO HUALLO;APURIMAC;CHINCHEROS;MEJORAMIENTO DE SERVICIOS EDUCATIVOS DEL CENTRO RURAL DE FORMACION ALTERNANCIA (CRFA) JATUN RURUPA DEL CENTRO POBLADO DE VISTA ALEGRE DE LA LOCALIDAD DE URIPA, DISTRITO DE ANCO_HUALLO - CHINCHEROS - APURIMAC;349215.45;PEN;12;Concurso Público Abreviado;services;Mediana competencia
1217724;20200617585;MUNICIPALIDAD DISTRITAL DE CANARIA;AYACUCHO;VICTOR FAJARDO;MEJORAMIENTO DEL SERVICIO DE MOVILIDAD URBANA VEHICULAR Y PEATONAL MEDIANTE PISTAS Y VEREDAS EN LAS PRINCIPALES CALLES DE LA LOCALIDAD DE CANARIA DEL DISTRITO DE CANARIA - PROVINCIA DE VICTOR FAJARDO - DEPARTAMENTO DE AYACUCHO;297926.99;PEN;13;Concurso Público Abreviado;services;Mediana competencia
1195317;20368999726;GOBIERNO REGIONAL DE CAJAMARCA - GERENCIA SUB REGIONAL CHOTA;CAJAMARCA;CHOTA;MEJORAMIENTO DEL SERVICIO EDUCATIVO PRIMARIO  EN LA I.E.P N° 10460  LA PUCARA Y  LA I.E.P. N° 10449 CHUCMAR DEL DISTRITO DE TACABAMBA - PROVINCIA DE CHOTA - DEPARTAMENTO DE CAJAMARCA;13539621.71;PEN;20;Licitación Pública;works;Mediana competencia
1198513;20159312055;MUNICIPALIDAD DISTRITAL DE LARES;CUSCO;CALCA;MEJORAMIENTO DEL SERVICIO DE PRÁCTICA DEPORTIVA Y/O RECREATIVA EN EL ESTADIO DE LA COMUNIDAD DE UMAPATA DEL   DISTRITO DE LARES DE LA PROVINCIA DE CALCA DEL DEPARTAMENTO DE CUSCO;156770;PEN;22;Concurso Público Abreviado;services;Alta competencia
1196715;20154491288;MUNICIPALIDAD DISTRITAL DE EL ALGARROBAL;MOQUEGUA;ILO;MEJORAMIENTO Y AMPLIACION DEL SERVICIO DE HABITABILIDAD INSTITUCIONAL EN LA INFRAESTRUCTURA DEL TALLER MECANICO MUNICIPAL Y MAESTRANZA INSTITUCIONAL DE LA MUNICIPALIDAD DEL   DISTRITO DE EL ALGARROBAL DE LA PROVINCIA DE ILO DEL DEPARTAMENTO DE MOQUEGUA;612640;PEN;29;Concurso Público de Servicios;services;Alta competencia
1197811;20222304921;MUNICIPALIDAD DISTRITAL DE HUALLANCA - BOLOGNESI;ANCASH;BOLOGNESI;MEJORAMIENTO DEL SERVICIOS DE ESPACIOS PÚBLICOS URBANOS EN LAS AREAS VERDES EN EL BARRIO DE CHASHIN   DISTRITO DE HUALLANCA DE LA PROVINCIA DE BOLOGNESI DEL DEPARTAMENTO DE ANCASH;674895.61;PEN;8;Licitación Pública Abreviada;works;Baja competencia
1201034;20406325815;GOBIERNO REGIONAL DE PUNO SEDE CENTRAL;PUNO;PUNO;MEJORAMIENTO DE LOS SERVICIOS DE SALUD DEL CENTRO DE SALUD COJATA,  DISTRITO DE COJATA - PROVINCIA DE HUANCANE - DEPARTAMENTO DE PUNO;527150.63;PEN;16;Licitación Pública Abreviada;goods;Mediana competencia
1197933;20527147612;GOBIERNO REGIONAL DE CUSCO SEDE CENTRAL;CUSCO;CUSCO;MEJORAMIENTO Y AMPLIACION DEL SISTEMA DE AGUA POTABLE Y DESAGUE  EN EL CENTRO POBLADO DE HUARO, DISTRITO DE HUARO, PROVINCIA DE QUISPICANCHI - CUSCO;397800;PEN;5;Subasta Inversa Electrónica;goods;Baja competencia
1195832;20232724588;MUNICIPALIDAD DISTRITAL DE SURCUBAMBA;HUANCAVELICA;TAYACAJA;"RENOVACION DE PUENTE; EN EL(LA) CAMINO VECINAL TRAMO: CHIQUIAC - C.P. SACHACOTO DEL  DISTRITO DE SURCUBAMBA, PROVINCIA TAYACAJA, DEPARTAMENTO HUANCAVELICA";585644.47;PEN;5;Licitación Pública Abreviada;works;Baja competencia
1231406;20146721410;MUNICIPALIDAD PROVINCIAL DE SECHURA;PIURA;SECHURA;MEJORAMIENTO DEL SERVICIO DE TRANSITABILIDAD VEHICULAR Y PEATONAL EN EL BARRIO LA PERA, DEL CASERIO TAJAMAR DEL DISTRITO DE SECHURA - PROVINCIA DE SECHURA - DEPARTAMENTO DE PIURA;1561157.11;PEN;32;Licitación Pública Abreviada;works;Alta competencia
1192399;20527141762;GOBIERNO REGIONAL DE APURIMAC SEDE CENTRAL;APURIMAC;ABANCAY;MEJORAMIENTO DEL SERVICIO EDUCATIVO EN LAS INSTITUCIONES EDUCATIVAS DEL NIVEL PRIMARIO N 54385 SEÑOR DE LA EXALTACION, N 54621 FIDELIA VALENZUELA Y N 54389 PATAPATA, DISTRITO DE CHUQUIBAMBILLA PROVINCIA DE GRAU - REGIÓN APURIMAC;309150;PEN;29;Licitación Pública Abreviada;goods;Alta competencia
1211691;20546677444;UNIDAD EJECUTORA 003:PROGRAMA MODERNIZACION DEL SISTEMA DE ADMINISTRACION DE JUSTICIA;LIMA;LIMA;MEJORAMIENTO DE LOS SERVICIOS DE JUSTICIA NO PENALES A TRAVÉS DE LA IMPLEMENTACIÓN DEL EXPEDIENTE JUDICIAL ELECTRÓNICO (EJE).;40500;PEN;3;Convenio;services;Baja competencia
1193077;20527143200;GOBIERNO REGIONAL DE MADRE DE DIOS SEDE CENTRAL;MADRE DE DIOS;TAMBOPATA;CREACION DEL SERVICIO DE EDUCACIÓN SECUNDARIA EN I.E. 52026  DE CENTRO POBLADO EL CASTAÑAL DISTRITO DE TAMBOPATA DE LA PROVINCIA DE TAMBOPATA DEL DEPARTAMENTO DE MADRE DE DIOS;557500;PEN;7;Licitación Pública Abreviada;goods;Baja competencia
1192372;20207763820;MUNICIPALIDAD DISTRITAL CONSTITUCION - PASCO;PASCO;OXAPAMPA;"REMODELACION DE EDIFICACION; EN EL(LA) I.E. LAS ORQUIDEAS EN EL CENTRO POBLADO EL MIRADOR, DISTRITO DE CONSTITUCION, PROVINCIA OXAPAMPA, DEPARTAMENTO PASCO";362248.9;PEN;7;Licitación Pública Abreviada;works;Baja competencia
1194999;20519610214;MUNICIPALIDAD DISTRITAL DE CORONEL GREGORIO ALBARRACIN LANCHIPA;TACNA;TACNA;CREACION DEL SERVICIOS DE ESPACIOS PÚBLICOS URBANOS EN LA ASOCIACION DE VIVIENDA RIO SECO - PROGRAMA DE VIVIENDA REGIONAL SECTOR ARUNTA - RECREACION LOTE 10 DEL   DISTRITO DE CORONEL GREGORIO ALBARRACIN LANCHIPA DE LA PROVINCIA DE TACNA DEL DEPARTAMENTO DE TACNA;83160;PEN;7;Subasta Inversa Electrónica;goods;Baja competencia
1200216;20323089451;MUNICIPALIDAD DISTRITAL DE RAPAYAN;ANCASH;HUARI;MEJORAMIENTO Y AMPLIACION DE LOS SERVICIOS DEL SISTEMA DE AGUA POTABLE Y ALCANTARILLADO SANITARIO DE LA LOCALIDAD DE RAPAYAN, DISTRITO DE RAPAYAN - HUARI - ANCASH;308769;PEN;10;Concurso Público Abreviado;services;Mediana competencia
1195258;20453744168;GOBIERNO REGIONAL DE CAJAMARCA SEDE CENTRAL;CAJAMARCA;CAJAMARCA;CONSTRUCCION CARRETERA CORTEGANA - SAN ANTONIO - EL CALVARIO - TRES CRUCES - CANDEN, DISTRITO DE CORTEGANA, PROVINCIA DE CELENDIN - CAJAMARCA;288752;PEN;1;Contratación Directa;services;Baja competencia
1199690;20200617585;MUNICIPALIDAD DISTRITAL DE CANARIA;AYACUCHO;VICTOR FAJARDO;MEJORAMIENTO DEL SERVICIO DE MOVILIDAD URBANA VEHICULAR Y PEATONAL MEDIANTE PISTAS Y VEREDAS EN LAS PRINCIPALES CALLES DE LA LOCALIDAD DE CANARIA DEL DISTRITO DE CANARIA - PROVINCIA DE VICTOR FAJARDO - DEPARTAMENTO DE AYACUCHO;297926.99;PEN;11;Concurso Público Abreviado;services;Mediana competencia
1197513;20185898343;GOBIERNO REGIONAL DE APURIMAC-CHANKA;APURIMAC;ABANCAY;MEJORAMIENTO Y AMPLIACION DEL SERVICIO DE AGUA PARA RIEGO EN ANCCARAYLLA, CCACCE,CHAVELAYOC, PALMA REAL,SANTA ROSA ALTA,UNIÓN CLAVELES,CUNCAYOC,CCACHCCARUMIHUAYCCO, RAYANNIYOC,CCOCHO MOCCO, SANTA ANITA,AÑASORCCO,SACHAYOC MOCCO,CABALLO OCCO,PURMACC WASICUCHO, POTRERO OCCO,CCALLPA MOCCO,CUMANAYLLA,CHECCHE,SACLAYA, ÑAHUINPUQUIO, HUARACCOPATA, CCANCHUPATA Y CHAQUICCOCHAPATA, EN LOS DISTRITOS DE ANDAHUAYLAS, SAN JERONIMO Y JOSE MARIA ARGUEDAS DE LA  PROVINCIA DE ANDAHUAYLAS - DEPARTAMENTO DE APURIMAC;235342.3;PEN;29;Licitación Pública Abreviada;goods;Alta competencia
1207896;20546677444;UNIDAD EJECUTORA 003:PROGRAMA MODERNIZACION DEL SISTEMA DE ADMINISTRACION DE JUSTICIA;LIMA;LIMA;MEJORAMIENTO DE LOS SERVICIOS DE JUSTICIA NO PENALES A TRAVÉS DE LA IMPLEMENTACIÓN DEL EXPEDIENTE JUDICIAL ELECTRÓNICO (EJE).;14500;PEN;1;Convenio;services;Baja competencia
1197274;20452393493;GOBIERNO REGIONAL DE AYACUCHO SEDE CENTRAL;AYACUCHO;HUAMANGA;CREACION DE CAMINO VECINAL ENTRE LAS COMUNIDADES DE SAN JOSE-SILLACCASA Y YANTA YANTA  EN EL DISTRITO DE SANTA ROSA, PROVINCIA DE LA MAR - AYACUCHO;486000;PEN;16;Concurso Público Abreviado;services;Mediana competencia
1192914;20187630101;MUNICIPALIDAD PROVINCIAL DE SANTIAGO DE CHUCO;LA LIBERTAD;SANTIAGO DE CHUCO;MEJORAMIENTO DEL SERVICIO DE MOVILIDAD URBANA EN LAS CALLES MARISCAL CASTILLA CUADRA 18 Y CALLE FABLA SALVAJE CUADRA 7   DISTRITO DE SANTIAGO DE CHUCO DE LA PROVINCIA DE SANTIAGO DE CHUCO DEL DEPARTAMENTO DE LA LIBERTAD;243821.88;PEN;9;Licitación Pública Abreviada;works;Baja competencia
1196708;20228443264;GOBIERNO REGIONAL DE CUSCO-AGRICULTURA;CUSCO;CUSCO;MEJORAMIENTO DEL SERVICIO DE INOCUIDAD AGROPECUARIA EN LAS ZONAS ALTOANDINAS DE LAS 13 PROVINCIAS   DISTRITO DE CUSCO DE LA PROVINCIA DE CUSCO DEL DEPARTAMENTO DE CUSCO;802500;PEN;14;Licitación Pública Abreviada Homologación;goods;Mediana competencia
1197398;20494642078;GOBIERNO REGIONAL DE AYACUCHO - PROGRAMA REGIONAL DE IRRIGACION Y DESARROLLO RURAL INTEGRADO;AYACUCHO;HUAMANGA;MEJORAMIENTO DEL SERVICIO DE AGUA PARA EL SISTEMA DE RIEGO EN 25 COMUNIDADES DE LA CUENCA DEL VALLE DE TOROBAMBA EN EL  DISTRITO DE SAN MIGUEL - PROVINCIA DE LA MAR - DEPARTAMENTO DE AYACUCHO;13712465.99;PEN;13;Concurso Público de Servicios;services;Mediana competencia
1195087;20184168082;MUNICIPALIDAD DISTRITAL DE HUAMANQUIQUIA;AYACUCHO;VICTOR FAJARDO;MEJORAMIENTO DEL SERVICIO DE AGUA PARA RIEGO EN LOS SECTORES DE CHUCHINHUAYCCO-CHAUPIURCCO-SANCAYHUASI-CCACCYAMARCA, PUCAPAMPA Y SAIRE DEL ANEXO DE SAN JUAN DE PATARÁ, DISTRITO DE HUAMANQUIQUIA - VICTOR FAJARDO - AYACUCHO;183650.86;PEN;9;Concurso Público Abreviado;services;Baja competencia
1199966;20187630101;MUNICIPALIDAD PROVINCIAL DE SANTIAGO DE CHUCO;LA LIBERTAD;SANTIAGO DE CHUCO;MEJORAMIENTO DEL SERVICIO DE TRÁNSITO PEATONAL INTERURBANO O RURAL EN EL CAMINO SECTOR EL PEREGRINO   DISTRITO DE SANTIAGO DE CHUCO DE LA PROVINCIA DE SANTIAGO DE CHUCO DEL DEPARTAMENTO DE LA LIBERTAD;771698.76;PEN;7;Licitación Pública Abreviada;works;Baja competencia
1200073;20185898343;GOBIERNO REGIONAL DE APURIMAC-CHANKA;APURIMAC;ABANCAY;MEJORAMIENTO DE LOS SERVICIOS DE GESTIÓN DE LA GERENCIA SUB REGIONAL CHANKA ANDAHUAYLAS, PROVINCIA DE ANDAHUAYLAS, REGIÓN APURÍMAC;166171.2;PEN;31;Concurso Público Abreviado;services;Alta competencia
1192332;20444054400;GOBIERNO REGIONAL DE HUANCAVELICA-HOSPITAL DEPARTAMENTAL DE HUANCAVELICA;HUANCAVELICA;HUANCAVELICA;"ADQUISICION DE CAMA CAMILLA MULTIPROPOSITO TIPO UCI, VENTILADOR MECANICO Y MONITOR MULTI PARAMETRO; CONSTRUCCION DE SALA DE CUIDADOS INTENSIVOS; ADEMÁS DE OTROS ACTIVOS EN EL(LA) HOSPITAL DEPARTAMENTAL DE HUANCAVELICA AV. ANDRES A. CACERES S/N BARRIO YANANACO HUANCAVELICA DISTRITO DE HUANCAVELICA, PROVINCIA HUANCAVELICA, DEPARTAMENTO HUANCAVELICA";2059987.25;PEN;9;Licitación Pública Abreviada;works;Baja competencia
1193440;20154442821;MUNICIPALIDAD DISTRITAL DE ANCHONGA;HUANCAVELICA;ANGARAES;"RENOVACION DE SISTEMA DE ABASTECIMIENTO DE AGUA POTABLE; EN EL(LA) LOCALIDAD DE RANTAY  DISTRITO DE ANCHONGA, PROVINCIA ANGARAES, DEPARTAMENTO HUANCAVELICA";210476.5;PEN;8;Licitación Pública Abreviada;works;Baja competencia
1194765;20498390570;GOBIERNO REGIONAL DE AREQUIPA Sede Central;AREQUIPA;AREQUIPA;MEJORAMIENTO DE LOS SERVICIOS EDUCATIVOS EN EL NIVEL SECUNDARIA DE LA INSTITUCION EDUCATIVA SEBASTIAN BARRANCA, DEL DISTRITO DE CAMANA - PROVINCIA DE CAMANA - DEPARTAMENTO DE AREQUIPA;226688;PEN;28;Licitación Pública Abreviada;goods;Alta competencia
1202386;20498390570;GOBIERNO REGIONAL DE AREQUIPA Sede Central;AREQUIPA;AREQUIPA;MEJORAMIENTO DE LOS SERVICIOS EDUCATIVOS EN EL NIVEL SECUNDARIA DE LA INSTITUCION EDUCATIVA SEBASTIAN BARRANCA, DEL DISTRITO DE CAMANA - PROVINCIA DE CAMANA - DEPARTAMENTO DE AREQUIPA;93411.45;PEN;26;Licitación Pública Abreviada;goods;Alta competencia
1194340;20199190211;MUNICIPALIDAD DISTRITAL DE NUEVO OCCORO;HUANCAVELICA;HUANCAVELICA;"REMODELACION DE AMBIENTE DE ATENCION AL CIUDADANO; EN EL(LA) SERVICIO DE GESTION COMUNAL EN LA LOCALIDAD DE TAMBOPATA DEL  DISTRITO DE NUEVO OCCORO, PROVINCIA HUANCAVELICA, DEPARTAMENTO HUANCAVELICA";172492;PEN;4;Licitación Pública Abreviada;works;Baja competencia
1201194;20165191383;MUNICIPALIDAD DISTRITAL DE SAN ANTONIO - PUNO;PUNO;PUNO;MEJORAMIENTO DE LOS SERVICIOS OPERATIVOS O MISIONALES INSTITUCIONALES EN MUNICIPALIDAD DISTRITAL DE SAN ANTONIO   DISTRITO DE SAN ANTONIO DE LA PROVINCIA DE PUNO DEL DEPARTAMENTO DE PUNO;935541.76;PEN;17;Licitación Pública;goods;Mediana competencia
1192584;20162368614;MUNICIPALIDAD DISTRITAL DE SANTA ROSA - CHICLAYO;LAMBAYEQUE;CHICLAYO;MEJORAMIENTO Y AMPLIACION DEL SERVICIO DE PRÁCTICA DEPORTIVA Y/O RECREATIVA EN AREA RECREATIVA EN LA HABILITACION URBANA SEÑOR NAZARENO CAUTIVO  DE CENTRO POBLADO SANTA ROSA DISTRITO DE SANTA ROSA DE LA PROVINCIA DE CHICLAYO DEL DEPARTAMENTO DE LAMBAYEQUE;1358180.37;PEN;23;Licitación Pública Abreviada;works;Alta competencia
1224107;20437274518;GOBIERNO REGIONAL DE LAMBAYEQUE - HOSPITAL REGIONAL DOCENTE LAS MERCEDES - CHICLAYO;LAMBAYEQUE;CHICLAYO;"ADQUISICION DE GRUPO ELECTROGENO, GRUPO ELECTROGENO Y CALDERO; REMODELACION DE CASA DE FUERZA; EN EL(LA) HOSPITAL REGIONAL DOCENTE LAS MERCEDES  DISTRITO DE CHICLAYO, PROVINCIA CHICLAYO, DEPARTAMENTO LAMBAYEQUE";792083.66;PEN;29;Licitación Pública;goods;Alta competencia
1200307;20146926143;MUNICIPALIDAD DISTRITAL DE HUATA - HUAYLAS;ANCASH;HUAYLAS;MEJORAMIENTO DEL SERVICIO DE TRANSITABILIDAD VIAL INTERURBANA EN DE LA PROGRESIVA 0+000 HASTA 9+300 DEL CAMINO VECINAL  CHOQUECHACA - HUATA DEL   DISTRITO DE HUATA DE LA PROVINCIA DE HUAYLAS DEL DEPARTAMENTO DE ANCASH;120000;PEN;8;Concurso Público Abreviado;services;Baja competencia
1192794;20198357660;MUNICIPALIDAD DISTRITAL DE PONTO;ANCASH;HUARI;"RENOVACION DE MURO DE CONTENCION, SERVICIOS HIGIENICOS Y/O VESTIDORES Y AMBIENTE DE PREPARACION Y EXPENDIO DE ALIMENTOS; EN EL(LA) I.E. 297 EN EL CENTRO POBLADO PONTO, DISTRITO DE PONTO, PROVINCIA HUARI, DEPARTAMENTO ANCASH";259044.15;PEN;7;Licitación Pública Abreviada;works;Baja competencia
1188499;20213726766;MUNICIPALIDAD DISTRITAL DE SAN FRANCISCO DE ASIS;HUANUCO;LAURICOCHA;INSTALACION Y AMPLIACIÓN DEL SERVICIO DE SANEAMIENTO BÁSICO INTEGRAL EN LAS LOCALIDADES DE CARAMARCA Y HUANCABAMBA, DISTRITO DE SAN FRANCISCO DE ASIS - LAURICOCHA - HUANUCO;482270;PEN;10;Concurso Público Abreviado;services;Mediana competencia
1200706;20165195290;MUNICIPALIDAD PROVINCIAL DE SAN ROMAN - JULIACA;PUNO;SAN ROMAN;MEJORAMIENTO DEL SERVICIO DE MOVILIDAD URBANA EN LA URBANIZACION PROLONGACION TAMBOPATA Y VIAS CONEXAS DEL DISTRITO DE JULIACA - PROVINCIA DE SAN ROMAN - DEPARTAMENTO DE PUNO;132335.55;PEN;20;Concurso Público Abreviado;services;Mediana competencia
1198312;20477936882;PROGRAMA DE DESARROLLO PRODUCTIVO AGRARIO RURAL - AGRO RURAL;LIMA;LIMA;RECUPERACION DE ECOSISTEMAS FORESTALES BAJO SISTEMAS SILVOPASTORILES, IMPACTADOS POR ACTIVIDADES ANTRÓPICAS EN LOS DISTRITOS DE TAHUAMANU, IBERIA Y IÑAPARI DE LA  PROVINCIA DE TAHUAMANU - DEPARTAMENTO DE MADRE DE DIOS;114480;PEN;9;Concurso Público Abreviado;services;Baja competencia
1201564;20477936882;PROGRAMA DE DESARROLLO PRODUCTIVO AGRARIO RURAL - AGRO RURAL;LIMA;LIMA;RECUPERACION DE ECOSISTEMAS FORESTALES BAJO SISTEMAS SILVOPASTORILES, IMPACTADOS POR ACTIVIDADES ANTRÓPICAS EN LOS DISTRITOS DE TAHUAMANU, IBERIA Y IÑAPARI DE LA  PROVINCIA DE TAHUAMANU - DEPARTAMENTO DE MADRE DE DIOS;525549;PEN;8;Licitación Pública;goods;Baja competencia
1200051;20147028491;MUNICIPALIDAD DISTRITAL DE EL CARMEN DE LA FRONTERA - SAPALACHE;PIURA;HUANCABAMBA;MEJORAMIENTO Y AMPLIACION DEL SERVICIO DE AGUA POTABLE E INSTALACIÓN DE DISPOSICIÓN SANITARIA DE EXCRETAS EN EL CASERIO ( CHULUCANAS ALTO, CHULUCANAS BAJO Y CAXAS BAÑOS DEL INCA) 3 LOCALIDADES DEL DISTRITO DE EL CARMEN DE LA FRONTERA - PROVINCIA DE HUANCABAMBA - DEPARTAMENTO DE PIURA;14835161.77;PEN;21;Licitación Pública;works;Alta competencia
1184402;20131377062;MUNICIPALIDAD DISTRITAL DE PUEBLO LIBRE - LIMA;LIMA;LIMA;CREACION DEL SERVICIO DE DIFUSIÓN CULTURAL, A TRAVÉS DE BIBLIOTECA MUNICIPAL ARQUITECTO FERNANDO BELAUNDE TERRY, UBICADO ENTRE LAS CALLES CARLOS CUETO FERNANDINI, MARIA LLANOS PASTORIZA Y PJE. MARIA E. CABREJOS, SECTOR 1 PUEBLO LIBRE DEL DISTRITO DE PUEBLO LIBRE - PROVINCIA DE LIMA - DEPARTAMENTO DE LIMA;314890;PEN;15;Concurso Público Abreviado;services;Mediana competencia
1211206;20174691267;MUNICIPALIDAD PROVINCIAL DE CUTERVO;CAJAMARCA;CUTERVO;MEJORAMIENTO DE VÍAS URBANAS EN LA CALLE LAS DALIAS Y JR. EL OBRERO EN LA CIUDAD DE CUTERVO,  DISTRITO DE CUTERVO - PROVINCIA DE CUTERVO - DEPARTAMENTO DE CAJAMARCA;1216566.14;PEN;16;Licitación Pública Abreviada;works;Mediana competencia
1195867;20232724588;MUNICIPALIDAD DISTRITAL DE SURCUBAMBA;HUANCAVELICA;TAYACAJA;"RENOVACION DE PUENTE; EN EL(LA) TRAMO PAUCARMARCA - CCOCHAPATA (PUENTE CCOCHAPATA HUAYCCO) DEL  DISTRITO DE SURCUBAMBA, PROVINCIA TAYACAJA, DEPARTAMENTO HUANCAVELICA";544452.67;PEN;6;Licitación Pública Abreviada;works;Baja competencia
1192433;20131369558;MUNICIPALIDAD PROVINCIAL DEL CALLAO;CALLAO;CALLAO;MEJORAMIENTO DEL SERVICIOS DE ESPACIOS PÚBLICOS URBANOS EN EL PARQUE MARQUEZ   DISTRITO DE CALLAO DE LA PROVINCIA CONSTITUCIONAL DEL CALLAO DEL DEPARTAMENTO DE CALLAO;588936.96;PEN;12;Licitación Pública Abreviada;works;Mediana competencia
1199806;20146721924;MUNICIPALIDAD DISTRITAL DE CURA MORI;PIURA;PIURA;"REPARACION DE VIAS VECINALES; EN EL(LA) TROCHA  CARROZABLE DEL CENTRO POBLADO POZO DE LOS RAMOS HASTA LA PANAMERICANA NUEVO SAN PEDRO, DISTRITO DE CURA MORI - PROVINCIA Y DEPARTAMENTO DE PIURA  DISTRITO DE CURA MORI, PROVINCIA PIURA, DEPARTAMENTO PIURA";2386240.11;PEN;3;Contratación Directa;works;Baja competencia
1198610;20162338545;MUNICIPALIDAD DISTRITAL DE SANTA RITA DE SIGUAS;AREQUIPA;AREQUIPA;MEJORAMIENTO DE LOS SERVICIOS FUNERARIOS Y DE SEPULTURA EN EL CEMENTERIO MUNICIPAL DEL   DISTRITO DE SANTA RITA DE SIGUAS DE LA PROVINCIA DE AREQUIPA DEL DEPARTAMENTO DE AREQUIPA;94128;PEN;13;Concurso Público Abreviado;services;Mediana competencia
1231196;20479569861;GOBIERNO REGIONAL DE AMAZONAS SEDE CENTRAL;AMAZONAS;CHACHAPOYAS;CREACION DEL ESTADIO MUNICIPAL EN LA LOCALIDAD DE SAN MARCOS DEL DISTRITO DE COCHAMAL - PROVINCIA DE RODRIGUEZ DE MENDOZA - DEPARTAMENTO DE AMAZONAS;2436239.48;PEN;25;Licitación Pública Abreviada;works;Alta competencia
1195914;20148364975;MUNICIPALIDAD DISTRITAL DE JOSE LEONARDO ORTIZ;LAMBAYEQUE;CHICLAYO;MEJORAMIENTO DEL SERVICIO DE AGUA POTABLE URBANO Y MEJORAMIENTO DEL SERVICIO DE ALCANTARILLADO EN SECTOR 3 COMPRENDIDO ENTRE LA AV. AMÉRICA, AV. EL DORADO, AV JOSÉ BALTA Y AV MEXICO   DISTRITO DE JOSE LEONARDO ORTIZ DE LA PROVINCIA DE CHICLAYO DEL DEPARTAMENTO DE LAMBAYEQUE;100000;PEN;20;Concurso Público Abreviado;services;Mediana competencia
1194275;20148421103;MUNICIPALIDAD PROVINCIAL DE PISCO;ICA;PISCO;CREACION DEL PARQUE RECREACIONAL EN EL CENTRO POBLADO CANAAN DEL  DISTRITO DE INDEPENDENCIA - PROVINCIA DE PISCO - DEPARTAMENTO DE ICA;1652256.99;PEN;14;Licitación Pública Abreviada;works;Mediana competencia
1194075;20178082222;MUNICIPALIDAD PROVINCIAL DE CONDORCANQUI - NIEVA;AMAZONAS;CONDORCANQUI;CREACION DE LOS SERVICIOS DE PROTECCIÓN EN RIBERAS DE RÍO VULNERABLES ANTE EL PELIGRO EN RIO NIEVA   DISTRITO DE NIEVA DE LA PROVINCIA DE CONDORCANQUI DEL DEPARTAMENTO DE AMAZONAS;7577273.31;PEN;5;Contratación Directa;services;Baja competencia
1237373;20143625843;MUNICIPALIDAD PROVINCIAL DE SAN MIGUEL;CAJAMARCA;SAN MIGUEL;CREACION DEL SERVICIO DE PRÁCTICA DEPORTIVA Y/O RECREATIVA EN SAN SILVESTRES DE COCHAN   DISTRITO DE SAN SILVESTRE DE COCHAN DE LA PROVINCIA DE SAN MIGUEL DEL DEPARTAMENTO DE CAJAMARCA;1143003.87;PEN;16;Licitación Pública Abreviada;works;Mediana competencia
1200732;20202505695;MUNICIPALIDAD PROVINCIAL DE BOLIVAR;LA LIBERTAD;BOLIVAR;CREACION DEL SERVICIO DE TRANSITABILIDAD EN EL CAMINO VECINAL CHALABAMBA - YALEN DEL DISTRITO DE BOLIVAR - PROVINCIA DE BOLIVAR - DEPARTAMENTO DE LA LIBERTAD;26508288.9;PEN;17;Licitación Pública;works;Mediana competencia
1193910;20275817814;MUNICIPALIDAD DISTRITAL DE PATAZ;LA LIBERTAD;PATAZ;AMPLIACION DEL SERVICIO DE MOVILIDAD URBANA EN EN EL ANEXO DE CHUQUITAMBO,   DISTRITO DE PATAZ DE LA PROVINCIA DE PATAZ DEL DEPARTAMENTO DE LA LIBERTAD;2718184.04;PEN;19;Licitación Pública Abreviada;works;Mediana competencia
1195912;20175113194;MUNICIPALIDAD DISTRITAL DE PACASMAYO;LA LIBERTAD;PACASMAYO;"CONSTRUCCION DE CERCO PERIMETRICO; EN EL(LA) COMPAÑÍA DE BOMBEROS SALVADORA DE PACASMAYO N°23 DEL  DISTRITO DE PACASMAYO, PROVINCIA PACASMAYO, DEPARTAMENTO LA LIBERTAD";330202.53;PEN;13;Licitación Pública Abreviada;works;Mediana competencia
1234732;20143625843;MUNICIPALIDAD PROVINCIAL DE SAN MIGUEL;CAJAMARCA;SAN MIGUEL;CREACION DEL SERVICIO DE PRÁCTICA DEPORTIVA Y/O RECREATIVA EN SAN SILVESTRES DE COCHAN   DISTRITO DE SAN SILVESTRE DE COCHAN DE LA PROVINCIA DE SAN MIGUEL DEL DEPARTAMENTO DE CAJAMARCA;1143003.87;PEN;16;Licitación Pública Abreviada;works;Mediana competencia
1201185;20147346434;MUNICIPALIDAD PROVINCIAL DE ESPINAR;CUSCO;ESPINAR;MEJORAMIENTO DEL SERVICIO DE DESARROLLO PRODUCTIVO PECUARIO EN LAS COMUNIDADES DEL  DISTRITO DE ESPINAR - PROVINCIA DE ESPINAR - DEPARTAMENTO DE CUSCO;270000;PEN;4;Subasta Inversa Electrónica;goods;Baja competencia
1193555;20159308961;MUNICIPALIDAD DISTRITAL DE SAN SEBASTIAN;CUSCO;CUSCO;MEJORAMIENTO DEL SERVICIO DE MOVILIDAD URBANA EN LA APV. MIRADOR DANIEL ESTRADA PEREZ Y LA ADV SAN PEDRO MIRADOR   DISTRITO DE SAN SEBASTIAN DE LA PROVINCIA DE CUSCO DEL DEPARTAMENTO DE CUSCO;78000;PEN;16;Subasta Inversa Electrónica;goods;Mediana competencia
1198777;20131367008;INSTITUTO GEOFISICO DEL PERU;LIMA;LIMA;MEJORAMIENTO DEL SERVICIO DE LABORATORIO NACIONAL DE INSTRUMENTACION GEOFISICA PARA LA GENERACION DE INFORMACION BASE EN GESTION DE RIESGOS DE DESASTRES CAUSADOS POR SISMOS, TSUNAMIS, FALLAS ACTIVAS Y GEODINAMICA DE SUPERFICIE,  LA MOLINA,  LIMA;202300;PEN;6;Licitación Pública Abreviada;goods;Baja competencia
1194090;20192042357;MUNICIPALIDAD DISTRITAL DE SAN MIGUEL CHACCRAMPA;APURIMAC;ANDAHUAYLAS;MEJORAMIENTO Y AMPLIACION DEL SISTEMA DE AGUA POTABLE, ALCANTARILLADO, PLANTA DE TRATAMIENTO E INSTALACIÓN DE UNIDADES BÁSICAS DE SANEAMIENTO EN IGLESIA PATA, SAN ISIDRO DE TACTA, VIRGEN DEL TAMBO, SANTA CRUZ DE MONTA Y RUYACC CORRAL  EN LAS 5 LOCALIDADES DEL DISTRITO DE SAN MIGUEL DE CHACCRAMPA - PROVINCIA DE ANDAHUAYLAS - DEPARTAMENTO DE APURIMAC;335412.57;PEN;11;Concurso Público Abreviado;services;Mediana competencia
1201596;20202505695;MUNICIPALIDAD PROVINCIAL DE BOLIVAR;LA LIBERTAD;BOLIVAR;CREACION DEL SERVICIO DE TRANSITABILIDAD EN LA TROCHA CARROZABLE UCHUMARCA - LAS QUINUAS - SECTOR AMAZONAS LOMA LLUSPE,  DISTRITO DE UCHUMARCA - PROVINCIA DE BOLIVAR - DEPARTAMENTO DE LA LIBERTAD;1579716.24;PEN;15;Concurso Público para Consultoría;services;Mediana competencia
1213389;20190184821;MUNICIPALIDAD DISTRITAL DE HUAYLLAY;PASCO;PASCO;CREACION DEL PARQUE PRINCIPAL EN EL CENTRO POBLADO DE CANCHACUCHO DEL  DISTRITO DE HUAYLLAY - PROVINCIA DE PASCO - DEPARTAMENTO DE PASCO;150000;PEN;12;Concurso Público Abreviado;services;Mediana competencia
1195174;20229173074;MUNICIPALIDAD DISTRITAL DE HUANDOVAL;ANCASH;PALLASCA;CREACION DEL SERVICIO DE PROVISIÓN DE AGUA PARA RIEGO EN SISTEMA DE RIEGO TECNIFICADO EN LOS SECTORES CALAMBALLE Y LAS TUNAS, DEL   DISTRITO DE HUANDOVAL DE LA PROVINCIA DE PALLASCA DEL DEPARTAMENTO DE ANCASH;212300.26;PEN;42;Licitación Pública Abreviada;goods;Alta competencia
1222771;20177217043;MUNICIPALIDAD PROVINCIAL DEL CUSCO;CUSCO;CUSCO;MEJORAMIENTO Y AMPLIACION DEL SERVICIO DE EDUCACIÓN SECUNDARIA EN I.E. CCORCA  DE CENTRO POBLADO CCORCA DISTRITO DE CCORCA DE LA PROVINCIA DE CUSCO DEL DEPARTAMENTO DE CUSCO;64600;PEN;51;Concurso Público Abreviado;services;Alta competencia
1199859;20148260843;MUNICIPALIDAD PROVINCIAL DE HUALGAYOC - BAMBAMARCA;CAJAMARCA;HUALGAYOC;MEJORAMIENTO DEL SERVICIO DE PRÁCTICA DEPORTIVA Y/O RECREATIVA EN EL BARRIO AGOMARCA ALTO DEL   DISTRITO DE BAMBAMARCA DE LA PROVINCIA DE HUALGAYOC DEL DEPARTAMENTO DE CAJAMARCA;60277.35;PEN;14;Concurso Público Abreviado;services;Mediana competencia
1197964;20489250731;GOBIERNO REGIONAL DE HUANUCO SEDE CENTRAL;HUANUCO;HUANUCO;RECUPERACION DE LOS SERVICIOS DE PROTECCIÓN DE LOS ECOSISTEMAS EN EL ENTORNO AMBIENTAL Y CONTROL DE EROSIÓN DE SUELOS  EN LA MICROCUENCA DE 6 LOCALIDADES DEL DISTRITO DE HUANUCO - PROVINCIA DE HUANUCO - DEPARTAMENTO DE HUANUCO;338615.2;PEN;14;Licitación Pública Abreviada;goods;Mediana competencia
1201093;20154470108;MUNICIPALIDAD DISTRITAL DE SAMEGUA;MOQUEGUA;MARISCAL NIETO;CREACION DEL SERVICIO DE MOVILIDAD URBANA EN LA ASOCIACION DE VIVIENDA INTERNACIONAL I Y II ETAPA DE LA JUNTA VECINAL HORACIO ZEBALLOS GÁMEZ,  DISTRITO DE SAMEGUA - PROVINCIA DE MARISCAL NIETO - DEPARTAMENTO DE MOQUEGUA;113294.85;PEN;17;Licitación Pública Abreviada;goods;Mediana competencia
1193277;20519752515;GOBIERNO REGIONAL DE TACNA SEDE CENTRAL;TACNA;TACNA;RECUPERACION DEL SERVICIO DE SIEMBRA Y COSECHA DE AGUA EN LAS UNIDADES HIDROGRAFICAS: CAÑO, UCHUSUMA, MAURI EN EL TERRITORIO HIDRICO PRODUCTIVO DE LA COMUNIDAD CAMPESINA DE ANCOMARCA,   DISTRITO DE PALCA DE LA PROVINCIA DE TACNA DEL DEPARTAMENTO DE TACNA;78000;PEN;4;Concurso Público Abreviado;services;Baja competencia
1197816;20131365994;INSTITUTO NACIONAL DE INNOVACION AGRARIA - INIA;LIMA;LIMA;MEJORAMIENTO DE LOS SERVICIOS DE INVESTIGACIÓN Y TRANSFERENCIA DE TECNOLOGÍA AGRARIA EN LA ESTACIÓN EXPERIMENTAL AGRARIA EL CHIRA MARCAVELICA DEL DISTRITO DE MARCAVELICA - PROVINCIA DE SULLANA - DEPARTAMENTO DE PIURA;3026487.62;PEN;75;Licitación Pública Abreviada;works;Alta competencia
1201923;20200966083;MUNICIPALIDAD DISTRITAL DE ASUNCION - CHACHAPOYAS;AMAZONAS;CHACHAPOYAS;MEJORAMIENTO Y AMPLIACION DEL SERVICIO DE AGUA POTABLE RURAL Y MEJORAMIENTO Y AMPLIACION DEL SERVICIO DE ALCANTARILLADO U OTRAS FORMAS DE DISPOSICIÓN SANITARIA DE EXCRETAS EN LAS LOCALIDADES DE POLLAN Y VISTA HERMOSA   DISTRITO DE ASUNCION DE LA PROVINCIA DE CHACHAPOYAS DEL DEPARTAMENTO DE AMAZONAS;6020155.18;PEN;1;Contratación Directa;works;Baja competencia
1192882;20185850570;MUNICIPALIDAD DISTRITAL DE ITUATA;PUNO;CARABAYA;CREACION DEL SERVICIO DE TRANSITABILIDAD VIAL INTERURBANA EN LA TROCHA CARROZABLE DE CHIMPAPATA - PALCAPAMPA - CHOJÑAPAMPA (TRAMO II) -SECTORES (JATUN TOJO-PAUSITANI-PALLCCAPAMPA)   DISTRITO DE ITUATA DE LA PROVINCIA DE CARABAYA DEL DEPARTAMENTO DE PUNO;98000;PEN;5;Comparación de Precios;services;Baja competencia
1195448;20193334262;MUNICIPALIDAD PROVINCIAL DE YUNGAY;ANCASH;YUNGAY;"REMODELACION DE JUEGOS INFANTILES E INCLUSIVOS; CONSTRUCCION DE SERVICIOS HIGIENICOS Y/O VESTIDORES; RENOVACION DE CERCO Y/O PORTADA; EN EL(LA) PARQUE RECREACIONAL INFANTIL DEL  DISTRITO DE YUNGAY, PROVINCIA YUNGAY, DEPARTAMENTO ANCASH";833952.32;PEN;17;Licitación Pública Abreviada;works;Mediana competencia
1200296;20484004421;GOBIERNO REGIONAL DE PIURA SEDE CENTRAL;PIURA;PIURA;MEJORAMIENTO DEL SERVICIO DE MOVILIDAD URBANA EN EL PUENTE VEHICULAR URBANO, INTERSECCIÓN DE LA AVENIDA SÁNCHEZ CERRO Y ANDRÉS AVELINO CÁCERES Y SUS ACCESOS   DISTRITO DE PIURA DE LA PROVINCIA DE PIURA DEL DEPARTAMENTO DE PIURA;4918367.32;PEN;51;Concurso Público para Consultoría;services;Alta competencia
1197002;20147346434;MUNICIPALIDAD PROVINCIAL DE ESPINAR;CUSCO;ESPINAR;CREACION DEL SERVICIO DE MOVILIDAD URBANA EN LAS VÍAS LOCALES DE LA URB. DOMINGO HUARCA EN EL CENTRO POBLADO YAURI,   DISTRITO DE ESPINAR DE LA PROVINCIA DE ESPINAR DEL DEPARTAMENTO DE CUSCO;244203;PEN;18;Concurso Público Abreviado;services;Mediana competencia
1224808;20141602137;MUNICIPALIDAD DISTRITAL DE EL MILAGRO;AMAZONAS;UTCUBAMBA;CREACION DEL SERVICIO DE PRÁCTICA DEPORTIVA Y/O RECREATIVA EN EL CASERIO CAYALTI   DISTRITO DE EL MILAGRO DE LA PROVINCIA DE UTCUBAMBA DEL DEPARTAMENTO DE AMAZONAS;1399211.27;PEN;16;Licitación Pública Abreviada;works;Mediana competencia
1194745;20147034467;MUNICIPALIDAD DISTRITAL DE LAS LOMAS;PIURA;PIURA;MEJORAMIENTO DEL SISTEMA DE  AGUA PARA RIEGO DEL CANAL LATERAL OTERO, CENTRO POBLADO CHIPILLICO DEL DISTRITO DE LAS LOMAS - PROVINCIA DE PIURA - DEPARTAMENTO DE PIURA;7216144.15;PEN;16;Licitación Pública;works;Mediana competencia
1201186;20166679606;MUNICIPALIDAD PROVINCIAL DE ZARUMILLA;TUMBES;ZARUMILLA;MEJORAMIENTO DEL CAMINO VECINAL RUTA TU-514 EL PASAYO DEL  DISTRITO DE PAPAYAL - PROVINCIA DE ZARUMILLA - DEPARTAMENTO DE TUMBES;3002350.09;PEN;3;Contratación Directa;works;Baja competencia
1201343;20489250731;GOBIERNO REGIONAL DE HUANUCO SEDE CENTRAL;HUANUCO;HUANUCO;MEJORAMIENTO DE LA CAPACIDAD RESOLUTIVA DEL HOSPITAL DE TINGO MARIA;128000;PEN;4;Concurso Público Abreviado;services;Baja competencia
1200330;20170623526;MUNICIPALIDAD DISTRITAL DE CARUMAS;MOQUEGUA;MARISCAL NIETO;MEJORAMIENTO DE LOS SERVICIOS DE APOYO AL DESARROLLO PRODUCTIVO EN LA CADENA PRODUCTIVA AGRICOLA DE LA SUB GERENCIA DE DESARROLLO ECONOMICO   DISTRITO DE CARUMAS DE LA PROVINCIA DE MARISCAL NIETO DEL DEPARTAMENTO DE MOQUEGUA;224831.68;PEN;10;Licitación Pública Abreviada;goods;Mediana competencia
1201859;20195270938;MUNICIPALIDAD DISTRITAL DE SAN GABAN;PUNO;CARABAYA;MEJORAMIENTO DE LOS SERVICIOS EDUCATIVOS  DE LA IEP 72184 GLORIOSO FRANCISCO BOLOGNESI, DEL  DISTRITO DE SAN GABAN - PROVINCIA DE CARABAYA - DEPARTAMENTO DE PUNO;126600;PEN;20;Licitación Pública Abreviada;goods;Mediana competencia
1194472;20406325815;GOBIERNO REGIONAL DE PUNO SEDE CENTRAL;PUNO;PUNO;INSTALACION DE LOS SERVICIOS DE EDUCACION INICIAL  EN LA I.E.I.  CHIA, DEL  C.P. DE  CHIA, DEL DISTRITO DE OLLACHEA - PROVINCIA CARABAYA - REGION PUNO;204571.2;PEN;5;Subasta Inversa Electrónica;goods;Baja competencia
1193888;20189975920;GOBIERNO REGIONAL DE CUSCO - DIRECCION REGIONAL DE TRANSPORTES Y COMUNICACIONES CUSCO;CUSCO;CUSCO;MEJORAMIENTO DEL SERVICIO DE LA TRANSITABILIDAD VEHICULAR DE LA CARRETERA DEPARTAMENTAL CU-120, TRAMO EMP CU-119 (TINCOC) ¿ EMP. CU 117 (CUSIBAMBA) EN LOS DISTRITOS DE PACCARITAMBO Y PARURO DE LA  PROVINCIA DE PARURO - DEPARTAMENTO DE CUSCO;98400;PEN;3;Comparación de Precios;services;Baja competencia
1202220;20168804343;MUNICIPALIDAD DISTRITAL DE NINACACA;PASCO;PASCO;MEJORAMIENTO DEL SERVICIO DE APOYO AL USO SOSTENIBLE DE LA BIODIVERSIDAD EN LA LOCALIDAD DE NINACACA DEL   DISTRITO DE NINACACA DE LA PROVINCIA DE PASCO DEL DEPARTAMENTO DE PASCO;138401;PEN;4;Licitación Pública Abreviada;goods;Baja competencia
1198034;20147034467;MUNICIPALIDAD DISTRITAL DE LAS LOMAS;PIURA;PIURA;MEJORAMIENTO DEL SERVICIO DE PROVISIÓN DE AGUA PARA RIEGO DEL CANAL DOMÍNGUEZ, DEL CENTRO POBLADO CHIPILLICO DEL DISTRITO DE LAS LOMAS - PROVINCIA DE PIURA - DEPARTAMENTO DE PIURA;14894843.1;PEN;15;Licitación Pública;works;Mediana competencia
1215694;20147034467;MUNICIPALIDAD DISTRITAL DE LAS LOMAS;PIURA;PIURA;MEJORAMIENTO DEL SERVICIO DE PROVISIÓN DE AGUA PARA RIEGO DEL CANAL 03 DEL CENTRO POBLADO SAN FRANCISCO DE ASÍS,  DISTRITO DE LAS LOMAS - PROVINCIA DE PIURA - DEPARTAMENTO DE PIURA;14618820.57;PEN;16;Licitación Pública;works;Mediana competencia
1194233;20159308961;MUNICIPALIDAD DISTRITAL DE SAN SEBASTIAN;CUSCO;CUSCO;MEJORAMIENTO DEL SERVICIO DE MOVILIDAD URBANA EN LA APV. MIRADOR DANIEL ESTRADA PEREZ Y LA ADV SAN PEDRO MIRADOR   DISTRITO DE SAN SEBASTIAN DE LA PROVINCIA DE CUSCO DEL DEPARTAMENTO DE CUSCO;71500;PEN;13;Subasta Inversa Electrónica;goods;Mediana competencia
1198291;20489250731;GOBIERNO REGIONAL DE HUANUCO SEDE CENTRAL;HUANUCO;HUANUCO;MEJORAMIENTO DE LA CAPACIDAD RESOLUTIVA DEL HOSPITAL DE TINGO MARIA;203141.43;PEN;26;Licitación Pública Abreviada;goods;Alta competencia
1215058;20147034467;MUNICIPALIDAD DISTRITAL DE LAS LOMAS;PIURA;PIURA;MEJORAMIENTO DE LA INFRAESTRUCTURA  DE RIEGO, CANAL TJ-05 - DISTRITO LAS LOMAS, PROVINCIA DE PIURA - PIURA;9717381.4;PEN;22;Licitación Pública;works;Alta competencia
1194991;20143122850;MINAG - PROYECTO ESPECIAL SIERRA CENTRO SUR;AYACUCHO;HUAMANGA;MEJORAMIENTO DE LOS SERVICIOS DE APOYO AL DESARROLLO PRODUCTIVO EN LA CADENA PRODUCTIVA DE TUNA, EN LOS DISTRITOS DE TAMBILLO, QUINUA Y PACAYCASA DE LA  PROVINCIA DE HUAMANGA - DEPARTAMENTO DE AYACUCHO;82470.44;PEN;7;Licitación Pública Abreviada;goods;Baja competencia
1192200;20159311598;GOBIERNO REGIONAL DE CUSCO - PROYECTO ESPECIAL REGIONAL PLAN COPESCO;CUSCO;CUSCO;MEJORAMIENTO CARRETERA EN LOS DISTRITOS DE LANGUI, LAYO Y KUNTURKANKI DE LA  PROVINCIA DE CANAS - DEPARTAMENTO DE CUSCO;430200;PEN;21;Concurso Público Abreviado;services;Alta competencia
1198146;20218480269;MUNICIPALIDAD DISTRITAL DE LLUMPA;ANCASH;MARISCAL LUZURIAGA;CREACION DEL SERVICIO DE PROVISIÓN DE AGUA PARA RIEGO EN EL ANEXO DE SHEIRIHIRCA DE LA LOCALIDAD DE CRUZPAMPA DEL DISTRITO DE LLUMPA - PROVINCIA DE MARISCAL LUZURIAGA - DEPARTAMENTO DE ANCASH;1202479.85;PEN;19;Licitación Pública Abreviada;works;Mediana competencia
1216122;20146721410;MUNICIPALIDAD PROVINCIAL DE SECHURA;PIURA;SECHURA;MEJORAMIENTO DE LA PLAZA CÍVICA PRINCIPAL DEL C.P CHUSIS DEL DISTRITO DE SECHURA - PROVINCIA DE SECHURA - DEPARTAMENTO DE PIURA;1788770.79;PEN;23;Licitación Pública Abreviada;works;Alta competencia
1198870;20228443264;GOBIERNO REGIONAL DE CUSCO-AGRICULTURA;CUSCO;CUSCO;MEJORAMIENTO DEL SERVICIO DE INOCUIDAD AGROPECUARIA EN LAS ZONAS ALTOANDINAS DE LAS 13 PROVINCIAS   DISTRITO DE CUSCO DE LA PROVINCIA DE CUSCO DEL DEPARTAMENTO DE CUSCO;443400;PEN;20;Licitación Pública Abreviada;goods;Mediana competencia
1194486;20207621448;MUNICIPALIDAD DISTRITAL DE CAYNARACHI;SAN MARTIN;LAMAS;MEJORAMIENTO Y AMPLIACION DEL SERVICIO DE MOVILIDAD URBANA EN EL BARRIO LA PERLA  DE CENTRO POBLADO PONGO DE CAYNARACHI DISTRITO DE CAYNARACHI DE LA PROVINCIA DE LAMAS DEL DEPARTAMENTO DE SAN MARTIN;406796.43;PEN;7;Concurso Público Abreviado;services;Baja competencia
1200777;20167736468;MUNICIPALIDAD DISTRITAL DE HUANCHACO;LA LIBERTAD;TRUJILLO;"REPARACION DE CALZADA O PISTA; EN EL(LA) EN LOS SECTORES DE HUANCHACO BALNEARIO  DISTRITO DE HUANCHACO, PROVINCIA TRUJILLO, DEPARTAMENTO LA LIBERTAD";602864.6;PEN;19;Licitación Pública Abreviada;works;Mediana competencia
1200611;20159249698;MUNICIPALIDAD DISTRITAL DE CATACAOS;PIURA;PIURA;"CONSTRUCCION DE CUNETA Y VIAS DE ACCESO; EN EL(LA) AVENIDA  ALMIRANTE MIGUEL GRAU ENTRE CALLE FELIX REBOLLEDO Y AVENIDA CATACAOS EN EL CENTRO POBLADO MONTE CASTILLO  DISTRITO DE CATACAOS, PROVINCIA PIURA, DEPARTAMENTO PIURA";190001.3;PEN;8;Licitación Pública Abreviada;works;Baja competencia
1200357;20601122805;MUNICIPALIDAD DISTRITAL DE LA MORADA;HUANUCO;MARAÑON;MEJORAMIENTO DEL SERVICIO DE AGUA POTABLE RURAL Y MEJORAMIENTO DEL SERVICIO DE ALCANTARILLADO U OTRAS FORMAS DE DISPOSICIÓN SANITARIA DE EXCRETAS EN LA LOCALIDAD DE NUEVA PALESTINA   DISTRITO DE LA MORADA DE LA PROVINCIA DE MARAÑON DEL DEPARTAMENTO DE HUANUCO;519075.1;PEN;15;Concurso Público para Consultoría;services;Mediana competencia
1198634;20183998651;MUNICIPALIDAD DISTRITAL DE HUARIACA;PASCO;PASCO;"CONSTRUCCION DE ESCALERA/ESCALINATA; EN EL(LA) BARRIO MULIACO DEL  DISTRITO DE HUARIACA, PROVINCIA PASCO, DEPARTAMENTO PASCO";230301.34;PEN;10;Licitación Pública Abreviada;works;Mediana competencia
1193026;20282911915;MUNICIPALIDAD DISTRITAL DE NUEVO CHIMBOTE;ANCASH;SANTA;"CONSTRUCCION DE COBERTURA; EN EL(LA) I.E. 1662  DISTRITO DE NUEVO CHIMBOTE, PROVINCIA SANTA, DEPARTAMENTO ANCASH";898637.7;PEN;12;Licitación Pública Abreviada;works;Mediana competencia
1226470;20406325815;GOBIERNO REGIONAL DE PUNO SEDE CENTRAL;PUNO;PUNO;MEJORAMIENTO SERVICIO INTEGRAL DE LA INSTITUCION EDUCATIVA SECUNDARIA INDUSTRIAL PERU BIRF  DISTRITO DE SAN MIGUEL - PROVINCIA DE SAN ROMAN - DEPARTAMENTO DE PUNO;48264;PEN;4;Comparación de Precios;goods;Baja competencia
1199096;20189975920;GOBIERNO REGIONAL DE CUSCO - DIRECCION REGIONAL DE TRANSPORTES Y COMUNICACIONES CUSCO;CUSCO;CUSCO;MEJORAMIENTO DEL SERVICIO DE TRANSITABILIDAD VIAL INTERURBANA EN LA CU ¿ 145 EN EL TRAMO: TRAYECTORIA EMP. PE-28 F (CHINCHERO) ¿ PIURAY ¿ QUISPIHUARA - SENCCA , R81356 EN EL TRAMO: EMP. CU ¿ 145 ¿ EMP. PE-28 F   DISTRITOS DE CUSCO, CHINCHERO DE LAS PROVINCIAS DE CUSCO, URUBAMBA DEL DEPARTAMENTO DE CUSCO;200000;PEN;11;Subasta Inversa Electrónica;goods;Mediana competencia
1192963;20147552506;MUNICIPALIDAD DISTRITAL DE PISAC;CUSCO;CALCA;MEJORAMIENTO DE LOS SERVICIOS DE ESPACIOS PÚBLICOS URBANOS EN LA COMUNIDAD CAMPESINA DE MASKA CCOTOBAMBA DEL   DISTRITO DE PISAC DE LA PROVINCIA DE CALCA DEL DEPARTAMENTO DE CUSCO;71591.5;PEN;7;Subasta Inversa Electrónica;goods;Baja competencia
1222570;20486020882;GOBIERNO REGIONAL DE HUANCAVELICA Sede Central;HUANCAVELICA;HUANCAVELICA;MEJORAMIENTO DEL SERVICIO DEPORTIVO EN EL CENTRO POBLADO DE HUANASPAMPA,  DISTRITO DE ACORIA - PROVINCIA DE HUANCAVELICA - DEPARTAMENTO DE HUANCAVELICA;459500;PEN;21;Licitación Pública Abreviada;goods;Alta competencia
1221620;20141897935;MUNICIPALIDAD PROVINCIAL DE SANCHEZ CARRION - HUAMACHUCO;LA LIBERTAD;SANCHEZ CARRION;MEJORAMIENTO DE LOS SERVICIOS EDUCATIVOS DEL NIVEL SECUNDARIA EN LA I.E. FLORENCIA DE MORA DE SANDOVAL, CIUDAD DE HUAMACHUCO, PROVINCIA DE SANCHEZ CARRION - LA LIBERTAD;49150589.14;PEN;23;Licitación Pública;works;Alta competencia
1212494;20131365722;MUNICIPALIDAD DISTRITAL DE LA MOLINA;LIMA;LIMA;"RENOVACION DE PISTA; EN EL(LA) LAS CALLES INTERNAS DEL CLUB CAMPESTRE LAS LAGUNAS III ETAPA  DISTRITO DE LA MOLINA, PROVINCIA LIMA, DEPARTAMENTO LIMA";6677437.38;PEN;62;Licitación Pública;works;Alta competencia
1209956;20546677444;UNIDAD EJECUTORA 003:PROGRAMA MODERNIZACION DEL SISTEMA DE ADMINISTRACION DE JUSTICIA;LIMA;LIMA;MEJORAMIENTO DE LOS SERVICIOS DE JUSTICIA NO PENALES A TRAVÉS DE LA IMPLEMENTACIÓN DEL EXPEDIENTE JUDICIAL ELECTRÓNICO (EJE).;9000;PEN;1;Convenio;services;Baja competencia
1194247;20146674403;MUNICIPALIDAD PROVINCIAL DE SATIPO;JUNIN;SATIPO;"CONSTRUCCION DE ESPACIO DEPORTIVO CON COBERTURA; EN EL(LA) I.E. SANTA TERESITA C.N SANTA TERESITA DISTRITO DE PANGOA, PROVINCIA SATIPO, DEPARTAMENTO JUNIN";658816.21;PEN;12;Licitación Pública Abreviada;works;Mediana competencia
1200424;20142747155;MUNICIPALIDAD PROVINCIAL DE HUARMEY;ANCASH;HUARMEY;MEJORAMIENTO DE LOS SERVICIOS EDUCATIVOS DE LA I.E.I N 480 DEL A.H. 9 DE OCTUBRE, DISTRITO DE HUARMEY, PROVINCIA DE HUARMEY - ANCASH;632304.91;PEN;9;Licitación Pública Abreviada;works;Baja competencia
1212183;20546677444;UNIDAD EJECUTORA 003:PROGRAMA MODERNIZACION DEL SISTEMA DE ADMINISTRACION DE JUSTICIA;LIMA;LIMA;MEJORAMIENTO DE LOS SERVICIOS DE JUSTICIA NO PENALES A TRAVÉS DE LA IMPLEMENTACIÓN DEL EXPEDIENTE JUDICIAL ELECTRÓNICO (EJE).;45000;PEN;3;Convenio;services;Baja competencia
1214605;20166544000;MUNICIPALIDAD DISTRITAL DE SAN MARCOS;ANCASH;HUARI;MEJORAMIENTO DEL SERVICIO DE EDUCACION PRIMARIA EN I.E. 86932  DE CENTRO POBLADO VISTA ALEGRE DISTRITO DE SAN MARCOS DE LA PROVINCIA DE HUARI DEL DEPARTAMENTO DE ANCASH;1786686.47;PEN;14;Licitación Pública Abreviada;works;Mediana competencia
1193084;20131368667;MUNICIPALIDAD DISTRITAL DE LOS OLIVOS (LAS PALMERAS);LIMA;LIMA;MEJORAMIENTO DE VIAS URBANAS EN LA URB. SANTA LUISA II ETAPA, DISTRITO DE LOS OLIVOS - LIMA - LIMA;3030502;PEN;35;Licitación Pública Abreviada;works;Alta competencia
1194108;20493465491;MUNICIPALIDAD PROVINCIAL DEL DATEM DEL MARAÑON;LORETO;DATEM DEL MARAÑON;MEJORAMIENTO DE LOS SERVICIOS DE INNOVACIÓN PRODUCTIVA Y TRANSFERENCIA TECNOLÓGICA\n EN ACTIVIDADES ACUÍCOLAS DEL   DISTRITO DE BARRANCA DE LA PROVINCIA DE DATEM DEL MARAÑON DEL DEPARTAMENTO DE LORETO;590548;PEN;9;Concurso Público de Servicios;services;Baja competencia
1192907;20406325815;GOBIERNO REGIONAL DE PUNO SEDE CENTRAL;PUNO;PUNO;MEJORAMIENTO DEL SERVICIO EDUCATIVO EN LA IES POLITÉCNICO REGIONAL LOS ANDES, DISTRITO DE JULIACA, PROVINCIA DE SAN ROMÁN - PUNO;589067.85;PEN;4;Subasta Inversa Electrónica;goods;Baja competencia
1193332;20452393493;GOBIERNO REGIONAL DE AYACUCHO SEDE CENTRAL;AYACUCHO;HUAMANGA;"MEJORAMIENTO Y AMPLIACION DEL SISTEMA DE AGUA POTABLE Y ALCANTARILLADO EN LAS VÍAS PRINCIPALES Y CALLES ALEDAÑAS DEL CONO ESTE, EN LAS ASOCIACIONES DE VIVIENDA LA HOYADA; LAS PALMERAS, SAN JOSÉ, RÍO CACHI, LOS AMAUTAS, MARÍA AUXILIADORA, CHAQUIBAMBA Y YANAMILLA DEL  DISTRITO DE ANDRES AVELINO CACERES - PROVINCIA DE HUAMANGA - DEPARTAMENTO DE AYACUCHO";192000;PEN;27;Concurso Público Abreviado;services;Alta competencia
1192610;20148289825;MUNICIPALIDAD PROVINCIAL DE CELENDIN;CAJAMARCA;CELENDIN;CREACION DEL SERVICIO DE MOVILIDAD URBANA EN LOS BARRIOS  SAN CAYETANO Y PUMARUME EN LA AVENIDA PUMARUME   DISTRITO DE CELENDIN DE LA PROVINCIA DE CELENDIN DEL DEPARTAMENTO DE CAJAMARCA;4852898.41;PEN;16;Licitación Pública Abreviada;works;Mediana competencia
1224857;20221770871;MUNICIPALIDAD DISTRITAL DE SALLIQUE;CAJAMARCA;JAEN;AMPLIACION, MEJORAMIENTO DEL SERVICIO DE AGUA PARA RIEGO CANAL LAS PALMERAS - HUAYOPAMPA, DISTRITO DE SALLIQUE - JAEN - CAJAMARCA;558797.29;PEN;27;Concurso Público para Consultoría;services;Alta competencia
1192659;20170327391;MUNICIPALIDAD DISTRITAL DE VILCABAMBA - LA CONVENCION;CUSCO;LA CONVENCION;MEJORAMIENTO DE LA CARRETERA SAN MARINO-VILCABAMBA, CUENCA DE VILCABAMBA, DISTRITO DE VILCABAMBA - LA CONVENCION - CUSCO;404400;PEN;14;Subasta Inversa Electrónica;goods;Mediana competencia
1218595;20221107137;GOBIERNO REGIONAL DE PUNO-AGRICULTURA;PUNO;PUNO;MEJORAMIENTO DE CAPACIDADES PARA LA CONSERVACIÓN Y MANEJO DE CAMÉLIDOS SUDAMERICANOS DOMÉSTICOS DE LAS RAZAS SURI Y HUACAYA DE COLOR EN ZONAS ALTOANDINAS 6 PROVINCIAS DEL DEPARTAMENTO DE PUNO;224000;PEN;22;Licitación Pública Abreviada;goods;Alta competencia
1192866;20173809663;MUNICIPALIDAD DISTRITAL DE YURA;AREQUIPA;AREQUIPA;"CONSTRUCCION DE INFRAESTRUCTURA DEPORTIVA, SERVICIOS HIGIENICOS Y/O VESTIDORES Y CERCO PERIMÉTRICO; EN EL(LA) CENTRO DEPORTIVO Y RECREATIVO DE LA ASOCIACIÓN DE VIVIENDA TALLER NUEVA ESTRELLA DEL  DISTRITO DE YURA, PROVINCIA AREQUIPA, DEPARTAMENTO AREQUIPA";152500;PEN;48;Concurso Público Abreviado;services;Alta competencia
1227433;20159308881;MUNICIPALIDAD DISTRITAL DE WANCHAQ;CUSCO;CUSCO;MEJORAMIENTO DEL SERVICIO DE PRÁCTICA DEPORTIVA Y/O RECREATIVA EN EL PARQUE VIRGEN DE FÁTIMA DEL   DISTRITO DE WANCHAQ DE LA PROVINCIA DE CUSCO DEL DEPARTAMENTO DE CUSCO;185650;PEN;26;Licitación Pública Abreviada;goods;Alta competencia
1211743;20546677444;UNIDAD EJECUTORA 003:PROGRAMA MODERNIZACION DEL SISTEMA DE ADMINISTRACION DE JUSTICIA;LIMA;LIMA;MEJORAMIENTO DE LOS SERVICIOS DE JUSTICIA NO PENALES A TRAVÉS DE LA IMPLEMENTACIÓN DEL EXPEDIENTE JUDICIAL ELECTRÓNICO (EJE).;40500;PEN;3;Convenio;services;Baja competencia
1196889;20557789732;MANCOMUNIDAD REGIONAL DE LOS ANDES APURIMAC-AYACUCHO-HUANCAVELICA;LIMA;LIMA;RECUPERACION DE LOS SERVICIOS  ECOSISTÉMICOS DE REGULACIÓN HÍDRICA EN LAS MICROCUENCAS DEDE HUAC HUAS, LLAUTA, LARAMATE, OCAÑA, SAN PEDRO DE PALCO, OTOCA, LEONCIO PRADO, SAISA, SANTA LUCIA Y SAN CRISTÓBAL,  AFLUENTES DEL RIO GRANDE EN LUCANAS - AYACUCHO;312742.37;PEN;8;Licitación Pública Abreviada;goods;Baja competencia
1198016;20194735384;MUNICIPALIDAD PROVINCIAL DE JORGE BASADRE - LOCUMBA;TACNA;JORGE BASADRE;"RENOVACION DE CANAL DE RIEGO; CONSTRUCCION DE CANAL DE RIEGO Y OBRAS DE ARTE; EN EL(LA) SISTEMA DE RIEGO MENOR DEL CANAL CAPILLA,  DISTRITO DE LOCUMBA, PROVINCIA JORGE BASADRE, DEPARTAMENTO TACNA";133729.67;PEN;23;Licitación Pública Abreviada;goods;Alta competencia
1199315;20168899204;MUNICIPALIDAD DISTRITAL DE VICHAYAL;PIURA;PAITA;CREACION DE LOS SERVICIOS DE PROTECCIÓN EN LA RIBERA DE LAS QUEBRADAS VULNERABLES ANTE EL PELIGRO EN LAS LOCALIDADES DE LA SOLEDAD, SAN FELIPE DE VICHAYAL, MIRAMAR, LAS VALENCIAS Y VISTA FLORIDA   DISTRITO DE VICHAYAL DE LA PROVINCIA DE PAITA DEL DEPARTAMENTO DE PIURA;476700.53;PEN;13;Concurso Público Abreviado;services;Mediana competencia
1197577;20479393568;UNIVERSIDAD NACIONAL TORIBIO RODRIGUEZ DE MENDOZA DE AMAZONAS;AMAZONAS;CHACHAPOYAS;"MEJORAMIENTO DEL SERVICIO DE EXTENSION CULTURAL, PROYECCIÓN SOCIAL Y EDUCACIÓN CONTINUA EN EDUCACIÓN SUPERIOR UNIVERSITARIA. EN LA ""DIE - STARTUP AMAZONAS"" DE LA UNTRM -   DISTRITO DE CHACHAPOYAS DE LA PROVINCIA DE CHACHAPOYAS DEL DEPARTAMENTO DE AMAZONAS";9368006.26;PEN;11;Licitación Pública;works;Mediana competencia
1193198;20527141762;GOBIERNO REGIONAL DE APURIMAC SEDE CENTRAL;APURIMAC;ABANCAY;MEJORAMIENTO DEL SERVICIO EDUCATIVO DE LOS INSTITUTOS DE EDUCACION SUPERIOR TECNOLOGICA PUBLICA DE PROGRESO Y VILCABAMBA DE LOS DISTRITOS PROGRESO Y VILCABAMBA, DE LA PROVINCIA GRAU - APURIMAC;734720;PEN;18;Subasta Inversa Electrónica;goods;Mediana competencia
1200816;20527147612;GOBIERNO REGIONAL DE CUSCO SEDE CENTRAL;CUSCO;CUSCO;CREACION DE LOS SERVICIOS DE TRANSITABILIDAD VEHICULAR RUTA CU-104 TRAMO PUENTE TAHUIS Y SAN ANTONIO DEL DISTRITO DE YANATILE - PROVINCIA DE CALCA - DEPARTAMENTO DE CUSCO;1435700.36;PEN;3;Concurso Público de Servicios;services;Baja competencia
1186526;20146736875;MUNICIPALIDAD DISTRITAL DE TAMBOGRANDE;PIURA;PIURA;"CONSTRUCCION DE ESPACIO DE CIRCULACION PEATONAL HORIZONTAL Y/O VERTICAL Y ESPACIO DE RECREACION PASIVA; EN EL(LA) CENTRO URBANO DE LA CIUDAD DE TAMBOGRANDE PARA ACCESO Y TRANSITABILIDAD DE PERSONAS EN CONDICCION DE DISCAPACITADOS A ESPACIOS Y SERVICIOS PUBLICOS,  DISTRITO DE TAMBO GRANDE, PROVINCIA PIURA, DEPARTAMENTO PIURA";283020.73;PEN;12;Licitación Pública Abreviada;works;Mediana competencia
1210171;20546677444;UNIDAD EJECUTORA 003:PROGRAMA MODERNIZACION DEL SISTEMA DE ADMINISTRACION DE JUSTICIA;LIMA;LIMA;MEJORAMIENTO DE LOS SERVICIOS DE JUSTICIA NO PENALES A TRAVÉS DE LA IMPLEMENTACIÓN DEL EXPEDIENTE JUDICIAL ELECTRÓNICO (EJE).;27000;PEN;1;Convenio;services;Baja competencia
1199755;20166544000;MUNICIPALIDAD DISTRITAL DE SAN MARCOS;ANCASH;HUARI;CREACION DE LOS SERVICIOS CULTURALES PARA LA PARTICIPACIÓN DE LA POBLACIÓN EN LAS INDUSTRIAS CULTURALES Y LAS ARTES EN LA CASA DE LA CULTURA DEL CASERIO DE JATUN POTRERO  DE CENTRO POBLADO SANTA CRUZ DE MOSNA DISTRITO DE SAN MARCOS DE LA PROVINCIA DE HUARI DEL DEPARTAMENTO DE ANCASH;3943719.02;PEN;8;Licitación Pública Abreviada;works;Baja competencia
1193413;20527147612;GOBIERNO REGIONAL DE CUSCO SEDE CENTRAL;CUSCO;CUSCO;MEJORAMIENTO DE LOS SERVICIOS DE SALUD, EN EL CENTRO DE SALUD INDEPENDENCIA DEL DISTRITO DE CUSCO - PROVINCIA DE CUSCO - DEPARTAMENTO DE CUSCO;456000;PEN;10;Licitación Pública Abreviada;goods;Mediana competencia
1197572;20600004001;PROYECTO ESPECIAL DE DESARROLLO DEL VALLE DE LOS RÍO APURIMAC, ENE Y MANTARO- PROVRAEM;AYACUCHO;LA MAR;"MEJORAMIENTO Y AMPLIACION DE LAS CAPACIDADES PRODUCTIVAS AGROPECUARIAS PARA LA DIVERSIFICACIÓN PRODUCTIVA CON ENFOQUE FAMILIAR EN LAS COMUNIDADES NATIVAS DE LA PROVINCIA DE HUANTA DEL DEPARTAMENTO DE AYACUCHO; LA PROVINCIA DE LA CONVENCION DEL DEPARTAMENTO DE CUSCO Y LA PROVINCIA DE SATIPO DEL DEPARTAMENTO DE JUNIN";60000;PEN;10;Concurso Público Abreviado;services;Mediana competencia
1200176;20166544000;MUNICIPALIDAD DISTRITAL DE SAN MARCOS;ANCASH;HUARI;CREACION DE LOS SERVICIOS DE PROTECCIÓN EN LA RIBERA DE LAS QUEBRADAS VULNERABLES ANTE EL PELIGRO EN EL RIACHUELO GANGASH MEDIANTE LA CANALIZACION DE AGUAS SUPERFICIALES DESDE QUEBRADA GANGASH HASTA EL RIO ANGO DEL CASERIO ANGO  DE CENTRO POBLADO CARHUAYOC DISTRITO DE SAN MARCOS DE LA PROVINCIA DE HUARI DEL DEPARTAMENTO DE ANCASH;272969.4;PEN;8;Concurso Público Abreviado;services;Baja competencia
1199601;20181402921;MUNICIPALIDAD DISTRITAL DE ROSASPATA;PUNO;HUANCANE;MEJORAMIENTO DEL SERVICIO DE EDUCACION PRIMARIA EN I.E. 72366  DE CENTRO POBLADO HUAYLLACUYO DISTRITO DE ROSASPATA DE LA PROVINCIA DE HUANCANE DEL DEPARTAMENTO DE PUNO;95000;PEN;5;Concurso Público Abreviado;services;Baja competencia
1197737;20452393493;GOBIERNO REGIONAL DE AYACUCHO SEDE CENTRAL;AYACUCHO;HUAMANGA;MEJORAMIENTO DEL SERVICIOS DE VIGILANCIA DE LA CENTRAL DE EMERGENCIA POLICIALES 105  DISTRITO DE AYACUCHO - PROVINCIA DE HUAMANGA - DEPARTAMENTO DE AYACUCHO;1100800;PEN;19;Licitación Pública;goods;Mediana competencia
1225697;20177217043;MUNICIPALIDAD PROVINCIAL DEL CUSCO;CUSCO;CUSCO;MEJORAMIENTO Y AMPLIACION DE LA DISPOSICION FINAL DE LOS RESIDUOS SOLIDOS URBANOS MUNICIPALES EN LA LOCALIDAD DE JAQUIRA, DISTRITO SANTIAGO, PROVINCIA DE CUSCO - CUSCO;450000;PEN;45;Concurso Público Abreviado;services;Alta competencia
1192948;20194799781;MUNICIPALIDAD DISTRITAL DE SAN BERNARDINO;CAJAMARCA;SAN PABLO;"CONSTRUCCION DE UNIDAD BASICA DE SANEAMIENTO (UBS); EN EL(LA) LOCALIDAD DE MAQUI MAQUI  DISTRITO DE SAN BERNARDINO, PROVINCIA SAN PABLO, DEPARTAMENTO CAJAMARCA";164415.77;PEN;9;Licitación Pública Abreviada;works;Baja competencia
1197272;20198250199;MUNICIPALIDAD DISTRITAL DE CHAVIN DE HUANTAR;ANCASH;HUARI;"ADQUISICION DE TERRENO; EN EL(LA) CASERÍO DE HUISHIN PARA LA REUBICACIÓN DE OBRAS PÚBLICAS DEL CENTRO POBLADO DE HUISHIN,  DISTRITO DE CHAVIN DE HUANTAR, PROVINCIA HUARI, DEPARTAMENTO ANCASH";1091772.02;PEN;1;Contratación Directa;goods;Baja competencia
1195098;20219793252;GOBIERNO REGIONAL DE LA LIBERTAD - GERENCIA  REGIONAL  DE AGRICULTURA;LA LIBERTAD;TRUJILLO;MEJORAMIENTO DE LOS SERVICIOS DE APOYO AL DESARROLLO PRODUCTIVO EN CADENA PRODUCTIVA DE PALTA DE LA GERENCIA REGIONAL DE AGRICULTURA   DISTRITO DE TRUJILLO DE LA PROVINCIA DE TRUJILLO DEL DEPARTAMENTO DE LA LIBERTAD,MEJORAMIENTO DE LOS SERVICIOS DE APOYO AL DESARROLLO PRODUCTIVO EN CADENA PRODUCTIVA DE PAPA DE LA GERENCIA REGIONAL DE AGRICULTURA   DISTRITO DE TRUJILLO DE LA PROVINCIA DE TRUJILLO DEL DEPARTAMENTO DE LA LIBERTAD,MEJORAMIENTO DE LOS SERVICIOS DE APOYO AL DESARROLLO PRODUCTIVO EN CADENA PRODUCTIVA DE GRANOS ANDINOS DE LA GERENCIA REGIONAL DE AGRICULTURA   DISTRITO DE TRUJILLO DE LA PROVINCIA DE TRUJILLO DEL DEPARTAMENTO DE LA LIBERTAD;21748978;PEN;15;Licitación Pública;goods;Mediana competencia
1215910;20143625843;MUNICIPALIDAD PROVINCIAL DE SAN MIGUEL;CAJAMARCA;SAN MIGUEL;CREACION DEL SERVICIO DE PRÁCTICA DEPORTIVA Y/O RECREATIVA EN SAN SILVESTRES DE COCHAN   DISTRITO DE SAN SILVESTRE DE COCHAN DE LA PROVINCIA DE SAN MIGUEL DEL DEPARTAMENTO DE CAJAMARCA;1143003.87;PEN;16;Licitación Pública Abreviada;works;Mediana competencia
1219641;20171880115;MUNICIPALIDAD DISTRITAL DE TORATA;MOQUEGUA;MARISCAL NIETO;MEJORAMIENTO DEL SERVICIO DE EDUCACION PRIMARIA Y SERVICIO DE EDUCACIÓN SECUNDARIA EN I.E. VIDAL HERRERA DIAZ  DE CENTRO POBLADO YACANGO DISTRITO DE TORATA DE LA PROVINCIA DE MARISCAL NIETO DEL DEPARTAMENTO DE MOQUEGUA;297151.14;PEN;27;Concurso Público Abreviado;services;Alta competencia
1200082;20498390570;GOBIERNO REGIONAL DE AREQUIPA Sede Central;AREQUIPA;AREQUIPA;MEJORAMIENTO Y AMPLIACION DE LA TROCHA CARROZABLE DE LOS CENTROS POBLADOS DE PIRAMARCA, HUACCHAR, HUAYNACOTAS - DISTRITO DE HUAYNACOTAS - PROVINCIA DE LA UNION - DEPARTAMENTO DE AREQUIPA;95833.33;PEN;7;Subasta Inversa Electrónica;goods;Baja competencia
1201683;20479569780;GOBIERNO REGIONAL DE LAMBAYEQUE SEDE CENTRAL;LAMBAYEQUE;CHICLAYO;MEJORAMIENTO DEL SERVICIO DE TRANSITABILIDAD VEHICULAR Y PEATONAL EN LA URB. EL INGENIERO I DEL DISTRITO DE CHICLAYO - PROVINCIA DE CHICLAYO - DEPARTAMENTO DE LAMBAYEQUE;340724.69;PEN;66;Concurso Público Abreviado;services;Alta competencia
1198384;20131380951;MUNICIPALIDAD METROPOLITANA DE LIMA;LIMA;LIMA;"REPARACION DE LUGARES HISTÓRICOS O CULTURALES; EN EL(LA) IGLESIA SANTO CRISTO DE LAS MARAVILLAS EN LA LOCALIDAD LIMA, DISTRITO DE LIMA, PROVINCIA LIMA, DEPARTAMENTO LIMA,REPARACION DE LUGARES HISTÓRICOS O CULTURALES; EN EL(LA) IGLESIA DE SANTIAGO DEL CERCADO EN LA LOCALIDAD LIMA, DISTRITO DE LIMA, PROVINCIA LIMA, DEPARTAMENTO LIMA,REPARACION DE LUGARES HISTÓRICOS O CULTURALES; EN EL(LA) IGLESIA DE NUESTRA SEÑORA DEL PRADO EN LA LOCALIDAD LIMA, DISTRITO DE LIMA, PROVINCIA LIMA, DEPARTAMENTO LIMA";945162.31;PEN;42;Licitación Pública Abreviada;goods;Alta competencia
1201081;20154470108;MUNICIPALIDAD DISTRITAL DE SAMEGUA;MOQUEGUA;MARISCAL NIETO;CREACION DEL SERVICIO DE MOVILIDAD URBANA EN LA ASOCIACION DE VIVIENDA INTERNACIONAL I Y II ETAPA DE LA JUNTA VECINAL HORACIO ZEBALLOS GÁMEZ,  DISTRITO DE SAMEGUA - PROVINCIA DE MARISCAL NIETO - DEPARTAMENTO DE MOQUEGUA;182336;PEN;9;Subasta Inversa Electrónica;goods;Baja competencia
1218157;20181709066;MUNICIPALIDAD PROVINCIAL DE CHUMBIVILCAS - SANTO TOMAS;CUSCO;CHUMBIVILCAS;CREACION DEL CAMINO VECINAL  COLLPA CCASIAHUI- QQUEHUAYLLO -CHACCO ORCCONA - YURACCANCHA DEL DISTRITO DE LLUSCO, PROVINCIA DE CHUMBIVILCAS - CUSCO;288633;PEN;29;Concurso Público Abreviado;services;Alta competencia
1195233;20168076640;MUNICIPALIDAD DISTRITAL DE CHALLABAMBA;CUSCO;PAUCARTAMBO;MEJORAMIENTO Y AMPLIACION DEL SERVICIO DE ACCESIBILIDAD A LA ADQUISICIÓN DE PRODUCTOS DE PRIMERA NECESIDAD EN EL MERCADO DE ABASTOS DE LA LOCALIDAD DE CHALLABAMBA EN EL  DISTRITO DE CHALLABAMBA - PROVINCIA DE PAUCARTAMBO - DEPARTAMENTO DE CUSCO;402200;PEN;7;Concurso Público Abreviado;services;Baja competencia
1199431;20165711727;MUNICIPALIDAD DISTRITAL DE HUAROCONDO;CUSCO;ANTA;MEJORAMIENTO Y AMPLIACION DEL SERVICIO DE PROVISIÓN DE AGUA PARA RIEGO EN LOS SECTORES DE MIRAFLORES Y CHECCHIYOC DE LA COMUNIDAD DE RAHUANQUI  DE CENTRO POBLADO RAHUANQUI DISTRITO DE HUAROCONDO DE LA PROVINCIA DE ANTA DEL DEPARTAMENTO DE CUSCO;189800;PEN;29;Concurso Público Abreviado;services;Alta competencia
1193697;20568019521;UNIVERSIDAD NACIONAL INTERCULTURAL DE LA SELVA CENTRAL JUAN SANTOS ATAHUALPA;JUNIN;CHANCHAMAYO;CREACIÓN DEL SERVICIO DE FORMACIÓN PROFESIONAL EN INGENIERÍA CIVIL DE LA UNIVERSIDAD NACIONAL INTERCULTURAL DE LA SELVA CENTRAL JUAN SANTOS ATAHUALPA EN EL DISTRITO  DE CHANCHAMAYO, PROVINCIA DE CHANCHAMAYO, REGIÓN JUNÍN;222000;PEN;16;Concurso Público Abreviado;services;Mediana competencia
1199046;20486020882;GOBIERNO REGIONAL DE HUANCAVELICA Sede Central;HUANCAVELICA;HUANCAVELICA;MEJORAMIENTO DE LOS SERVICIOS EDUCATIVOS DEL NIVEL SECUNDARIO EN LAS I.E. PUCAPAMPA Y PANTACHI NORTE, EN LAS LOCALIDADES DE PUCAPAMPA Y PANTACHI NORTE, DISTRITO DE YAULI, PROVINCIA DE HUANCAVELICA Y DEPARTAMENTO DE HUANCAVELICA;709978.05;PEN;28;Concurso Público Abreviado;services;Alta competencia
1201047;20189975920;GOBIERNO REGIONAL DE CUSCO - DIRECCION REGIONAL DE TRANSPORTES Y COMUNICACIONES CUSCO;CUSCO;CUSCO;MEJORAMIENTO DEL SERVICIO DE TRANSITABILIDAD VIAL INTERURBANA EN LA CU ¿ 145 EN EL TRAMO: TRAYECTORIA EMP. PE-28 F (CHINCHERO) ¿ PIURAY ¿ QUISPIHUARA - SENCCA , R81356 EN EL TRAMO: EMP. CU ¿ 145 ¿ EMP. PE-28 F   DISTRITOS DE CUSCO, CHINCHERO DE LAS PROVINCIAS DE CUSCO, URUBAMBA DEL DEPARTAMENTO DE CUSCO;175000;PEN;5;Subasta Inversa Electrónica;goods;Baja competencia
1200670;20166544000;MUNICIPALIDAD DISTRITAL DE SAN MARCOS;ANCASH;HUARI;MEJORAMIENTO DEL SERVICIO DE EDUCACION PRIMARIA EN I.E. 86932  DE CENTRO POBLADO VISTA ALEGRE DISTRITO DE SAN MARCOS DE LA PROVINCIA DE HUARI DEL DEPARTAMENTO DE ANCASH;126309.29;PEN;17;Concurso Público Abreviado;services;Mediana competencia
1199519;20527143200;GOBIERNO REGIONAL DE MADRE DE DIOS SEDE CENTRAL;MADRE DE DIOS;TAMBOPATA;MEJORAMIENTO Y AMPLIACION DEL SERVICIO EDUCATIVO DEL NIVEL PRIMARIA Y SECUNDARIA DE LA I.E. N° 52042 SANTA RITA BAJA DEL DISTRITO DE INAMBARI - PROVINCIA DE TAMBOPATA - DEPARTAMENTO DE MADRE DE DIOS;64500;PEN;9;Concurso Público Abreviado;services;Baja competencia
1195824;20142747155;MUNICIPALIDAD PROVINCIAL DE HUARMEY;ANCASH;HUARMEY;MEJORAMIENTO E IMPLEMENTACION DE LOS SERVICIOS DEL CAMAL MUNICIPAL DEL DISTRITO DE HUARMEY, PROVINCIA DE HUARMEY - ANCASH;378575.79;PEN;9;Licitación Pública Abreviada;works;Baja competencia
1196419;20444054400;GOBIERNO REGIONAL DE HUANCAVELICA-HOSPITAL DEPARTAMENTAL DE HUANCAVELICA;HUANCAVELICA;HUANCAVELICA;"ADQUISICION DE CAMA CAMILLA MULTIPROPOSITO TIPO UCI, VENTILADOR MECANICO Y MONITOR MULTI PARAMETRO; CONSTRUCCION DE SALA DE CUIDADOS INTENSIVOS; ADEMÁS DE OTROS ACTIVOS EN EL(LA) HOSPITAL DEPARTAMENTAL DE HUANCAVELICA AV. ANDRES A. CACERES S/N BARRIO YANANACO HUANCAVELICA DISTRITO DE HUANCAVELICA, PROVINCIA HUANCAVELICA, DEPARTAMENTO HUANCAVELICA";90499;PEN;11;Concurso Público Abreviado;services;Mediana competencia
1193630;20185898343;GOBIERNO REGIONAL DE APURIMAC-CHANKA;APURIMAC;ABANCAY;MEJORAMIENTO DE LOS SERVICIOS DE PROTECCIÓN EN RIBERAS DE RÍO VULNERABLES ANTE EL PELIGRO EN EL MARGEN DERECHA DEL RIO CHUMBAO   DISTRITO DE SAN JERONIMO DE LA PROVINCIA DE ANDAHUAYLAS DEL DEPARTAMENTO DE APURIMAC;186990;PEN;23;Licitación Pública Abreviada;goods;Alta competencia
1199449;20159377696;MUNICIPALIDAD DISTRITAL DE HUAYLLABAMBA - URUBAMBA;CUSCO;URUBAMBA;MEJORAMIENTO Y AMPLIACION DEL SERVICIO DE TRANSITABILIDAD VIAL INTERURBANA EN CAMINO VECINAL EN LOS  SECTORES  KAQLLAPATA - HOSPITALNIYOQ DE  LA  COMUNIDAD DE  HUYCHO   DISTRITO DE HUAYLLABAMBA DE LA PROVINCIA DE URUBAMBA DEL DEPARTAMENTO DE CUSCO;448003.33;PEN;12;Concurso Público Abreviado;services;Mediana competencia
1194016;20527143200;GOBIERNO REGIONAL DE MADRE DE DIOS SEDE CENTRAL;MADRE DE DIOS;TAMBOPATA;MEJORAMIENTO DE LOS SERVICIOS DE SALUD DEL HOSPITAL SAN MARTIN DE PORRES DE IBERIA, DISTRITO DE IBERIA, PROVINCIA DE TAHUAMANU - MADRE DE DIOS;52886.5;PEN;40;Licitación Pública Abreviada;goods;Alta competencia
1192841;20146511873;MUNICIPALIDAD DISTRITAL DE YAULI - YAULI;JUNIN;YAULI;MEJORAMIENTO DEL SERVICIO DE PRÁCTICA DEPORTIVA Y/O RECREATIVA EN EL BARRIO LAS BRISAS   DISTRITO DE YAULI DE LA PROVINCIA DE YAULI DEL DEPARTAMENTO DE JUNIN;1820620.91;PEN;9;Licitación Pública Abreviada;works;Baja competencia
1197329;20601625017;MUNICIPALIDAD DISTRITAL DE MEGANTONI;CUSCO;LA CONVENCION;CREACION DE PUENTE CARROZABLE SOBRE EL RIO TAHUAYA EN LA CC.NN. DE NUEVA LUZ DEL DISTRITO DE MEGANTONI - PROVINCIA DE LA CONVENCION - DEPARTAMENTO DE CUSCO;1650000;PEN;23;Concurso Público Abreviado;services;Alta competencia
1197407;20181009161;MUNICIPALIDAD DISTRITAL DE PUNTA DE BOMBON;AREQUIPA;ISLAY;CREACION DEL SERVICIOS DE ESPACIOS PÚBLICOS URBANOS EN PARQUE RECREATIVO DEL AA.HH. LOS OLIVOS DEL   DISTRITO DE PUNTA DE BOMBON DE LA PROVINCIA DE ISLAY DEL DEPARTAMENTO DE AREQUIPA;138000;PEN;29;Concurso Público Abreviado;services;Alta competencia
1206637;20221770871;MUNICIPALIDAD DISTRITAL DE SALLIQUE;CAJAMARCA;JAEN;MEJORAMIENTO DEL SERVICIO EDUCATIVO EN LA INSTITUCION EDUCATIVA N°16148 - CENTRO POBLADO TAILIN DEL DISTRITO DE SALLIQUE - PROVINCIA DE JAEN - DEPARTAMENTO DE CAJAMARCA;877244.99;PEN;29;Concurso Público para Consultoría;services;Alta competencia
1234262;20142747155;MUNICIPALIDAD PROVINCIAL DE HUARMEY;ANCASH;HUARMEY;MEJORAMIENTO E IMPLEMENTACION DE LOS SERVICIOS DEL CAMAL MUNICIPAL DEL DISTRITO DE HUARMEY, PROVINCIA DE HUARMEY - ANCASH;378575.79;PEN;11;Licitación Pública Abreviada;works;Mediana competencia
1203942;20220889042;MUNICIPALIDAD DISTRITAL DE VITOR;AREQUIPA;AREQUIPA;MEJORAMIENTO DEL SERVICIO DE SEGURIDAD CIUDADANA LOCAL EN LA LOCALIDAD DE VITOR,   DISTRITO DE VITOR DE LA PROVINCIA DE AREQUIPA DEL DEPARTAMENTO DE AREQUIPA;2458386;PEN;11;Licitación Pública Abreviada;works;Mediana competencia
1205279;20414868216;PROGRAMA SUBSECTORIAL DE IRRIGACIONES - PSI;LIMA;LIMA;PROGRAMA NACIONAL DE RIEGO TECNIFICADO PARA UNA AGRICULTURA CLIMÁTICAMENTE RESILIENTE;22500;PEN;1;Convenio;services;Baja competencia
1191695;20142167744;MUNICIPALIDAD PROVINCIAL DE ICA;ICA;ICA;MEJORAMIENTO DEL PARQUE RECREACIONAL ANDRES AVELINO CACERES DORREGARAY EN LA URB. LA MODERNA, PROVINCIA DE ICA - ICA;2607566.22;PEN;24;Licitación Pública Abreviada;works;Alta competencia
1195012;20519610214;MUNICIPALIDAD DISTRITAL DE CORONEL GREGORIO ALBARRACIN LANCHIPA;TACNA;TACNA;MEJORAMIENTO DEL SERVICIOS DE ESPACIOS PÚBLICOS URBANOS EN LA MZ K LOTE 1 DE LA ASOCIACION DE VIVIENDA LOS CLAVELES DEL   DISTRITO DE CORONEL GREGORIO ALBARRACIN LANCHIPA DE LA PROVINCIA DE TACNA DEL DEPARTAMENTO DE TACNA;117600;PEN;8;Subasta Inversa Electrónica;goods;Baja competencia
1206138;20414868216;PROGRAMA SUBSECTORIAL DE IRRIGACIONES - PSI;LIMA;LIMA;PROGRAMA NACIONAL DE RIEGO TECNIFICADO PARA UNA AGRICULTURA CLIMÁTICAMENTE RESILIENTE;10500;PEN;1;Convenio;services;Baja competencia
1200992;20452393493;GOBIERNO REGIONAL DE AYACUCHO SEDE CENTRAL;AYACUCHO;HUAMANGA;MEJORAMIENTO DE LOS SERVICIOS EDUCATIVOS EN LA INSTITUCION EDUCATIVA PUBLICA MARIA AUXILIADORA, DISTRITO HUANTA, PROVINCIA DE HUANTA - AYACUCHO;99819;PEN;3;Comparación de Precios;goods;Baja competencia
1227246;20166164789;MUNICIPALIDAD PROVINCIAL DE ISLAY - MOLLENDO;AREQUIPA;ISLAY;CREACION DE LOS SERVICIOS DEPORTIVOS DE NATACIÓN Y RECREACIÓN EN EL CENTRO POBLADO DE AVIS CESAR VALLEJO - DISTRITO DE MOLLENDO - PROVINCIA DE ISLAY - REGIÓN AREQUIPA;77500;PEN;9;Licitación Pública Abreviada;goods;Baja competencia
1205557;20414868216;PROGRAMA SUBSECTORIAL DE IRRIGACIONES - PSI;LIMA;LIMA;PROGRAMA NACIONAL DE RIEGO TECNIFICADO PARA UNA AGRICULTURA CLIMÁTICAMENTE RESILIENTE;33000;PEN;1;Convenio;services;Baja competencia
1192559;20406325815;GOBIERNO REGIONAL DE PUNO SEDE CENTRAL;PUNO;PUNO;MEJORAMIENTO DE LOS SERVICIOS DE EDUCACIÓN SUPERIOR TECNOLÓGICA DEL IESTP HUANCANÉ DEL  DISTRITO DE HUANCANE - PROVINCIA DE HUANCANE - DEPARTAMENTO DE PUNO;399000;PEN;24;Licitación Pública Abreviada;goods;Alta competencia
1196791;20221770871;MUNICIPALIDAD DISTRITAL DE SALLIQUE;CAJAMARCA;JAEN;MEJORAMIENTO DEL SERVICIO EDUCATIVO EN LA INSTITUCION EDUCATIVA N°16148 - CENTRO POBLADO TAILIN DEL DISTRITO DE SALLIQUE - PROVINCIA DE JAEN - DEPARTAMENTO DE CAJAMARCA;19494333.16;PEN;14;Licitación Pública;works;Mediana competencia
1204021;20414868216;PROGRAMA SUBSECTORIAL DE IRRIGACIONES - PSI;LIMA;LIMA;PROGRAMA NACIONAL DE RIEGO TECNIFICADO PARA UNA AGRICULTURA CLIMÁTICAMENTE RESILIENTE;33000;PEN;1;Convenio;services;Baja competencia
1194903;20189848227;MUNICIPALIDAD DISTRITAL DE SAN ANDRES LA CHECCA;CUSCO;CANAS;MEJORAMIENTO DE LA PRESTACION DE LOS SERVICIOS EDUCATIVOS DE LA I.E.P 56127 DE LOCALIDAD DE CHECCA DISTRITO DE CHECCA, PROVINCIA DE CANAS - CUSCO;12128426.77;PEN;14;Licitación Pública;works;Mediana competencia
1195738;20406325815;GOBIERNO REGIONAL DE PUNO SEDE CENTRAL;PUNO;PUNO;MEJORAMIENTO DE LOS SERVICIOS DE EDUCACIÓN SUPERIOR TECNOLÓGICA DEL IESTP HUANCANÉ DEL  DISTRITO DE HUANCANE - PROVINCIA DE HUANCANE - DEPARTAMENTO DE PUNO;112965;PEN;26;Licitación Pública Abreviada;goods;Alta competencia
1203603;20414868216;PROGRAMA SUBSECTORIAL DE IRRIGACIONES - PSI;LIMA;LIMA;PROGRAMA NACIONAL DE RIEGO TECNIFICADO PARA UNA AGRICULTURA CLIMÁTICAMENTE RESILIENTE;27000;PEN;1;Convenio;services;Baja competencia
1193075;20159312055;MUNICIPALIDAD DISTRITAL DE LARES;CUSCO;CALCA;CREACION DEL SERVICIO DE PROVISIÓN DE AGUA PARA RIEGO EN DEL SERVICIO DE PROVISIÓN DE AGUA PARA RIEGO EN LA COMUNIDAD CAMPESINA LARES AYLLU TALANA SECTOR CRUZPATA   DISTRITO DE LARES DE LA PROVINCIA DE CALCA DEL DEPARTAMENTO DE CUSCO;484300;PEN;30;Licitación Pública Abreviada;goods;Alta competencia
1207799;20414868216;PROGRAMA SUBSECTORIAL DE IRRIGACIONES - PSI;LIMA;LIMA;PROGRAMA NACIONAL DE RIEGO TECNIFICADO PARA UNA AGRICULTURA CLIMÁTICAMENTE RESILIENTE;21000;PEN;1;Convenio;services;Baja competencia
1224899;20221770871;MUNICIPALIDAD DISTRITAL DE SALLIQUE;CAJAMARCA;JAEN;MEJORAMIENTO Y AMPLIACION DEL SERVICIO DE AGUA POTABLE E INSTALACION DEL SANEAMIENTO BASICO EN LAS LOCALIDADES DE BUENOS AIRES, DOS DE MAYO, CATALA, MOCHICA, SANTA ROSA, HUAYOPAMPA, BUENA VISTA Y ANEXOS, DISTRITO DE SALLIQUE DE LA PROVINCIA DE JAEN DEL DEPARTAMENTO DE CAJAMARCA;1553826.65;PEN;48;Concurso Público para Consultoría;services;Alta competencia
1199600;20189975920;GOBIERNO REGIONAL DE CUSCO - DIRECCION REGIONAL DE TRANSPORTES Y COMUNICACIONES CUSCO;CUSCO;CUSCO;MEJORAMIENTO DEL SERVICIO DE LA TRANSITABILIDAD VEHICULAR DE LA CARRETERA DEPARTAMENTAL CU-120, TRAMO EMP CU-119 (TINCOC) ¿ EMP. CU 117 (CUSIBAMBA) EN LOS DISTRITOS DE PACCARITAMBO Y PARURO DE LA  PROVINCIA DE PARURO - DEPARTAMENTO DE CUSCO;78200;PEN;3;Comparación de Precios;services;Baja competencia
1200668;20166544000;MUNICIPALIDAD DISTRITAL DE SAN MARCOS;ANCASH;HUARI;CREACION DE LOS SERVICIOS OPERATIVOS O MISIONALES INSTITUCIONALES EN EL LOCAL COMUNAL MULTIUSOS EN EL SECTOR DE RUYRUCANCHA DEL CENTRO POBLADO DE SAN LUIS DE PUJUN   DISTRITO DE SAN MARCOS DE LA PROVINCIA DE HUARI DEL DEPARTAMENTO DE ANCASH;238442.6;PEN;10;Concurso Público Abreviado;services;Mediana competencia
1193427;20142747155;MUNICIPALIDAD PROVINCIAL DE HUARMEY;ANCASH;HUARMEY;AMPLIACION DEL SERVICIO DE MOVILIDAD URBANA EN LAS VIAS DEL PROGRAMA DE VIVIENDA SECTOR B8   DISTRITO DE HUARMEY DE LA PROVINCIA DE HUARMEY DEL DEPARTAMENTO DE ANCASH;1262551.23;PEN;13;Licitación Pública Abreviada;works;Mediana competencia
1197800;20165195290;MUNICIPALIDAD PROVINCIAL DE SAN ROMAN - JULIACA;PUNO;SAN ROMAN;MEJORAMIENTO DEL SERVICIO DE INFRAESTRUCTURA VIAL URBANO, II ETAPA EN LA URBANIZACIÓN MUNICIPAL TAPARACHI PRIMER SECTOR DE LA CIUDAD DE JULIACA, PROVINCIA DE SAN ROMAN - PUNO;3823624.04;PEN;17;Licitación Pública Abreviada;works;Mediana competencia
1196376;20288774553;MUNICIPALIDAD DISTRITAL DE CHALLHUAHUACHO;APURIMAC;COTABAMBAS;MEJORAMIENTO Y AMPLIACION SERVICIO DE EDUCACION DE NIVEL PRIMARIO DE LA I.E. 1001 ALAMOS DEL BARRIO ALAMOS, DISTRITO DE CHALLHUAHUACHO - PROVINCIA DE COTABAMBAS - DEPARTAMENTO DE APURIMAC;636268;PEN;7;Subasta Inversa Electrónica;goods;Baja competencia
1199617;20498390570;GOBIERNO REGIONAL DE AREQUIPA Sede Central;AREQUIPA;AREQUIPA;MEJORAMIENTO DEL SERVICIO EDUCATIVO DEL NIVEL PRIMARIA DE LA I.E. 40232 VIRGEN DEL ROSARIO  EN EL  DISTRITO DE JOSE MARIA QUIMPER - PROVINCIA DE CAMANA - DEPARTAMENTO DE AREQUIPA;83997.5;PEN;43;Licitación Pública Abreviada;goods;Alta competencia
1207999;20546677444;UNIDAD EJECUTORA 003:PROGRAMA MODERNIZACION DEL SISTEMA DE ADMINISTRACION DE JUSTICIA;LIMA;LIMA;MEJORAMIENTO DE LOS SERVICIOS DE JUSTICIA NO PENALES A TRAVÉS DE LA IMPLEMENTACIÓN DEL EXPEDIENTE JUDICIAL ELECTRÓNICO (EJE).;40500;PEN;1;Convenio;services;Baja competencia
1197185;20207553698;PROGRAMA NACIONAL DE SANEAMIENTO URBANO;LIMA;LIMA;MEJORAMIENTO Y AMPLIACION DEL SERVICIO DE ALCANTARILLADO Y TRATAMIENTO DE AGUAS RESIDUALES EN LOS DISTRITOS DE NUEVO CHIMBOTE Y CHIMBOTE DE LA  PROVINCIA DE SANTA - DEPARTAMENTO DE ANCASH;40000;PEN;3;Convenio;services;Baja competencia
1193497;20288774553;MUNICIPALIDAD DISTRITAL DE CHALLHUAHUACHO;APURIMAC;COTABAMBAS;CREACION DEL SERVICIO DE PRÁCTICA DEPORTIVA Y/O RECREATIVA EN LOS CASERÍOS DE PANCHAMA, JAWAPAYLLA Y CHUSPIRE DE LA COMUNIDAD DE NUEVA FUERABAMBA DEL   DISTRITO DE CHALLHUAHUACHO DE LA PROVINCIA DE COTABAMBAS DEL DEPARTAMENTO DE APURIMAC;173180;PEN;13;Licitación Pública Abreviada;goods;Mediana competencia
1213867;20489250731;GOBIERNO REGIONAL DE HUANUCO SEDE CENTRAL;HUANUCO;HUANUCO;CREACION DEL SERVICIO DE MOVILIDAD URBANA EN LA VIA COLECTORA TRAMO  JR. LOS MANGLARES DE LA URBANIZACION LOS PORTALES (INICIO DE TRAMO) HASTA AV. LOS ANGELES DEL C.P. LA ESPERANZA (FIN DE TRAMO) DEL   DISTRITO DE AMARILIS DE LA PROVINCIA DE HUANUCO DEL DEPARTAMENTO DE HUANUCO;39864670.42;PEN;33;Licitación Pública;works;Alta competencia
1222096;20165924984;MUNICIPALIDAD DISTRITAL DE BERNAL;PIURA;SECHURA;MEJORAMIENTO DEL SERVICIO DE RECREACIÓN PASIVA EN LA PLAZA DE ARMAS RAMÓN CASTILLA DE BERNAL DEL DISTRITO DE BERNAL - PROVINCIA DE SECHURA - DEPARTAMENTO DE PIURA;1241939.38;PEN;29;Licitación Pública Abreviada;works;Alta competencia
1200081;20167987207;MUNICIPALIDAD DISTRITAL DE SAUCE;SAN MARTIN;SAN MARTIN;"MEJORAMIENTO DE LA INFRAESTRUCTURA VIAL URBANA DEL JR. SAN MARTIN CUADRAS: 01, 02, 03, 04, 05, 06, 07, 10, 11, 12, 13; 15, 16, 17, DE LA LOCALIDAD DE SAUCE DEL DISTRITO DE SAUCE - PROVINCIA DE SAN MARTIN - DEPARTAMENTO DE SAN MARTIN";409096.63;PEN;11;Concurso Público Abreviado;services;Mediana competencia
1193757;20222295166;MUNICIPALIDAD DISTRITAL DE TAHUANIA;UCAYALI;ATALAYA;MEJORAMIENTO Y AMPLIACION DEL SERVICIO DE PRÁCTICA DEPORTIVA Y/O RECREATIVA EN LA LOSA DEPORTIVA CON GRASS SINTÉTICO  DE CENTRO POBLADO NUEVA ITALIA DISTRITO DE TAHUANIA DE LA PROVINCIA DE ATALAYA DEL DEPARTAMENTO DE UCAYALI;96850;PEN;12;Concurso Público Abreviado;services;Mediana competencia
1192773;20170258305;GOBIERNO REGIONAL DE MADRE DE DIOS - PROYECTO ESPECIAL MADRE DE DIOS;MADRE DE DIOS;TAHUAMANU;REHABILITACIÓN Y MEJORAMIENTO DEL CAMINO VECINAL SUDADERO-LAGO VALENCIA, DISTRITO DE LAS PIEDRAS - TAMBOPATA - MADRE DE DIOS;192514.33;PEN;6;Subasta Inversa Electrónica;goods;Baja competencia
1196349;20131369809;MUNICIPALIDAD DISTRITAL DE VENTANILLA;CALLAO;CALLAO;CREACION DEL SERVICIO DE ATENCIÓN Y PROMOCIÓN DE LAS FAMILIAS EN EL CENTRO DE DESARROLLO INTEGRAL UBICADO EN P. P. N. P. SECTOR B GRUPO RESIDENCIAL B1 MZ F'1 - ZONA OESTE,  DISTRITO DE VENTANILLA - PROVINCIA DE PROVINCIA CONSTITUCIONAL DEL CALLAO - DEPARTAMENTO DE CALLAO;423619;PEN;19;Concurso Público Abreviado;services;Mediana competencia
1193944;20222295166;MUNICIPALIDAD DISTRITAL DE TAHUANIA;UCAYALI;ATALAYA;MEJORAMIENTO DEL SERVICIO DE EDUCACION PRIMARIA EN I.E. 64510-B  DE CENTRO POBLADO TUPAC AMARU DISTRITO DE TAHUANIA DE LA PROVINCIA DE ATALAYA DEL DEPARTAMENTO DE UCAYALI;240000;PEN;11;Concurso Público Abreviado;services;Mediana competencia
1195198;20166913561;MUNICIPALIDAD DISTRITAL DE KICHKI;HUANUCO;HUANUCO;CREACION DE LOS SERVICIOS DEL SISTEMA DE AGUA POTABLE Y SANEAMIENTO BASICO DE SAN ALEJANDRO DE CALLANCA, UNION PUENTE VERA, RODEO DE MARGO Y SAN JUAN DE TINGO, 4 LOCALIDADES DEL DISTRITO DE QUISQUI - PROVINCIA DE HUANUCO - DEPARTAMENTO DE HUANUCO;7257983.46;PEN;22;Licitación Pública;works;Alta competencia
1192115;20185850570;MUNICIPALIDAD DISTRITAL DE ITUATA;PUNO;CARABAYA;CREACION DEL SERVICIO DE TRANSITABILIDAD VIAL INTERURBANA EN LA TROCHA CARROZABLE DE CHIMPAPATA - PALCAPAMPA - CHOJÑAPAMPA (TRAMO II) -SECTORES (JATUN TOJO-PAUSITANI-PALLCCAPAMPA)   DISTRITO DE ITUATA DE LA PROVINCIA DE CARABAYA DEL DEPARTAMENTO DE PUNO;114100;PEN;5;Subasta Inversa Electrónica;goods;Baja competencia
1192196;20185898343;GOBIERNO REGIONAL DE APURIMAC-CHANKA;APURIMAC;ABANCAY;MEJORAMIENTO Y AMPLIACION DEL SERVICIO DE PRÁCTICA DEPORTIVA Y/O RECREATIVA EN EL ESTADIO LOS CHANKAS   DISTRITO DE ANDAHUAYLAS DE LA PROVINCIA DE ANDAHUAYLAS DEL DEPARTAMENTO DE APURIMAC;172050;PEN;38;Licitación Pública Abreviada;goods;Alta competencia
1198666;20452393493;GOBIERNO REGIONAL DE AYACUCHO SEDE CENTRAL;AYACUCHO;HUAMANGA;AMPLIACIÓN Y MEJORAMIENTO DE INFRAESTRUCTURA Y EQUIPAMIENTO DE LA INSTITUCIÓN EDUCATIVA SECUNDARIA LOS MOROCHUCOS DE PAMPACANGALLO, DISTRITO LOS MOROCHUCOS, PROVINCIA DE CANGALLO - AYACUCHO;191641;PEN;13;Subasta Inversa Electrónica;goods;Mediana competencia
1198277;20154435965;MUNICIPALIDAD DISTRITAL DE YARINACOCHA;UCAYALI;CORONEL PORTILLO;"REPARACION DE SUPERFICIE DE RODADURA; CONSTRUCCION DE ALCANTARILLA; EN EL(LA) JR. IPUATIA DESDE JR. PURUS HASTA JR. GRAU, DE CENTRO POBLADO PUERTO CALLAO  DISTRITO DE YARINACOCHA, PROVINCIA CORONEL PORTILLO, DEPARTAMENTO UCAYALI";1548903.66;PEN;11;Licitación Pública Abreviada;works;Mediana competencia
1201404;20185655441;MUNICIPALIDAD DISTRITAL DE ACOBAMBA - TARMA;JUNIN;TARMA;MEJORAMIENTO Y AMPLIACION DEL MERCADO DE ABASTOS DE LA LOCALIDAD DE ACOBAMBA  DISTRITO DE ACOBAMBA - PROVINCIA DE TARMA - DEPARTAMENTO DE JUNIN;135000;PEN;13;Concurso Público Abreviado;services;Mediana competencia
1200866;20159316981;GOBIERNO REGIONAL DE CUSCO-INSTITUTO DE MANEJO DE AGUA Y MEDIO AMBIENTE( IMA);CUSCO;CUSCO;RECUPERACION DEL SERVICIO  ECOSISTEMICO DE REGULACIÓN HIDRICA EN LAS MICROCUENCAS DE TOCCOHUANCA, LLANCAMA, LLANQUEMAYO, TAUCABAMBA Y MISKAHUAYCCO DE LA CUENCA MEDIA DEL APURIMAC - EN LOS DISTRITOS DE PARURO, OMACHA, PILLPINTO Y CHINCHAYPUJIO EN LAS PROVINCIAS DE ANTA Y PARURO DEL  DEPARTAMENTO DE CUSCO;379050;PEN;15;Concurso Público Abreviado;services;Mediana competencia
1196626;20185898343;GOBIERNO REGIONAL DE APURIMAC-CHANKA;APURIMAC;ABANCAY;MEJORAMIENTO Y AMPLIACION DEL SERVICIO DE PRÁCTICA DEPORTIVA Y/O RECREATIVA EN EL ESTADIO LOS CHANKAS   DISTRITO DE ANDAHUAYLAS DE LA PROVINCIA DE ANDAHUAYLAS DEL DEPARTAMENTO DE APURIMAC;131098.5;PEN;42;Licitación Pública Abreviada;goods;Alta competencia
1194064;20159316981;GOBIERNO REGIONAL DE CUSCO-INSTITUTO DE MANEJO DE AGUA Y MEDIO AMBIENTE( IMA);CUSCO;CUSCO;MEJORAMIENTO Y AMPLIACION SERVICIO DE PROTECCIÓN ANTE  INUNDACIONES  EN LA CUENCA ALTA DEL RIÓ VILCANOTA 4 DISTRITOS DE LA PROVINCIA DE CANCHIS - DEPARTAMENTO DE CUSCO;430000;PEN;38;Concurso Público Abreviado;services;Alta competencia
1187111;20222291845;MUNICIPALIDAD DISTRITAL DE CAMPANILLA;SAN MARTIN;MARISCAL CACERES;MEJORAMIENTO DEL SISTEMA DE AGUA POTABLE E INSTALACION DEL SISTEMA DE ALCANTARILLADO Y TRATAMIENTO DE AGUAS RESIDUALES EN LA LOCALIDAD DE CAMPANILLA, DISTRITO DE CAMPANILLA - MARISCAL CACERES - SAN MARTIN;11049583.6;PEN;10;Licitación Pública;works;Mediana competencia
1196483;20444054400;GOBIERNO REGIONAL DE HUANCAVELICA-HOSPITAL DEPARTAMENTAL DE HUANCAVELICA;HUANCAVELICA;HUANCAVELICA;"ADQUISICION DE EQUIPO DE AFERESIS, CENTRIFUGA REFRIGERADA Y BALANZA ANALITICA (INS); CONSTRUCCION DE CENTRO DE HEMOTERAPIA Y BANCO DE SANGRE TIPO II; ADEMÁS DE OTROS ACTIVOS EN EL(LA) HOSPITAL DEPARTAMENTAL DE HUANCAVELICA BARRIO YANANACO DISTRITO DE HUANCAVELICA, PROVINCIA HUANCAVELICA, DEPARTAMENTO HUANCAVELICA";106647.58;PEN;33;Licitación Pública Abreviada;goods;Alta competencia
1199920;20159316981;GOBIERNO REGIONAL DE CUSCO-INSTITUTO DE MANEJO DE AGUA Y MEDIO AMBIENTE( IMA);CUSCO;CUSCO;RECUPERACION DEL SERVICIO  ECOSISTEMICO DE REGULACIÓN HIDRICA EN LAS MICROCUENCAS DE TOCCOHUANCA, LLANCAMA, LLANQUEMAYO, TAUCABAMBA Y MISKAHUAYCCO DE LA CUENCA MEDIA DEL APURIMAC - EN LOS DISTRITOS DE PARURO, OMACHA, PILLPINTO Y CHINCHAYPUJIO EN LAS PROVINCIAS DE ANTA Y PARURO DEL  DEPARTAMENTO DE CUSCO;189760;PEN;19;Concurso Público Abreviado;services;Mediana competencia
1202127;20154441779;MUNICIPALIDAD PROVINCIAL DE ANGARAES - LIRCAY;HUANCAVELICA;ANGARAES;MEJORAMIENTO Y AMPLIACION DEL SERVICIO DE AGUA POTABLE Y ALCANTARILLADO Y CREACION DE LA PLANTA DE TRATAMIENTO DE AGUAS RESIDUALES EN LAS LOCALIDADES DE CENTRO, SANTA ROSA, CANCHAPATA Y YANACCOCHA DEL CENTRO POBLADO DE PAMPAS CONSTANCIA, DISTRITO DE LIRCAY, PROVINCIA DE ANGARAES - HUANCAVELICA;990960;PEN;27;Concurso Público para Consultoría;services;Alta competencia
1196243;20406325815;GOBIERNO REGIONAL DE PUNO SEDE CENTRAL;PUNO;PUNO;MEJORAMIENTO  SERVICIO DE EDUCACIÓN SUPERIOR TECNOLÓGICA  EN EL INSTITUTO SUPERIOR TECNOLÓGICO PUBLICO JOSE DOMINGO CHOQUEHUANCA DEL   DISTRITO DE JOSE DOMINGO CHOQUEHUANCA DE LA PROVINCIA DE AZANGARO DEL DEPARTAMENTO DE PUNO;10368074.77;PEN;20;Adjudicación Simplificada;works;Mediana competencia
1220141;20131379600;MUNICIPALIDAD DISTRITAL DE LA PUNTA;CALLAO;CALLAO;"REPARACION DE INFRAESTRUCTURA DEPORTIVA; EN EL(LA) COMPLEJO DEPORTIVO MUNICIPAL FORTUNATO MAROTTA  DISTRITO DE LA PUNTA, PROVINCIA CONSTITUCIONAL DEL CALLAO, DEPARTAMENTO CALLAO";1644240.28;PEN;21;Licitación Pública Abreviada;works;Alta competencia
1191295;20147897406;UNIVERSIDAD NACIONAL AGRARIA LA MOLINA;LIMA;LIMA;CREACION DEL CENTRO DE INVESTIGACIÓN E INNOVACIÓN TECNOLÓGICA EN PESCA Y ACUICULTURA  DE LA UNIVERSIDAD NACIONAL AGRARIA LA MOLINA  DISTRITO DE LA MOLINA - PROVINCIA DE LIMA - DEPARTAMENTO DE LIMA;87522;PEN;16;Licitación Pública Abreviada;goods;Mediana competencia
1195615;20452393493;GOBIERNO REGIONAL DE AYACUCHO SEDE CENTRAL;AYACUCHO;HUAMANGA;MEJORAMIENTO DE LA PRESTACIÓN DE SERVICIOS ADMINISTRATIVOS CON TICS DEL GOBIERNO REGIONAL DE AYACUCHO DEL DISTRITO AYACUCHO, PROVINCIA HUAMANGA, REGIÓN AYACUCHO;135000;PEN;21;Licitación Pública Abreviada;goods;Alta competencia
1193060;20406325815;GOBIERNO REGIONAL DE PUNO SEDE CENTRAL;PUNO;PUNO;MEJORAMIENTO DEL CAMINO VECINAL EMP. R01 (DV. LOANI) ¿ CAMICACHI ¿ EMP. R12 (ROSACANI) DISTRITO DE ILAVE - PROVINCIA DE EL COLLAO - REGIÓN PUNO;323150;PEN;4;Subasta Inversa Electrónica;goods;Baja competencia
1216327;20188808817;MUNICIPALIDAD DISTRITAL DE GROCIO PRADO;ICA;CHINCHA;CREACION DEL SERVICIO DE MOVILIDAD URBANA EN EN LAS VIAS PRINCIPALES DEL CC.PP. FUNDO AMARILLO   DISTRITO DE GROCIO PRADO DE LA PROVINCIA DE CHINCHA DEL DEPARTAMENTO DE ICA;1535786.3;PEN;32;Licitación Pública Abreviada;works;Alta competencia
1197671;20527147612;GOBIERNO REGIONAL DE CUSCO SEDE CENTRAL;CUSCO;CUSCO;MEJORAMIENTO Y AMPLIACION DE LOS SERVICIOS DE SALUD DEL ESTABLECIMIENTO DE SALUD DE BELEMPAMPA - DISTRITO DE SANTIAGO - PROVINCIA DE CUSCO - REGION CUSCO;1198605;PEN;49;Licitación Pública;goods;Alta competencia
1199502;20147567449;MUNICIPALIDAD PROVINCIAL DE URUBAMBA;CUSCO;URUBAMBA;MEJORAMIENTO DE LOS SERVICIOS DEL PARQUE RECREACIONAL CHARCAHUAYLLA DE LA CIUDAD DE URUBAMBA - DISTRITO DE URUBAMBA - PROVINCIA DE URUBAMBA - DEPARTAMENTO DE CUSCO;1507561;PEN;35;Licitación Pública Abreviada;goods;Alta competencia
1194839;20479569780;GOBIERNO REGIONAL DE LAMBAYEQUE SEDE CENTRAL;LAMBAYEQUE;CHICLAYO;MEJORAMIENTO DEL SERVICIO DE AGUA POTABLE Y ALCANTARILLADO DE LA URB. 03 DE OCTUBRE Y URB. SANTA LILA DEL DISTRITO DE CHICLAYO - PROVINCIA DE CHICLAYO - DEPARTAMENTO DE LAMBAYEQUE;6343396.75;PEN;86;Licitación Pública;works;Alta competencia
1200839;20449347448;UNIVERSIDAD NACIONAL DE MOQUEGUA;MOQUEGUA;MARISCAL NIETO;MEJORAMIENTO DE LOS SERVICIOS ACADÉMICOS Y ADMINISTRATIVOS DE LA ESCUELA PROFESIONAL DE INGENIERÍA AGROINDUSTRIAL, SEDE MOQUEGUA, UNIVERSIDAD NACIONAL DE MOQUEGUA, DISTRITO DE MOQUEGUA, PROVINCIA DE MARISCAL NIETO, DEPARTAMENTO DE MOQUEGUA;1178600;PEN;25;Licitación Pública;goods;Alta competencia
1200640;20537630222;MINISTERIO DE CULTURA;LIMA;LIMA;ACONDICIONAMIENTO TURISTICO DEL COMPLEJO ARQUEOLOGICO EL BRUJO DE MAGDALENA DE CAO, DISTRITO DE MAGDALENA DE CAO - ASCOPE - LA LIBERTAD;144000;PEN;9;Concurso Público Abreviado;services;Baja competencia
1199951;20489242550;GOBIERNO REGIONAL DE SAN MARTIN - ALTO HUALLAGA TOCACHE;SAN MARTIN;TOCACHE;MEJORAMIENTO Y AMPLIACION DEL SERVICIO EDUCATIVO EN EL NIVEL PRIMARIO DE LA I.E JOSE GALVEZ BARRENECHEA - UCHIZA,  DISTRITO DE UCHIZA - PROVINCIA DE TOCACHE - DEPARTAMENTO DE SAN MARTIN;1134144.93;PEN;21;Concurso Público para Consultoría;services;Alta competencia
1196481;20444054400;GOBIERNO REGIONAL DE HUANCAVELICA-HOSPITAL DEPARTAMENTAL DE HUANCAVELICA;HUANCAVELICA;HUANCAVELICA;"ADQUISICION DE EQUIPO DE AFERESIS, CENTRIFUGA REFRIGERADA Y BALANZA ANALITICA (INS); CONSTRUCCION DE CENTRO DE HEMOTERAPIA Y BANCO DE SANGRE TIPO II; ADEMÁS DE OTROS ACTIVOS EN EL(LA) HOSPITAL DEPARTAMENTAL DE HUANCAVELICA BARRIO YANANACO DISTRITO DE HUANCAVELICA, PROVINCIA HUANCAVELICA, DEPARTAMENTO HUANCAVELICA";69000;PEN;12;Licitación Pública Abreviada;goods;Mediana competencia
1199913;20147706155;MUNICIPALIDAD DISTRITAL DE VISTA ALEGRE - NAZCA;ICA;NAZCA;MEJORAMIENTO DEL SERVICIO DE PRÁCTICA DEPORTIVA Y/O RECREATIVA EN LA LOSA DEPORTIVA DEL CENTRO POBLADO JUAN MANUEL MEZA DEL   DISTRITO DE VISTA ALEGRE DE LA PROVINCIA DE NASCA DEL DEPARTAMENTO DE ICA;2712161.34;PEN;14;Licitación Pública Abreviada;works;Mediana competencia
1195436;20191121954;MUNICIPALIDAD PROVINCIAL DE ACOBAMBA;HUANCAVELICA;ACOBAMBA;MEJORAMIENTO DEL SERVICIO DE PRÁCTICA DEPORTIVA Y/O RECREATIVA EN EL ESTADIO MUNICIPAL DE LA LOCALIDAD DE BELLAVISTA,   DISTRITO DE ACOBAMBA DE LA PROVINCIA DE ACOBAMBA DEL DEPARTAMENTO DE HUANCAVELICA;377260.33;PEN;6;Licitación Pública Abreviada;works;Baja competencia
1201052;20537630222;MINISTERIO DE CULTURA;LIMA;LIMA;ACONDICIONAMIENTO TURISTICO DEL COMPLEJO ARQUEOLOGICO EL BRUJO DE MAGDALENA DE CAO, DISTRITO DE MAGDALENA DE CAO - ASCOPE - LA LIBERTAD;192000;PEN;4;Concurso Público Abreviado;services;Baja competencia
1199216;20542068281;UNIVERSIDAD NACIONAL DE BARRANCA;LIMA;BARRANCA;MEJORAMIENTO DEL SERVICIO DE GESTIÓN INSTITUCIONAL EN EDUCACIÓN SUPERIOR UNIVERSITARIA EN EL COMEDOR UNIVERSITARIO DE LA UNIVERSIDAD NACIONAL DE BARRANCA,   DISTRITO DE BARRANCA DE LA PROVINCIA DE BARRANCA DEL DEPARTAMENTO DE LIMA;101827.84;PEN;60;Licitación Pública Abreviada;goods;Alta competencia
1194407;20133696742;MUNICIPALIDAD DISTRITAL DE EL TAMBO;JUNIN;HUANCAYO;CREACION DEL SERVICIO DE ALCANTARILLADO U OTRAS FORMAS DE DISPOSICIÓN SANITARIA DE EXCRETAS EN EL CENTRO POBLADO DE PACCHA   DISTRITO DE EL TAMBO DE LA PROVINCIA DE HUANCAYO DEL DEPARTAMENTO DE JUNIN;1447679.4;PEN;9;Licitación Pública Abreviada;works;Baja competencia
1194846;20147706155;MUNICIPALIDAD DISTRITAL DE VISTA ALEGRE - NAZCA;ICA;NAZCA;"CONSTRUCCION DE PAVIMENTO Y VEREDA; EN EL(LA) EL SECTOR NUEVA UNION DEL  DISTRITO DE VISTA ALEGRE, PROVINCIA NASCA, DEPARTAMENTO ICA";1150848.99;PEN;15;Licitación Pública Abreviada;works;Mediana competencia
1196918;20527141762;GOBIERNO REGIONAL DE APURIMAC SEDE CENTRAL;APURIMAC;ABANCAY;MEJORAMIENTO Y AMPLIACION DEL SERVICIO DE AGUA DE RIEGO EN LAS COMUNIDADES DE CHULLCUISA, SANTA ROSA, CUPISA, CHAMPACCOCHA, ANCATIRA, CHOCCECANCHA Y ARGAMA ALTA, DISTRITOS DE SAN JERONIMO Y PACUCHA, PROVINCIA DE ANDAHUAYLAS - APURIMAC;1536666.67;PEN;32;Concurso Público de Servicios;services;Alta competencia
1195234;20449347448;UNIVERSIDAD NACIONAL DE MOQUEGUA;MOQUEGUA;MARISCAL NIETO;MEJORAMIENTO DE LOS SERVICIOS ACADÉMICOS Y ADMINISTRATIVOS DE LA ESCUELA PROFESIONAL DE INGENIERÍA AGROINDUSTRIAL, SEDE MOQUEGUA, UNIVERSIDAD NACIONAL DE MOQUEGUA, DISTRITO DE MOQUEGUA, PROVINCIA DE MARISCAL NIETO, DEPARTAMENTO DE MOQUEGUA;471281.5;PEN;41;Licitación Pública Abreviada;goods;Alta competencia
1199579;20159316981;GOBIERNO REGIONAL DE CUSCO-INSTITUTO DE MANEJO DE AGUA Y MEDIO AMBIENTE( IMA);CUSCO;CUSCO;MEJORAMIENTO Y AMPLIACION SERVICIO DE PROTECCIÓN ANTE  INUNDACIONES  EN LA CUENCA ALTA DEL RIÓ VILCANOTA 4 DISTRITOS DE LA PROVINCIA DE CANCHIS - DEPARTAMENTO DE CUSCO;525000;PEN;28;Concurso Público de Servicios;services;Alta competencia
1198945;20320162352;GOBIERNO REGIONAL DE ANCASH - SUB REGION PACIFICO;ANCASH;SANTA;MEJORAMIENTO DEL SERVICIO DE TRANSITABILIDAD VIAL INTERURBANA EN EL SECTOR LAGAR - CANTARILLA DEL CENTRO POBLADO DE CACHIPAMPA   DISTRITO DE YAUTAN DE LA PROVINCIA DE CASMA DEL DEPARTAMENTO DE ANCASH;260812.17;PEN;37;Concurso Público Abreviado;services;Alta competencia
1200089;20148092282;UNIVERSIDAD NACIONAL MAYOR DE SAN MARCOS;LIMA;LIMA;AMPLIACION, REMODELACION Y ACONDICIONAMIENTO DEL PABELLON DE LA FACULTAD DE LETRAS Y CIENCIAS HUMANAS - UNMSM;127945;PEN;86;Licitación Pública Abreviada;goods;Alta competencia
1195724;20159311598;GOBIERNO REGIONAL DE CUSCO - PROYECTO ESPECIAL REGIONAL PLAN COPESCO;CUSCO;CUSCO;MEJORAMIENTO CARRETERA EN LOS DISTRITOS DE LANGUI, LAYO Y KUNTURKANKI DE LA  PROVINCIA DE CANAS - DEPARTAMENTO DE CUSCO;210000;PEN;3;Concurso Público Abreviado;services;Baja competencia
1198338;20406325815;GOBIERNO REGIONAL DE PUNO SEDE CENTRAL;PUNO;PUNO;MEJORAMIENTO Y AMPLIACION DEL SERVICIO DE EDUCACIÓN SUPERIOR TECNOLÓGICA EN EL INSTITUTO SUPERIOR TECNOLÓGICO PUBLICO DE MACUSANI  DISTRITO DE MACUSANI - PROVINCIA DE CARABAYA - DEPARTAMENTO DE PUNO;307275;PEN;58;Licitación Pública Abreviada;goods;Alta competencia
1201526;20202885315;MUNICIPALIDAD DISTRITAL DE AYAPATA;PUNO;CARABAYA;MEJORAMIENTO Y AMPLIACION DE LOS SERVICIOS DE AGUA POTABLE Y SANEAMIENTO EN LA COMUNIDAD DE KANCHI ORCCOTAQUI DEL, DISTRITO DE AYAPATA - CARABAYA - PUNO;114777;PEN;12;Concurso Público Abreviado;services;Mediana competencia
1198908;20200033249;MUNICIPALIDAD DISTRITAL DE HUANTAR;ANCASH;HUARI;"RENOVACION DE CALLE DE RODAJE Y ; EN EL(LA) EN LA TROCHA CARROZABLE DE LA LOCALIDAD DE LACSACOCHA  DISTRITO DE HUANTAR, PROVINCIA HUARI, DEPARTAMENTO ANCASH";314742.12;PEN;10;Licitación Pública Abreviada;works;Mediana competencia
1200433;20527147612;GOBIERNO REGIONAL DE CUSCO SEDE CENTRAL;CUSCO;CUSCO;MEJORAMIENTO Y AMPLIACION DE LOS SERVICIOS DE SALUD DEL ESTABLECIMIENTO DE SALUD DE BELEMPAMPA - DISTRITO DE SANTIAGO - PROVINCIA DE CUSCO - REGION CUSCO;135000;PEN;33;Licitación Pública Abreviada;goods;Alta competencia
1200474;20484004421;GOBIERNO REGIONAL DE PIURA SEDE CENTRAL;PIURA;PIURA;"RENOVACION DE SUMINISTRO DE ENERGIA ELECTRICA; EN EL(LA) ZONA URBANA DE LA AVENIDA GRAU Y PROLONGACION AV. GRAU TRAMO COMPRENDIDO DESDE LA AV. SULLANA HASTA LA AV RAUL MATTA DEL DISTRITO DE PIURA Y  DISTRITO DE VEINTISEIS DE OCTUBRE, PROVINCIA PIURA, DEPARTAMENTO PIURA";475304;PEN;26;Concurso Público Abreviado;services;Alta competencia
1192512;20175954661;MUNICIPALIDAD DISTRITAL DE PAUCARA;HUANCAVELICA;ACOBAMBA;MEJORAMIENTO DEL SERVICIO DE TRANSITABILIDAD VEHICULAR Y PEATONAL EN LA CALLE 15 DE ENERO TRAMO: JR. ICA HASTA PASAJE PEREZ DEL BARRIO PROGRESO DEL DISTRITO DE PAUCARA - PROVINCIA DE ACOBAMBA - DEPARTAMENTO DE HUANCAVELICA;56966.23;PEN;3;Comparación de Precios;services;Baja competencia
1194294;20406325815;GOBIERNO REGIONAL DE PUNO SEDE CENTRAL;PUNO;PUNO;MEJORAMIENTO DE LA CARRETERA PU 147, EMP. PE-34I JIPATA - EMP. PE-34I MOHO,  DISTRITO DE MOHO - PROVINCIA DE MOHO - DEPARTAMENTO DE PUNO;1240000;PEN;32;Concurso Público de Servicios;services;Alta competencia
1199907;20193065938;MUNICIPALIDAD DISTRITAL DE ITE;TACNA;JORGE BASADRE;MEJORAMIENTO Y AMPLIACION DEL SERVICIO DE TRATAMIENTO DE AGUAS RESIDUALES PARA DISPOSICIÓN FINAL EN LAS  PLANTAS DE TRATAMIENTO DE AGUAS RESIDUALES EN EL SECTOR DE PAMPA ALTA Y SECTOR DE PAMPA BAJA,   DISTRITO DE ITE DE LA PROVINCIA DE JORGE BASADRE DEL DEPARTAMENTO DE TACNA;710738.9;PEN;18;Concurso Público de Servicios;services;Mediana competencia
1201551;20163065330;MUNICIPALIDAD PROVINCIAL DE SANTA - CHIMBOTE;ANCASH;SANTA;"REMODELACION DE VEREDA, COBERTURA Y AREA VERDE; ADQUISICION DE JUEGOS INFANTILES E INCLUSIVOS; ADEMÁS DE OTROS ACTIVOS EN EL(LA) BULEVAR ISLA BLANCA DEL  DISTRITO DE CHIMBOTE, PROVINCIA SANTA, DEPARTAMENTO ANCASH";176864.52;PEN;9;Concurso Público Abreviado;services;Baja competencia
1198814;20187346488;MUNICIPALIDAD DISTRITAL DE VILLA EL SALVADOR;LIMA;LIMA;"MEJORAMIENTO DEL SERVICIO DE MOVILIDAD URBANA EN LOS GRUPOS ""19, 24, 25, 25 A Y 26"" DEL SECTOR 01  DE CENTRO POBLADO VILLA EL SALVADOR DISTRITO DE VILLA EL SALVADOR DE LA PROVINCIA DE LIMA DEL DEPARTAMENTO DE LIMA";11438853.52;PEN;28;Licitación Pública;works;Alta competencia
1196184;20147421070;MUNICIPALIDAD PROVINCIAL DE CANCHIS - SICUANI;CUSCO;CANCHIS;MEJORAMIENTO DEL SERVICIO DE MOVILIDAD URBANA EN EL PUENTE TERMINAL DEL   DISTRITO DE SICUANI DE LA PROVINCIA DE CANCHIS DEL DEPARTAMENTO DE CUSCO;19543738.75;PEN;26;Licitación Pública;works;Alta competencia
1194536;20147161574;MUNICIPALIDAD DISTRITAL DE PUNCHANA;LORETO;MAYNAS;MEJORAMIENTO DEL SERVICIO RECREATIVO Y DE ESPARCIMIENTO EN LA PLAZA STELLA MARIS DE VILLA PUNCHANA  DISTRITO DE PUNCHANA - PROVINCIA DE MAYNAS - DEPARTAMENTO DE LORETO;3956942.04;PEN;4;Licitación Pública Abreviada;works;Baja competencia
1197924;20486021692;GOBIERNO REGIONAL DE JUNIN SEDE CENTRAL;JUNIN;HUANCAYO;MEJORAMIENTO DEL SERVICIO DE PROVISIÓN DE AGUA PARA RIEGO EN SISTEMA DE RIEGO ESQUICHA   DISTRITO DE PALCAMAYO DE LA PROVINCIA DE TARMA DEL DEPARTAMENTO DE JUNIN;420000;PEN;11;Concurso Público Abreviado;services;Mediana competencia
1197941;20406325815;GOBIERNO REGIONAL DE PUNO SEDE CENTRAL;PUNO;PUNO;MEJORAMIENTO DEL SERVICIO EDUCATIVO DE LAS CARRERAS DE PRODUCCIÓN, AUTOMOTRIZ, MINERÍA, CONTABILIDAD, COMPUTACIÓN,  SECRETARIADO, ENFERMERÍA, LABORATORIO CLÍNICO Y PRÓTESIS DENTAL DEL IST MANUEL NÚÑEZ  BUTRÓN, JULIACA, SAN ROMÁN - PUNO;212250;PEN;9;Licitación Pública Abreviada;goods;Baja competencia
1193109;20146510982;MUNICIPALIDAD DISTRITAL DE SANTA ROSA DE SACCO;JUNIN;YAULI;"REMODELACION DE AUDITORIO; ADQUISICION DE EQUIPOS COMPLEMENTARIOS Y MOBILIARIO DE SALA DE USOS MULTIPLES; EN EL(LA) I.E. JOSE MARIA ARGUEDAS  DISTRITO DE SANTA ROSA DE SACCO, PROVINCIA YAULI, DEPARTAMENTO JUNIN";305863.42;PEN;7;Licitación Pública Abreviada;works;Baja competencia
1194982;20181709066;MUNICIPALIDAD PROVINCIAL DE CHUMBIVILCAS - SANTO TOMAS;CUSCO;CHUMBIVILCAS;MEJORAMIENTO DE CAPACIDAD OPERATIVA DE LA DIVISIÓN DE CIRCULACIÓN, TRANSPORTE Y SERVICIOS PÚBLICOS DE LA MUNICIPALIDAD PROVINCIAL DE CHUMBIVILCAS EN EL  DISTRITO DE SANTO TOMAS - PROVINCIA DE CHUMBIVILCAS - DEPARTAMENTO DE CUSCO;127500;PEN;13;Concurso Público Abreviado;services;Mediana competencia
1200422;20145496170;UNIVERSIDAD NACIONAL DEL ALTIPLANO;PUNO;PUNO;MEJORAMIENTO Y AMPLIACION DEL SERVICIO DE EXTENSION CULTURAL, PROYECCIÓN SOCIAL Y EDUCACIÓN CONTINUA EN EDUCACIÓN SUPERIOR UNIVERSITARIA DEL AUDITORIO MAGNO DE LA DIRECCIÓN DE PROYECCIÓN SOCIAL Y EXTENSIÓN CULTURAL DE LA UNIVERSIDAD NACIONAL DEL ALTIPLANO DEL  DISTRITO DE PUNO - PROVINCIA DE PUNO - DEPARTAMENTO DE PUNO;129218.31;PEN;37;Licitación Pública Abreviada;goods;Alta competencia
1223386;20185898343;GOBIERNO REGIONAL DE APURIMAC-CHANKA;APURIMAC;ABANCAY;MEJORAMIENTO DE LOS SERVICIOS DE GESTIÓN DE LA GERENCIA SUB REGIONAL CHANKA ANDAHUAYLAS, PROVINCIA DE ANDAHUAYLAS, REGIÓN APURÍMAC;455386;PEN;30;Concurso Público Abreviado;services;Alta competencia
1224768;20174929697;MUNICIPALIDAD PROVINCIAL DE CASMA;ANCASH;CASMA;MEJORAMIENTO  SERVICIO DE MOVILIDAD URBANA EN AV. NEPEÑA ENTRE LA AV. REYNA Y CALLE COLON , AV. PERU ENTRE LA AV. GAMARRA Y PANAMERICANA NORTE EN LA ZONA ESTE   DISTRITO DE CASMA DE LA PROVINCIA DE CASMA DEL DEPARTAMENTO DE ANCASH;2217924.84;PEN;23;Licitación Pública Abreviada;works;Alta competencia
1199194;20146898697;MUNICIPALIDAD PROVINCIAL DE CHINCHA - CHINCHA ALTA;ICA;CHINCHA;MEJORAMIENTO DEL SERVICIO DE TRANSITABILIDAD VEHICULAR Y PEATONAL EN LA ASOCIACION VECINAL LOS ALAMOS DEL DISTRITO DE CHINCHA ALTA - PROVINCIA DE CHINCHA - DEPARTAMENTO DE ICA;1632195.89;PEN;34;Licitación Pública Abreviada;works;Alta competencia
1196336;20530689019;GOBIERNO REGIONAL DE ANCASH - SEDE CENTRAL;ANCASH;HUARAZ;MEJORAMIENTO DE LA I.E. N 86840 MAESTRO DIVINO DE WECRONCOCHA, DISTRITO DE ACOCHACA, PROVINCIA DE ASUNCION - ANCASH;432800;PEN;25;Concurso Público Abreviado;services;Alta competencia
1201064;20178199251;MUNICIPALIDAD DISTRITAL DE KIMBIRI;CUSCO;LA CONVENCION;MEJORAMIENTO Y AMPLIACION DEL SERVICIO DE AGUA POTABLE RURAL Y MEJORAMIENTO Y AMPLIACION DEL SERVICIO DE ALCANTARILLADO U OTRAS FORMAS DE DISPOSICIÓN SANITARIA DE EXCRETAS EN LA COMUNIDAD DE LA LIBERTAD Y CHIBUKIARI DEL   DISTRITO DE KIMBIRI DE LA PROVINCIA DE LA CONVENCION DEL DEPARTAMENTO DE CUSCO;65000;PEN;9;Concurso Público Abreviado;services;Baja competencia
1201742;20317337150;MUNICIPALIDAD DISTRITAL DE PICHARI;CUSCO;LA CONVENCION;MEJORAMIENTO DE PALACIO MUNICIPAL DE PICHARI DEL DISTRITO DE PICHARI - PROVINCIA DE LA CONVENCION - DEPARTAMENTO DE CUSCO;4707222.39;PEN;26;Concurso Público de Servicios;services;Alta competencia
1216085;20479569861;GOBIERNO REGIONAL DE AMAZONAS SEDE CENTRAL;AMAZONAS;CHACHAPOYAS;CREACION DEL ESTADIO MUNICIPAL EN LA LOCALIDAD DE SAN MARCOS DEL DISTRITO DE COCHAMAL - PROVINCIA DE RODRIGUEZ DE MENDOZA - DEPARTAMENTO DE AMAZONAS;2436239.48;PEN;18;Licitación Pública Abreviada;works;Mediana competencia
1199742;20601625017;MUNICIPALIDAD DISTRITAL DE MEGANTONI;CUSCO;LA CONVENCION;MEJORAMIENTO Y AMPLIACION DEL SERVICIO DE AGUA POTABLE, ALCANTARILLADO Y SISTEMA DE TRATAMIENTO DE AGUAS RESIDUALES EN LA COMUNIDAD NATIVA DE MIARIA DEL  DISTRITO DE MEGANTONI - PROVINCIA DE LA CONVENCION - DEPARTAMENTO DE CUSCO;220000;PEN;9;Subasta Inversa Electrónica;goods;Baja competencia
1199840;20148182788;MUNICIPALIDAD PROVINCIAL DE ABANCAY;APURIMAC;ABANCAY;MEJORAMIENTO DEL SERVICIO DE MOVILIDAD URBANA EN LAS VIAS LOCALES DEL JR. DAVID SAMANEZ OCAMPO , AV. GARCILASO DE LA VEGA (TRAMO JR. DAVID SAMANEZ OCAMPO ¿ AV. CONDEBAMBA) DEL   DISTRITO DE ABANCAY DE LA PROVINCIA DE ABANCAY DEL DEPARTAMENTO DE APURIMAC;162295.68;PEN;15;Concurso Público Abreviado;services;Mediana competencia
1195877;20154491873;MUNICIPALIDAD PROVINCIAL DE ILO;MOQUEGUA;ILO;MEJORAMIENTO DE LA INFRAESTRUCTURA VIAL DE LA CALLE 123  DE LOS AA.HH. BOCA DEL SAPO Y 2 DE MARZO DEL PROMUVI X, DISTRITO ILO, PROVINCIA DE ILO - MOQUEGUA;229500;PEN;6;Licitación Pública Abreviada;goods;Baja competencia
1197928;20527147612;GOBIERNO REGIONAL DE CUSCO SEDE CENTRAL;CUSCO;CUSCO;AMPLIACION DEL SERVICIO DE ELECTRIFICACION RURAL EN LA RED PRIMARIA Y RED SECUNDARIA DE LOS SECTORES (ESPERANZA ALTO Y BAJO, JAPU, JAPU ALTO, AJUYANI, C.C. PALLPATA CCACYA, YAPITUYO, YAPITUYO ALTO, ALREDEDORES KASILLO, JAYUNI, C.C. PIRHUAYANI SECTOR JARUMA, C.C. JARUMA ALCCASANA SECTOR CHAQUELLA, SECTO HUINI MAYO (HATUN PUKARA), PACOPATA CENTRO, C.C. PACOPATA SECTOR SACHATERA,  DISTRITO DE PALLPATA - PROVINCIA DE ESPINAR - DEPARTAMENTO DE CUSCO;99145.2;PEN;3;Comparación de Precios;goods;Baja competencia
1203458;20131365722;MUNICIPALIDAD DISTRITAL DE LA MOLINA;LIMA;LIMA;"REPARACION DE PAVIMENTO; EN EL(LA) AV. LOS FRESNOS (TRAMO ALAMEDA DE LOS CONDORES - ALAMEDA DEL CORREGIDOR)  DISTRITO DE LA MOLINA, PROVINCIA LIMA, DEPARTAMENTO LIMA";2964083.96;PEN;28;Licitación Pública Abreviada;works;Alta competencia
1202058;20484004421;GOBIERNO REGIONAL DE PIURA SEDE CENTRAL;PIURA;PIURA;"CONSTRUCCION DE SISTEMA DE ABASTECIMIENTO DE AGUA POTABLE, CONEXIONES DOMICILIARIAS DE AGUA POTABLE, RED DE ALCANTARILLADO Y CONEXION DOMICILIARIA DE ALCANTARILLADO; EN EL(LA) ASENTAMIENTO HUMANO CONSUELO GONZALES DE VELASCO  DISTRITO DE VEINTISEIS DE OCTUBRE, PROVINCIA PIURA, DEPARTAMENTO PIURA";2529549.41;PEN;18;Licitación Pública Abreviada;works;Mediana competencia
1199466;20213749031;MUNICIPALIDAD DISTRITAL DE CAPELO;LORETO;REQUENA;MEJORAMIENTO Y AMPLIACION DEL SERVICIO DE MOVILIDAD URBANA EN LAS CALLES Y VIAS DE LA LOCALIDAD DE HUATAPI   DISTRITO DE CAPELO DE LA PROVINCIA DE REQUENA DEL DEPARTAMENTO DE LORETO;155059.49;PEN;4;Concurso Público Abreviado;services;Baja competencia
1199594;20174929697;MUNICIPALIDAD PROVINCIAL DE CASMA;ANCASH;CASMA;MEJORAMIENTO DE LA LOSA DEPORTIVA EN EL AA.HH. SAN ISIDRO,  DISTRITO DE CASMA - PROVINCIA DE CASMA - DEPARTAMENTO DE ANCASH;72800;PEN;9;Concurso Público Abreviado;services;Baja competencia
1192428;20489250731;GOBIERNO REGIONAL DE HUANUCO SEDE CENTRAL;HUANUCO;HUANUCO;MEJORAMIENTO Y AMPLIACION DEL SERVICIO DE MOVILIDAD URBANA EN LAS VIAS  LOCALES DEL PJE. VIRGEN DE FÁTIMA Y CALLES ALEDAÑAS AL ESTADIO DE ACOMAYO (JR. CARPISH, PJE. GOCHAPUCRO Y PJE. JERSEY)  DE CENTRO POBLADO ACOMAYO DISTRITO DE CHINCHAO DE LA PROVINCIA DE HUANUCO DEL DEPARTAMENTO DE HUANUCO;114909.29;PEN;13;Concurso Público Abreviado;services;Mediana competencia
1215391;20182314928;MUNICIPALIDAD DISTRITAL DE INCLAN;TACNA;TACNA;MEJORAMIENTO DEL SERVICIO DE CATASTRO URBANO Y RURAL PARA EL SANEAMIENTO FISICO Y REGISTRO DE PREDIOS EN EL DISTRITO DE INCLAN - PROVINCIA DE TACNA - DEPARTAMENTO DE TACNA;140000;PEN;12;Licitación Pública Abreviada;goods;Mediana competencia
1208921;20146721410;MUNICIPALIDAD PROVINCIAL DE SECHURA;PIURA;SECHURA;MEJORAMIENTO DEL SERVICIO DE TRANSITABILIDAD VEHICULAR Y PEATONAL EN EL BARRIO LA PERA, DEL CASERIO TAJAMAR DEL DISTRITO DE SECHURA - PROVINCIA DE SECHURA - DEPARTAMENTO DE PIURA;1561157.11;PEN;28;Licitación Pública Abreviada;works;Alta competencia
1194587;20406325815;GOBIERNO REGIONAL DE PUNO SEDE CENTRAL;PUNO;PUNO;MEJORAMIENTO DE LOS SERVICIOS DE APOYO AL DESARROLLO PRODUCTIVO EN 19 UNIDADES PRODUCTORAS 19 DISTRITOS DE 7 PROVINCIAS DEL DEPARTAMENTO DE PUNO;1130470;PEN;26;Licitación Pública;goods;Alta competencia
1194220;20148157325;MUNICIPALIDAD DISTRITAL DE MORALES;SAN MARTIN;SAN MARTIN;MEJORAMIENTO DEL SERVICIOS DE ESPACIOS PÚBLICOS URBANOS EN LA PLAZA BOLOGNESI DEL   DISTRITO DE MORALES DE LA PROVINCIA DE SAN MARTIN DEL DEPARTAMENTO DE SAN MARTIN;3143934.24;PEN;16;Licitación Pública Abreviada;works;Mediana competencia
1197921;20486021692;GOBIERNO REGIONAL DE JUNIN SEDE CENTRAL;JUNIN;HUANCAYO;MEJORAMIENTO DEL SERVICIO DE PROVISIÓN DE AGUA PARA RIEGO EN SISTEMA DE RIEGO ESQUICHA   DISTRITO DE PALCAMAYO DE LA PROVINCIA DE TARMA DEL DEPARTAMENTO DE JUNIN;400000;PEN;15;Concurso Público Abreviado;services;Mediana competencia
1194453;20393066386;GOBIERNO REGIONAL DE UCAYALI SEDE CENTRAL;UCAYALI;CORONEL PORTILLO;MEJORAMIENTO DE LOS SERVICIOS EDUCATIVOS DE LA INSTITUCIÓN EDUCATIVA INTEGRADA N° 64041 ¿ MONSEÑOR GUSTAVO PREVOST GODARD CENTRO POBLADO LA UNIÓN KM 75 C.F.B DEL DISTRITO DE NESHUYA - PROVINCIA DE PADRE ABAD - DEPARTAMENTO DE UCAYALI;40415495.3;PEN;13;Licitación Pública;works;Mediana competencia
1214574;20181009161;MUNICIPALIDAD DISTRITAL DE PUNTA DE BOMBON;AREQUIPA;ISLAY;MEJORAMIENTO DEL SERVICIO DE MOVILIDAD URBANA EN LAS VÍAS LOCALES DE LA AVENIDA LA PUNTA (TRAMO ENTRE LA AVENIDA AREQUIPA Y CALLE JORGE CHAVEZ)  DE CENTRO POBLADO PUNTA DE BOMBON DISTRITO DE PUNTA DE BOMBON DE LA PROVINCIA DE ISLAY DEL DEPARTAMENTO DE AREQUIPA;4560754.34;PEN;21;Licitación Pública Abreviada;works;Alta competencia
1194555;20212824641;MUNICIPALIDAD PROVINCIAL DE MARISCAL LUZURIAGA - PISCOBAMBA;ANCASH;MARISCAL LUZURIAGA;AMPLIACION DEL SERVICIO DE AGUA POTABLE RURAL EN LA CAPTACION DE NOVIA DE LOS ANDES N° 01, DEL   DISTRITO DE PISCOBAMBA DE LA PROVINCIA DE MARISCAL LUZURIAGA DEL DEPARTAMENTO DE ANCASH;274821.39;PEN;14;Licitación Pública Abreviada;works;Mediana competencia
1199769;20527143200;GOBIERNO REGIONAL DE MADRE DE DIOS SEDE CENTRAL;MADRE DE DIOS;TAMBOPATA;MEJORAMIENTO DE LA RED VIAL DEPARTAMENTAL MD-102 TRAMO CHAPAJAL - EMBARCADERO BOTAFOGO - DISTRITO DE TAMBOPATA - PROVINCIA DE TAMBOPATA - REGIÓN MADRE DE DIOS;81400;PEN;5;Concurso Público Abreviado;services;Baja competencia
1194608;20193065938;MUNICIPALIDAD DISTRITAL DE ITE;TACNA;JORGE BASADRE;MEJORAMIENTO DE LOS SERVICIOS DE APOYO AL DESARROLLO PRODUCTIVO EN LA PRODUCCION DE PISO FORRAJERO PARA EL SECTOR PECUARIO EN EL   DISTRITO DE ITE DE LA PROVINCIA DE JORGE BASADRE DEL DEPARTAMENTO DE TACNA;398883.33;PEN;9;Licitación Pública Abreviada;goods;Baja competencia
1198984;20228443264;GOBIERNO REGIONAL DE CUSCO-AGRICULTURA;CUSCO;CUSCO;MEJORAMIENTO DEL SERVICIO DE INOCUIDAD AGROPECUARIA EN LAS ZONAS ALTOANDINAS DE LAS 13 PROVINCIAS   DISTRITO DE CUSCO DE LA PROVINCIA DE CUSCO DEL DEPARTAMENTO DE CUSCO;275000;PEN;19;Licitación Pública Abreviada;goods;Mediana competencia
1205471;20162161866;MUNICIPALIDAD DISTRITAL DE OLLACHEA;PUNO;CARABAYA;MEJORAMIENTO DEL SERVICIO DE PRÁCTICA DEPORTIVA Y/O RECREATIVA EN ESTADIO CENTRO POBLADO DE QUICHO   DISTRITO DE OLLACHEA DE LA PROVINCIA DE CARABAYA DEL DEPARTAMENTO DE PUNO;475785.8;PEN;16;Licitación Pública Abreviada;goods;Mediana competencia
1230032;20414868216;PROGRAMA SUBSECTORIAL DE IRRIGACIONES - PSI;LIMA;LIMA;MEJORAMIENTO DEL SERVICIO DE PROVISIÓN DE AGUA PARA RIEGO EN FORTALECIMIENTO DE LAS OUAS Y DRAS PRIORIZADAS COMPONENTE B (OTRAS INTERVENCIONES) PROGRAMA NACIONAL DE RIEGO TECNIFICADO PARA UNA AGRICULTURA CLIMÁTICAMENTE RESILIENTE ¿ BIRF ACUERDO PRESTAMO 9616-PE   DISTRITO DE - TODOS - DE LA PROVINCIA DE - TODOS - DEL DEPARTAMENTO DE -MUL.DEP-;24000;PEN;1;Convenio;services;Baja competencia
1200926;20282911915;MUNICIPALIDAD DISTRITAL DE NUEVO CHIMBOTE;ANCASH;SANTA;MEJORAMIENTO DEL SERVICIO DE MOVILIDAD URBANA EN LA AV. BRASIL (TRAMO AV. PELICANOS HASTA LA AV. UNIVERSITARIA)  DISTRITO DE NUEVO CHIMBOTE - PROVINCIA DE SANTA - DEPARTAMENTO DE ANCASH;566718.86;PEN;44;Concurso Público para Consultoría;services;Alta competencia
1200512;20201842647;MUNICIPALIDAD DISTRITAL DE SAN JOSE DE LOURDES;CAJAMARCA;SAN IGNACIO;MEJORAMIENTO Y AMPLIACION DEL SERVICIO DE ATENCIÓN DE SALUD BÁSICOS EN FRONTERA SAN FRANCISCO  DE CENTRO POBLADO FRONTERA SAN FRANCISCO DISTRITO DE SAN JOSE DE LOURDES DE LA PROVINCIA DE SAN IGNACIO DEL DEPARTAMENTO DE CAJAMARCA;6473331.74;PEN;13;Licitación Pública;works;Mediana competencia
1199169;20486991110;GOBIERNO REGIONAL DE HUANCAVELICA - GERENCIA SUB REGIONAL DE TAYACAJA;HUANCAVELICA;TAYACAJA;MEJORAMIENTO DE LOS SERVICIOS DE EDUCACIÓN SECUNDARIA EN LA INSTITUCIÓN EDUCATIVA MANUEL  COVEÑAS NAQUICHE DEL CENTRO POBLADO DE ANTA DEL DISTRITO DE HUARIBAMBA - PROVINCIA DE TAYACAJA - DEPARTAMENTO DE HUANCAVELICA;309009.01;PEN;13;Concurso Público Abreviado;services;Mediana competencia
1195177;20519752604;GOBIERNO REGIONAL DE MOQUEGUA SEDE CENTRAL;MOQUEGUA;MARISCAL NIETO;MEJORAMIENTO DEL SERVICIO DE EDUCACION INICIAL N° 160 VIRGEN DE FATIMA, DEL C.P. SAN FRANCISO,  DISTRITO DE MOQUEGUA - PROVINCIA DE MARISCAL NIETO - DEPARTAMENTO DE MOQUEGUA;149040;PEN;11;Licitación Pública Abreviada;goods;Mediana competencia
1198451;20275817814;MUNICIPALIDAD DISTRITAL DE PATAZ;LA LIBERTAD;PATAZ;MEJORAMIENTO DEL SERVICIO DE MOVILIDAD URBANA EN LAS CALLES DE LA ZONA URBANA DE LA LOCALIDAD DE PATAZ,   DISTRITO DE PATAZ DE LA PROVINCIA DE PATAZ DEL DEPARTAMENTO DE LA LIBERTAD;4100444;PEN;8;Licitación Pública Abreviada;works;Baja competencia
1198025;20162290089;MUNICIPALIDAD DISTRITAL DE IMPERIAL;LIMA;CAÑETE;CREACION DE INSTALACIONES ELÉCTRICAS INTERNAS EN BAJA TENSIÓN EN EL MERCADO VIRGEN DEL CARMEN,  DISTRITO DE IMPERIAL - PROVINCIA DE CAÑETE - DEPARTAMENTO DE LIMA;796206.9;PEN;10;Licitación Pública Abreviada;works;Mediana competencia
1207175;20173990988;MUNICIPALIDAD DISTRITAL DE SANTA EULALIA;LIMA;HUAROCHIRI;CREACION DEL SERVICIO DE PRÁCTICA DEPORTIVA Y/O RECREATIVA EN LA CONSTRUCCION DEL COMPLEJO DEPORTIVO MUNICIPAL PARA EL   DISTRITO DE SANTA EULALIA DE LA PROVINCIA DE HUAROCHIRI DEL DEPARTAMENTO DE LIMA;114400;PEN;11;Licitación Pública Abreviada;goods;Mediana competencia
1221484;20479569861;GOBIERNO REGIONAL DE AMAZONAS SEDE CENTRAL;AMAZONAS;CHACHAPOYAS;"REPARACION DE SISTEMA DE ABASTECIMIENTO DE AGUA POTABLE Y RED DE ALCANTARILLADO; EN EL(LA) SISTEMA DE AGUA POTABLE Y ALCANTARILLADO DE LA AV. AVIACION, JR. MATIAZA RIMACHI CDRA. 01 Y 02, AV. LA RIVERA CDRA. 01 Y PROL. ALONSO DE ALVARADO DISTRITO DE SAN NICOLAS, PROVINCIA RODRIGUEZ DE MENDOZA, DEPARTAMENTO AMAZONAS";3991849.48;PEN;23;Licitación Pública Abreviada;works;Alta competencia
1200270;20189975920;GOBIERNO REGIONAL DE CUSCO - DIRECCION REGIONAL DE TRANSPORTES Y COMUNICACIONES CUSCO;CUSCO;CUSCO;MEJORAMIENTO DEL SERVICIO DE TRANSITABILIDAD VIAL INTERURBANA EN LA CU ¿ 145 EN EL TRAMO: TRAYECTORIA EMP. PE-28 F (CHINCHERO) ¿ PIURAY ¿ QUISPIHUARA - SENCCA , R81356 EN EL TRAMO: EMP. CU ¿ 145 ¿ EMP. PE-28 F   DISTRITOS DE CUSCO, CHINCHERO DE LAS PROVINCIAS DE CUSCO, URUBAMBA DEL DEPARTAMENTO DE CUSCO;479115;PEN;21;Licitación Pública Abreviada;goods;Alta competencia
1201089;20147026529;MUNICIPALIDAD PROVINCIAL DE HUANCABAMBA;PIURA;HUANCABAMBA;MEJORAMIENTO SERVICIO DE AGUA PARA EL RIEGO DEL CANAL NANCHO DE LA LOCALIDAD DE TRES ACEQUIAS EN LOS DISTRITOS DE EL CARMEN DE LA FRONTERA Y HUANCABAMBA DE LA  PROVINCIA DE HUANCABAMBA - DEPARTAMENTO DE PIURA;28032202.19;PEN;19;Licitación Pública;works;Mediana competencia
1196305;20166544000;MUNICIPALIDAD DISTRITAL DE SAN MARCOS;ANCASH;HUARI;CREACION DEL SERVICIO DE PRÁCTICA DEPORTIVA Y/O RECREATIVA EN EL COLISEO CERRADO DEL CASERIO DE CHINCHAN DE CENTRO POBLADO DE CHALLHUAYACO   DISTRITO DE SAN MARCOS DE LA PROVINCIA DE HUARI DEL DEPARTAMENTO DE ANCASH;6136044.15;PEN;21;Licitación Pública;works;Alta competencia
1196442;20146728007;MUNICIPALIDAD DISTRITAL DE FRIAS;PIURA;AYABACA;CREACION DEL SERVICIOS DE ESPACIOS PÚBLICOS URBANOS EN EL PARQUE EL COMUN  DE CENTRO POBLADO EL COMUN DISTRITO DE FRIAS DE LA PROVINCIA DE AYABACA DEL DEPARTAMENTO DE PIURA;99900;PEN;16;Subasta Inversa Electrónica;goods;Mediana competencia
1197088;20393066386;GOBIERNO REGIONAL DE UCAYALI SEDE CENTRAL;UCAYALI;CORONEL PORTILLO;MEJORAMIENTO DEL SERVICIO DE EDUCACIÓN SECUNDARIA EN I.E. SAN JUAN  DE CENTRO POBLADO SAN JUAN DISTRITO DE YARINACOCHA DE LA PROVINCIA DE CORONEL PORTILLO DEL DEPARTAMENTO DE UCAYALI;25470749.52;PEN;11;Licitación Pública Abreviada;works;Mediana competencia
1197914;20486021692;GOBIERNO REGIONAL DE JUNIN SEDE CENTRAL;JUNIN;HUANCAYO;MEJORAMIENTO DEL SERVICIO DE PROVISIÓN DE AGUA PARA RIEGO EN SISTEMA DE RIEGO ESQUICHA   DISTRITO DE PALCAMAYO DE LA PROVINCIA DE TARMA DEL DEPARTAMENTO DE JUNIN;300000;PEN;13;Concurso Público Abreviado;services;Mediana competencia
1197166;20131366613;MUNICIPALIDAD DISTRITAL DE RIMAC;LIMA;LIMA;CREACION DEL SERVICIO DE MOVILIDAD URBANA EN EL PASAJE 5 DEL A.H. CERRO PALOMARES   DISTRITO DE RIMAC DE LA PROVINCIA DE LIMA DEL DEPARTAMENTO DE LIMA;296610.88;PEN;23;Licitación Pública Abreviada;works;Alta competencia
1200893;20564327019;GOBIERNO REGIONAL DE APURIMAC  - UNIDAD EJECUTORA GERENCIA SUB REGIONAL DE COTABAMBAS;APURIMAC;COTABAMBAS;MEJORAMIENTO Y AMPLIACION DEL SERVICIO DE EDUCACIÓN INICIAL EN LA INSTITUCION EDUCATIVA N° 721 CHALLHUAHUACHO DEL  DISTRITO DE CHALLHUAHUACHO - PROVINCIA DE COTABAMBAS - DEPARTAMENTO DE APURIMAC;147819.55;PEN;42;Licitación Pública Abreviada;goods;Alta competencia
1196171;20527147612;GOBIERNO REGIONAL DE CUSCO SEDE CENTRAL;CUSCO;CUSCO;MEJORAMIENTO  Y AMPLIACION DE LA OFERTA  DE SERVICIOS EDUCATIVOS DE LA I.E. INTEGRADA DE NIVEL INICIAL Y PRIMARIA DE LA LOCALIDAD DE ERAPATA, DISTRITO DE INKAWASI - LA CONVENCION - CUSCO;610918;PEN;11;Subasta Inversa Electrónica;goods;Mediana competencia
1228634;20365993671;GOBIERNO REGIONAL DE APURIMAC-AGRICULTURA APURIMAC;APURIMAC;ABANCAY;MEJORAMIENTO DEL MANEJO Y CONSERVACION DE LOS MODULOS DE USO SUSTENTABLE DE LA VICUÑA EN LAS COMUNIDADES CONSERVACIONISTAS DE LAS 6 PROVINCIAS DEL DEPARTAMENTO DE APURIMAC;387600;PEN;38;Licitación Pública Abreviada;goods;Alta competencia
1219436;20203837632;MUNICIPALIDAD DISTRITAL DE OROPESA - ANTABAMBA;APURIMAC;ANTABAMBA;MEJORAMIENTO DE LOS SERVICIOS DE APOYO AL DESARROLLO PRODUCTIVO EN LOS 11 SECTORES EN TECNOLOGÍAS APROPIADAS PARA LA GENERACIÓN DE VALOR AGREGADO DE LA ALPACA   DISTRITO DE OROPESA DE LA PROVINCIA DE ANTABAMBA DEL DEPARTAMENTO DE APURIMAC;753920;PEN;34;Licitación Pública;goods;Alta competencia
1197969;20166544000;MUNICIPALIDAD DISTRITAL DE SAN MARCOS;ANCASH;HUARI;CREACION DEL SERVICIOS DE ESPACIOS PÚBLICOS URBANOS EN EL PARQUE INFANTIL DEL CASERÍO DE RANRACUTA EN EL CENTRO POBLADO DE SANTA CRUZ DE MOSNA,   DISTRITO DE SAN MARCOS DE LA PROVINCIA DE HUARI DEL DEPARTAMENTO DE ANCASH;184121.3;PEN;9;Concurso Público Abreviado;services;Baja competencia
1201504;20147907487;GOBIERNO REGIONAL DEL CALLAO - DIRECCION DE SALUD I CALLAO;CALLAO;CALLAO;"ADQUISICION DE EQUIPO DE RAYOS X Y EQUIPO DE RAYOS X; EN EL(LA) CENTRO DE SALUD ACAPULCO EN EL CENTRO POBLADO CALLAO, DISTRITO DE CALLAO, PROVINCIA CONSTITUCIONAL DEL CALLAO, DEPARTAMENTO CALLAO";2125000;PEN;20;Licitación Pública;goods;Mediana competencia
1195128;20527147612;GOBIERNO REGIONAL DE CUSCO SEDE CENTRAL;CUSCO;CUSCO;"CONSTRUCCION DE AMBIENTE DE GESTION ADMINISTRATIVA Y PEDAGOGICA, VESTUARIOS Y/O SSHH DE USUARIOS, ESPACIO DEPORTIVO CON COBERTURA Y CERCO PERIMETRICO; ADEMÁS DE OTROS ACTIVOS EN EL(LA) INSTITUTO DE EDUCACIÓN SUPERIOR PEDAGÓGICA PÚBLICO POMACANCHI,  DISTRITO DE POMACANCHI, PROVINCIA ACOMAYO, DEPARTAMENTO CUSCO";82050;PEN;22;Subasta Inversa Electrónica;goods;Alta competencia
1192724;20170327391;MUNICIPALIDAD DISTRITAL DE VILCABAMBA - LA CONVENCION;CUSCO;LA CONVENCION;MEJORAMIENTO DE LA CARRETERA SAN MARINO-VILCABAMBA, CUENCA DE VILCABAMBA, DISTRITO DE VILCABAMBA - LA CONVENCION - CUSCO;423063.33;PEN;6;Subasta Inversa Electrónica;goods;Baja competencia
1201513;20200557159;MUNICIPALIDAD PROVINCIAL DE PAUCARTAMBO;CUSCO;PAUCARTAMBO;MEJORAMIENTO DE LOS SERVICIOS EDUCATIVOS EN LA I.E DE NIVEL SECUNDARIO MOLLOMARCA DE LA COMUNIDAD CAMPESINA MOLLOMARCA DEL DISTRITO DE PAUCARTAMBO, PROVINCIA DE PAUCARTAMBO - CUSCO;192685;PEN;6;Subasta Inversa Electrónica;goods;Baja competencia
1196832;20207352871;MUNICIPALIDAD DISTRITAL DE AJOYANI;PUNO;CARABAYA;CREACION DEL SERVICIO DE TRANSITABILIDAD VIAL INTERURBANA EN CAMINO VECINAL TRAMO: EMP. PE 34B(SALVIANI) Y SECTOR LLULLUCHANI   DISTRITO DE AJOYANI DE LA PROVINCIA DE CARABAYA DEL DEPARTAMENTO DE PUNO;198517.5;PEN;4;Subasta Inversa Electrónica;goods;Baja competencia
1227357;20414868216;PROGRAMA SUBSECTORIAL DE IRRIGACIONES - PSI;LIMA;LIMA;MEJORAMIENTO DEL SERVICIO DE PROVISIÓN DE AGUA PARA RIEGO DEL SISTEMA DE RIEGO PARCELARIO DEL GRUPO DE GESTIÓN EMPRESARIAL LA BANDA, EN LA LOCALIDAD DE LA BANDA DEL DISTRITO DE YARABAMBA - PROVINCIA DE AREQUIPA - DEPARTAMENTO DE AREQUIPA;6300;PEN;1;Convenio;services;Baja competencia
1197405;20494642078;GOBIERNO REGIONAL DE AYACUCHO - PROGRAMA REGIONAL DE IRRIGACION Y DESARROLLO RURAL INTEGRADO;AYACUCHO;HUAMANGA;AMPLIACION DE LA PRESA ANCASCOCHA Y AFIANZAMIENTO DEL VALLE DE YAUCA (AYACUCHO Y AREQUIPA);484718.76;PEN;11;Concurso Público Abreviado;services;Mediana competencia
1194980;20486987864;GOBIERNO REGIONAL DE HUANCAVELICA GERENCIA SUB REGIONAL DE CASTROVIRREYNA;HUANCAVELICA;CASTROVIRREYNA;MEJORAMIENTO DEL SERVICIO DE ATENCIÓN DE SALUD BÁSICOS EN VILLA DE ARMA   DISTRITO DE ARMA DE LA PROVINCIA DE CASTROVIRREYNA DEL DEPARTAMENTO DE HUANCAVELICA;260000;PEN;15;Concurso Público Abreviado;services;Mediana competencia
1196878;20494642078;GOBIERNO REGIONAL DE AYACUCHO - PROGRAMA REGIONAL DE IRRIGACION Y DESARROLLO RURAL INTEGRADO;AYACUCHO;HUAMANGA;AMPLIACION DE LA PRESA ANCASCOCHA Y AFIANZAMIENTO DEL VALLE DE YAUCA (AYACUCHO Y AREQUIPA);187500;PEN;17;Concurso Público Abreviado;services;Mediana competencia
1202101;20192215553;MUNICIPALIDAD DISTRITAL DE AYAVI;HUANCAVELICA;HUAYTARA;"REMODELACION DE RED DE DISTRIBUCION; EN EL(LA) CENTRO POBLADO FLOR DE MAYO Y CCOCHAPATA DEL  DISTRITO DE AYAVI, PROVINCIA HUAYTARA, DEPARTAMENTO HUANCAVELICA";135500.57;PEN;6;Licitación Pública Abreviada;works;Baja competencia
1197379;20195410373;MUNICIPALIDAD DISTRITAL DE PUEBLO LIBRE - HUAYLAS;ANCASH;HUAYLAS;"CONSTRUCCION DE PASE AEREO; EN EL(LA) EN EL CASERIO DE LLACLLA  DISTRITO DE PUEBLO LIBRE, PROVINCIA HUAYLAS, DEPARTAMENTO ANCASH";351428.61;PEN;6;Licitación Pública Abreviada;works;Baja competencia
1193690;20527141762;GOBIERNO REGIONAL DE APURIMAC SEDE CENTRAL;APURIMAC;ABANCAY;MEJORAMIENTO DEL SERVICIO DE PRÁCTICA DEPORTIVA Y/O RECREATIVA EN ESTADIO MUNICIPAL CASINCHIHUA  DE CENTRO POBLADO CASINCHIHUA DISTRITO DE CHACOCHE DE LA PROVINCIA DE ABANCAY DEL DEPARTAMENTO DE APURIMAC;101571.5;PEN;34;Licitación Pública Abreviada;goods;Alta competencia
1198085;20406325815;GOBIERNO REGIONAL DE PUNO SEDE CENTRAL;PUNO;PUNO;MEJORAMIENTO SERVICIO INTEGRAL DE LA INSTITUCION EDUCATIVA SECUNDARIA INDUSTRIAL PERU BIRF  DISTRITO DE SAN MIGUEL - PROVINCIA DE SAN ROMAN - DEPARTAMENTO DE PUNO;537156;PEN;66;Licitación Pública;goods;Alta competencia
1200146;20116067847;MUNICIPALIDAD PROVINCIAL DE LORETO - NAUTA;LORETO;LORETO;CREACION DE LOS SERVICIOS DE SALUD DEL PRIMER NIVEL DE COMPLEJIDAD EN LA COMUNIDAD NATIVA DE LA PETROLERA,  DISTRITO DE URARINAS - PROVINCIA DE LORETO - DEPARTAMENTO DE LORETO;532374.19;PEN;34;Licitación Pública;goods;Alta competencia
1220308;20193164677;MUNICIPALIDAD DISTRITAL DE PARAS;AYACUCHO;CANGALLO;MEJORAMIENTO Y AMPLIACION DEL SERVICIO DE EDUCACIÓN INICIAL EN I.E. 373  DE CENTRO POBLADO PARAS DISTRITO DE PARAS DE LA PROVINCIA DE CANGALLO DEL DEPARTAMENTO DE AYACUCHO;3935426.95;PEN;15;Licitación Pública Abreviada;works;Mediana competencia
1198616;20143625681;MUNICIPALIDAD DISTRITAL DE LOS BAÑOS DEL INCA;CAJAMARCA;CAJAMARCA;"REPARACION DE SISTEMA DE SUMINISTRO ELECTRICO; EN EL(LA) EN EL SECTOR LA BANDA EN EL CENTRO POBLADO SHAULLO CHICO, DISTRITO DE LOS BAÑOS DEL INCA, PROVINCIA CAJAMARCA, DEPARTAMENTO CAJAMARCA";763374.12;PEN;17;Licitación Pública Abreviada;works;Mediana competencia
1196277;20530688390;GOBIERNO REGIONAL DE LIMA SEDE CENTRAL;LIMA;HUAURA;MEJORAMIENTO DEL SERVICIO DE MOVILIDAD URBANA EN LA URB. SANTA CATALINA DEL   DISTRITO DE BARRANCA DE LA PROVINCIA DE BARRANCA DEL DEPARTAMENTO DE LIMA;15776086.19;PEN;45;Licitación Pública;works;Alta competencia
1212598;20154440373;MUNICIPALIDAD PROVINCIAL DE CAÑETE - SAN VICENTE DE CAÑETE;LIMA;CAÑETE;CREACION DEL SERVICIO DE SEGURIDAD CIUDADANA LOCAL EN LA MUNICIPALIDAD DEL CENTRO POBLADO NUEVO AYACUCHO  DE CENTRO POBLADO NUEVO AYACUCHO DISTRITO DE SAN VICENTE DE CAÑETE DE LA PROVINCIA DE CAÑETE DEL DEPARTAMENTO DE LIMA;136925.01;PEN;9;Licitación Pública Abreviada;goods;Baja competencia
1195723;20185898343;GOBIERNO REGIONAL DE APURIMAC-CHANKA;APURIMAC;ABANCAY;MEJORAMIENTO Y AMPLIACION DEL SERVICIO DE AGUA PARA RIEGO EN ANCCARAYLLA, CCACCE,CHAVELAYOC, PALMA REAL,SANTA ROSA ALTA,UNIÓN CLAVELES,CUNCAYOC,CCACHCCARUMIHUAYCCO, RAYANNIYOC,CCOCHO MOCCO, SANTA ANITA,AÑASORCCO,SACHAYOC MOCCO,CABALLO OCCO,PURMACC WASICUCHO, POTRERO OCCO,CCALLPA MOCCO,CUMANAYLLA,CHECCHE,SACLAYA, ÑAHUINPUQUIO, HUARACCOPATA, CCANCHUPATA Y CHAQUICCOCHAPATA, EN LOS DISTRITOS DE ANDAHUAYLAS, SAN JERONIMO Y JOSE MARIA ARGUEDAS DE LA  PROVINCIA DE ANDAHUAYLAS - DEPARTAMENTO DE APURIMAC;173972.3;PEN;11;Subasta Inversa Electrónica;goods;Mediana competencia
1200222;20452393493;GOBIERNO REGIONAL DE AYACUCHO SEDE CENTRAL;AYACUCHO;HUAMANGA;CREACION Y MEJORAMIENTO DE LA CARRETERA SAN JOSE CHOYMACOTA TRAMO PUTIS-APULEMA-PACHACHACA-CHONGOS, DISTRITO DE SANTILLANA, SIVIA Y LLOCHEGUA, PROVINCIA DE HUANTA-AYACUCHO;1525000;PEN;31;Concurso Público de Servicios;services;Alta competencia
1199597;20148420719;MUNICIPALIDAD DISTRITAL DE MARCONA;ICA;NAZCA;MEJORAMIENTO DE LOS SERVICIOS CULTURALES PARA LA PARTICIPACIÓN DE LA POBLACIÓN EN LAS INDUSTRIAS CULTURALES Y LAS ARTES EN CLUB DE MADRES DEL AAHH. VICTOR RAUL HAYA DE LA TORRE DEL   DISTRITO DE MARCONA DE LA PROVINCIA DE NASCA DEL DEPARTAMENTO DE ICA;886216;PEN;15;Concurso Público para Consultoría;services;Mediana competencia
1208556;20202505695;MUNICIPALIDAD PROVINCIAL DE BOLIVAR;LA LIBERTAD;BOLIVAR;CREACION DEL SERVICIO DE TRANSITABILIDAD EN LA TROCHA CARROZABLE UCHUMARCA - LAS QUINUAS - SECTOR AMAZONAS LOMA LLUSPE,  DISTRITO DE UCHUMARCA - PROVINCIA DE BOLIVAR - DEPARTAMENTO DE LA LIBERTAD;32045829.81;PEN;21;Licitación Pública;works;Alta competencia
1202115;20202505695;MUNICIPALIDAD PROVINCIAL DE BOLIVAR;LA LIBERTAD;BOLIVAR;CREACION DEL SERVICIO DE TRANSITABILIDAD EN EL CAMINO VECINAL CHALABAMBA - YALEN DEL DISTRITO DE BOLIVAR - PROVINCIA DE BOLIVAR - DEPARTAMENTO DE LA LIBERTAD;1311406.96;PEN;13;Concurso Público para Consultoría;services;Mediana competencia
1227950;20494642078;GOBIERNO REGIONAL DE AYACUCHO - PROGRAMA REGIONAL DE IRRIGACION Y DESARROLLO RURAL INTEGRADO;AYACUCHO;HUAMANGA;AMPLIACION DE LA PRESA ANCASCOCHA Y AFIANZAMIENTO DEL VALLE DE YAUCA (AYACUCHO Y AREQUIPA);484718.76;PEN;12;Concurso Público Abreviado;services;Mediana competencia
1195403;20484004421;GOBIERNO REGIONAL DE PIURA SEDE CENTRAL;PIURA;PIURA;MEJORAMIENTO DEL SERVICIO DE SUMINISTRO ELÉCTRICO DOMICILIARIO EN ZONAS URBANAS  EN LA AV DON BOSCO ENTRE EL MALECÓN EGUIGUREN Y LA AV RAÚL MATTA DE LOS DISTRITOS DE VEINTISÉIS DE OCTUBRE Y   DISTRITO DE PIURA DE LA PROVINCIA DE PIURA DEL DEPARTAMENTO DE PIURA;614597.1;PEN;29;Concurso Público para Consultoría;services;Alta competencia
1191740;20141897935;MUNICIPALIDAD PROVINCIAL DE SANCHEZ CARRION - HUAMACHUCO;LA LIBERTAD;SANCHEZ CARRION;CREACION DEL SERVICIO DE MOVILIDAD URBANA EN TRAMO DE LA VÍA DE CIRCUNVALACIÓN Y ACCESO A LAS PAMPAS DE PURRUMPAMPA EN LA JUNTA VECINAL N°09,   DISTRITO DE HUAMACHUCO DE LA PROVINCIA DE SANCHEZ CARRION DEL DEPARTAMENTO DE LA LIBERTAD;5667044.53;PEN;20;Licitación Pública;works;Mediana competencia
1201530;20232716488;MUNICIPALIDAD DISTRITAL DE RAHUAPAMPA;ANCASH;HUARI;MEJORAMIENTO Y AMPLIACION DEL SERVICIO DE AGUA POTABLE, ALCANTARILLADO Y TRATAMIENTOS DE AGUAS RESIDUALES EN LAS LOCALIDADES DE RAHUAPAMPA,CRUZPAMPA,CANCHAPATA Y VINCOCOTA DEL DISTRITO DE RAHUAPAMPA - PROVINCIA DE HUARI - DEPARTAMENTO DE ANCASH;879690.52;PEN;11;Licitación Pública Abreviada;works;Mediana competencia
1199318;20406325815;GOBIERNO REGIONAL DE PUNO SEDE CENTRAL;PUNO;PUNO;MEJORAMIENTO DE LA INFRAESTRUCTURA VIAL EN LA AV. SACSAYHUAMAN TRAMO (JR. MIRAFLORES ¿ AV. AVIACIÓN), JR. AMANECER TRAMO (AV. INDEPENDENCIA ¿ JR. MIRAFLORES) DE LA CIUDAD DE JULIACA,  DISTRITO DE JULIACA - PROVINCIA DE SAN ROMAN - DEPARTAMENTO DE PUNO;426682.48;PEN;21;Concurso Público Abreviado;services;Alta competencia
1201693;20175831747;MUNICIPALIDAD DISTRITAL DE ANCO HUALLO;APURIMAC;CHINCHEROS;MEJORAMIENTO DE SERVICIOS EDUCATIVOS DEL CENTRO RURAL DE FORMACION ALTERNANCIA (CRFA) JATUN RURUPA DEL CENTRO POBLADO DE VISTA ALEGRE DE LA LOCALIDAD DE URIPA, DISTRITO DE ANCO_HUALLO - CHINCHEROS - APURIMAC;349215.45;PEN;11;Concurso Público Abreviado;services;Mediana competencia
1198808;20406325815;GOBIERNO REGIONAL DE PUNO SEDE CENTRAL;PUNO;PUNO;MEJORAMIENTO DE LOS SERVICIOS DE EDUCACIÓN SUPERIOR TECNOLÓGICA DEL IESTP HUANCANÉ DEL  DISTRITO DE HUANCANE - PROVINCIA DE HUANCANE - DEPARTAMENTO DE PUNO;535179.75;PEN;47;Licitación Pública;goods;Alta competencia
1196927;20204176681;MUNICIPALIDAD DISTRITAL DE USICAYOS;PUNO;CARABAYA;CREACION DEL SERVICIO DE PROVISIÓN DE AGUA PARA RIEGO EN LA COMUNIDAD CAMPESINA DE QUETAPALO SECTORES BELLAVISTA, PHUTOPATA, SURAPATA Y CCOTAÑANI DEL   DISTRITO DE USICAYOS DE LA PROVINCIA DE CARABAYA DEL DEPARTAMENTO DE PUNO;226939.07;PEN;36;Licitación Pública Abreviada;goods;Alta competencia
1201925;20484004421;GOBIERNO REGIONAL DE PIURA SEDE CENTRAL;PIURA;PIURA;MEJORAMIENTO DEL SERVICIO DE TRANSITABILIDAD VEHICULAR DEL CAMINO VECINAL RUTA N° PI 582, TRAMO : C.P. CRUCETA - C.P. SAN FRANCISCO, DISTRITO TAMBOGRANDE - PROVINCIA Y DEPARTAMENTO  PIURA;64472812.07;PEN;27;Licitación Pública;works;Alta competencia
1199195;20173809663;MUNICIPALIDAD DISTRITAL DE YURA;AREQUIPA;AREQUIPA;CREACION DEL SERVICIO DE ESPARCIMIENTO EN LAS MANZANAS N LT 14, Ñ LT 6, Ñ¿ LT 1, O´ LT 1 Y R¿ LT 1, DEL PUEBLO JOVEN PORVENIR DEL  DISTRITO DE YURA - PROVINCIA DE AREQUIPA - DEPARTAMENTO DE AREQUIPA;1073291.74;PEN;22;Licitación Pública Abreviada;works;Alta competencia
1199972;20175113194;MUNICIPALIDAD DISTRITAL DE PACASMAYO;LA LIBERTAD;PACASMAYO;"CONSTRUCCION DE PUENTE; EN EL(LA) SECTOR LA GREDA DEL  DISTRITO DE PACASMAYO, PROVINCIA PACASMAYO, DEPARTAMENTO LA LIBERTAD";128019.59;PEN;10;Licitación Pública Abreviada;works;Mediana competencia
1197525;20187806667;MUNICIPALIDAD PROVINCIAL DE CONCEPCION;JUNIN;CONCEPCION;CREACION DEL SERVICIO DE PRÁCTICA DEPORTIVA Y/O RECREATIVA EN EL GRASS SINTÉTICO DEL BARRIO PALIA DEL   DISTRITO DE CONCEPCION DE LA PROVINCIA DE CONCEPCION DEL DEPARTAMENTO DE JUNIN;606205.35;PEN;23;Concurso Público de Servicios;services;Alta competencia
1195057;20199368053;MUNICIPALIDAD DISTRITAL DE RIO TAMBO;JUNIN;SATIPO;CREACION DEL SERVICIO DE PRÁCTICA DEPORTIVA Y/O RECREATIVA EN COMUNIDAD NATIVA DE AOTI   DISTRITO DE RIO TAMBO DE LA PROVINCIA DE SATIPO DEL DEPARTAMENTO DE JUNIN;1107396.13;PEN;6;Licitación Pública Abreviada;works;Baja competencia
1188253;20489252270;GOBIERNO REGIONAL DE PASCO SEDE CENTRAL;PASCO;PASCO;MEJORAMIENTO DE LA CARRETERA CARHUAMAYO - PAUCARTAMBO - EL MILAGRO - LLAUPI - OXAPAMPA;794166.64;PEN;42;Concurso Público para Consultoría;services;Alta competencia
1198690;20192215553;MUNICIPALIDAD DISTRITAL DE AYAVI;HUANCAVELICA;HUAYTARA;MEJORAMIENTO Y AMPLIACION DEL SERVICIO DE TRANSITABILIDAD VIAL INTERURBANA EN EL TRAMO SANTA LUCIA DE AMACLLE- HUANCA ROSA DEL   DISTRITO DE AYAVI DE LA PROVINCIA DE HUAYTARA DEL DEPARTAMENTO DE HUANCAVELICA;288004.08;PEN;12;Licitación Pública Abreviada;works;Mediana competencia
1196996;20195252956;MUNICIPALIDAD DISTRITAL DE SAN SILVESTRE DE COCHAN;CAJAMARCA;SAN MIGUEL;"ADQUISICION DE CAMIONETA Y EQUIPOS COMPLEMENTARIOS; EN EL(LA) MUNICIPALIDAD DISTRITAL DE SAN SILVESTRE DE COCHAN  DISTRITO DE SAN SILVESTRE DE COCHAN, PROVINCIA SAN MIGUEL, DEPARTAMENTO CAJAMARCA";367430;PEN;9;Licitación Pública Abreviada;goods;Baja competencia
1199214;20131365994;INSTITUTO NACIONAL DE INNOVACION AGRARIA - INIA;LIMA;LIMA;MEJORAMIENTO DE LOS SERVICIOS DE INVESTIGACION Y TRANSFERENCIA DE TECNOLOGIA AGRARIA EN LA ESTACION EXPERIMENTAL AGRARIA BAÑOS DEL INCA EN LA LOCALIDAD LOS BAÑOS DEL INCA DEL DISTRITO DE LOS BAÑOS DEL INCA - PROVINCIA DE CAJAMARCA - DEPARTAMENTO DE CAJAMARCA;526634;PEN;22;Licitación Pública;goods;Alta competencia
1196840;20147421070;MUNICIPALIDAD PROVINCIAL DE CANCHIS - SICUANI;CUSCO;CANCHIS;MEJORAMIENTO Y AMPLIACION DEL SERVICIO DE SEGURIDAD COMUNAL EN EL  DISTRITO DE SICUANI - PROVINCIA DE CANCHIS - DEPARTAMENTO DE CUSCO;224300;PEN;33;Licitación Pública Abreviada;goods;Alta competencia
1197599;20161350461;MUNICIPALIDAD PROVINCIAL DE AYABACA;PIURA;AYABACA;MEJORAMIENTO Y AMPLIACION DEL SERVICIOS DE AGUA POTABLE Y CREACIÓN DEL SERVICIO DE SANEAMIENTO RURAL DE LAS LOCALIDADES CHINCHINPAMPA, LA FLORIDA,PAMPA GRANDE, SANTA MARÍA REYNA Y CHINCHIN 5 LOCALIDADES DEL DISTRITO DE AYABACA - PROVINCIA DE AYABACA - DEPARTAMENTO DE PIURA;8219153.03;PEN;14;Licitación Pública;works;Mediana competencia
1227709;20201987297;MUNICIPALIDAD PROVINCIAL DE JAEN;CAJAMARCA;JAEN;CREACION DE POLIDEPORTIVO EN EL CASERIO EL LAUREL C.P. LA PALMA CENTRAL,  DISTRITO DE JAEN - PROVINCIA DE JAEN - DEPARTAMENTO DE CAJAMARCA;404911.48;PEN;31;Licitación Pública Abreviada;works;Alta competencia
1217860;20143189091;MUNICIPALIDAD DISTRITAL DE HUARANGO;CAJAMARCA;SAN IGNACIO;MEJORAMIENTO DEL SERVICIO DE TRANSITABILIDAD VEHICULAR Y PEATONAL DEL CENTRO POBLADO HUARANGO DEL DISTRITO DE HUARANGO - PROVINCIA DE SAN IGNACIO - DEPARTAMENTO DE CAJAMARCA;341994.23;PEN;18;Concurso Público Abreviado;services;Mediana competencia
1203109;20146675124;MUNICIPALIDAD DISTRITAL DE COVIRIALI;JUNIN;SATIPO;CREACION DEL SERVICIO DE MOVILIDAD URBANA EN EL ÁREA URBANA DEL CENTRO POBLADO BELLAVISTA   DISTRITO DE COVIRIALI DE LA PROVINCIA DE SATIPO DEL DEPARTAMENTO DE JUNIN;408560.99;PEN;21;Concurso Público Abreviado;services;Alta competencia
1221268;20131377909;MUNICIPALIDAD DISTRITAL DE EL AGUSTINO;LIMA;LIMA;"RENOVACION DE JUEGOS INFANTILES E INCLUSIVOS Y AREA VERDE; EN EL(LA) PARQUE 7 DE JUNIO Y PARQUE SANTOYO  DISTRITO DE EL AGUSTINO, PROVINCIA LIMA, DEPARTAMENTO LIMA";260671.1;PEN;21;Licitación Pública Abreviada;works;Alta competencia
1201685;20527147612;GOBIERNO REGIONAL DE CUSCO SEDE CENTRAL;CUSCO;CUSCO;MEJORAMIENTO Y AMPLIACION DEL SISTEMA DE AGUA POTABLE Y DESAGUE  EN EL CENTRO POBLADO DE HUARO, DISTRITO DE HUARO, PROVINCIA DE QUISPICANCHI - CUSCO;398819.67;PEN;22;Licitación Pública Abreviada;goods;Alta competencia
1199663;20489250731;GOBIERNO REGIONAL DE HUANUCO SEDE CENTRAL;HUANUCO;HUANUCO;MEJORAMIENTO DE LOS SERVICIOS DE EDUCACIÓN SECUNDARIA DEL COLEGIO NACIONAL INDUSTRIAL HERMILIO VALDIZAN, DISTRITO DE HUÁNUCO, PROVINCIA DE HUÁNUCO, REGIÓN HUÁNUCO;1655457.81;PEN;25;Licitación Pública Abreviada;works;Alta competencia
1213864;20207736261;MINAG - PROYECTO ESPECIAL BINACIONAL DESARROLLO INTEGRAL DE LA CUENCA DEL RIO PUTUMAYO;LORETO;MAYNAS;MEJORAMIENTO DE SERVICIOS DE ASISTENCIA TÉCNICA DEL CULTIVO DE CACAO EN SISTEMAS AGROFORESTALES Y PROCESAMIENTO EN GRANO SECO DE CACAO PARA LA REACTIVACIÓN ECONÓMICA AFECTADAS POR EL COVID-19 EN 5 LOCALIDADES DEL DISTRITO DE RAMON CASTILLA - PROVINCIA DE MARISCAL RAMON CASTILLA - DEPARTAMENTO DE LORETO;127440;PEN;15;Concurso Público Abreviado;services;Mediana competencia
1194870;20159308881;MUNICIPALIDAD DISTRITAL DE WANCHAQ;CUSCO;CUSCO;MEJORAMIENTO DEL SERVICIO DE PRÁCTICA DEPORTIVA Y/O RECREATIVA EN EL PARQUE VIRGEN DE FÁTIMA DEL   DISTRITO DE WANCHAQ DE LA PROVINCIA DE CUSCO DEL DEPARTAMENTO DE CUSCO;185650;PEN;26;Licitación Pública Abreviada;goods;Alta competencia
1196705;20527147612;GOBIERNO REGIONAL DE CUSCO SEDE CENTRAL;CUSCO;CUSCO;AMPLIACION DEL SERVICIO DEL SISTEMA DE DISTRIBUCIÓN, LÍNEA PRIMARIA, RED PRIMARIA, SUBESTACIÓN DE DISTRIBUCIÓN, REDES SECUNDARIAS Y ACOMETIDAS DOMICILIARIAS, II ETAPA EN LAS COMUNIDADES NATIVAS DE QUEROS, WACHIPAIRE-HARAKBUT, COMUNIDADES NATIVAS ,  SECTORES Y APVS DEL DISTRITO DE KOSÑIPATA - PROVINCIA DE PAUCARTAMBO - DEPARTAMENTO DE CUSCO;235500;PEN;19;Licitación Pública Abreviada;goods;Mediana competencia
1198486;20195270938;MUNICIPALIDAD DISTRITAL DE SAN GABAN;PUNO;CARABAYA;MEJORAMIENTO DE SERVICIOS AGRÍCOLAS PARA EL DESARROLLO DE LA CADENA PRODUCTIVA DE FRUTALES EN EL  DISTRITO DE SAN GABAN - PROVINCIA DE CARABAYA - DEPARTAMENTO DE PUNO;327236;PEN;7;Licitación Pública Abreviada;goods;Baja competencia
1198387;20530688390;GOBIERNO REGIONAL DE LIMA SEDE CENTRAL;LIMA;HUAURA;MEJORAMIENTO DEL SERVICIO DE MOVILIDAD URBANA EN AV. ROSA VÁSQUEZ CUADRADO, AV. PARAISO, CALLE S/N Y PASAJE S/N  DE CENTRO POBLADO SALPIN DISTRITO DE SAN MATEO DE OTAO DE LA PROVINCIA DE HUAROCHIRI DEL DEPARTAMENTO DE LIMA;382903.09;PEN;49;Concurso Público Abreviado;services;Alta competencia
1192603;20205028600;MUNICIPALIDAD DISTRITAL DE COYLLURQUI;APURIMAC;COTABAMBAS;MEJORAMIENTO Y AMPLIACION DEL SERVICIO DE TRANSITABILIDAD VIAL INTERURBANA EN EL SECTOR DE OSNOBAMBA DE LA COMUNIDAD DE AYAHUILLCA   DISTRITO DE COYLLURQUI DE LA PROVINCIA DE COTABAMBAS DEL DEPARTAMENTO DE APURIMAC;1808004.43;PEN;38;Licitación Pública Abreviada;works;Alta competencia
1211844;20201987297;MUNICIPALIDAD PROVINCIAL DE JAEN;CAJAMARCA;JAEN;CREACION DE POLIDEPORTIVO EN EL CASERIO EL LAUREL C.P. LA PALMA CENTRAL,  DISTRITO DE JAEN - PROVINCIA DE JAEN - DEPARTAMENTO DE CAJAMARCA;404911.48;PEN;31;Licitación Pública Abreviada;works;Alta competencia
1202094;20145850798;MUNICIPALIDAD PROVINCIAL DE DOS DE MAYO - LA UNION;HUANUCO;DOS DE MAYO;CREACION DEL SERVICIO DE AGUA POTABLE RURAL EN DISPOSICION SANITARIA DE EXCRETAS EN EL CENTRO POBLADO MERCEDES PURISIMA   DISTRITO DE MARIAS DE LA PROVINCIA DE DOS DE MAYO DEL DEPARTAMENTO DE HUANUCO;248370.09;PEN;3;Concurso Público Abreviado;services;Baja competencia
1195575;20189921595;MUNICIPALIDAD DISTRITAL DE HAQUIRA;APURIMAC;COTABAMBAS;CREACION DEL SERVICIO DE PRÁCTICA DEPORTIVA Y/O RECREATIVA EN EL ESTADIO MUNICIPAL DE HUAYLLAURAN   DISTRITO DE HAQUIRA DE LA PROVINCIA DE COTABAMBAS DEL DEPARTAMENTO DE APURIMAC;2300000;PEN;46;Concurso Público de Servicios;services;Alta competencia
1222173;20479569780;GOBIERNO REGIONAL DE LAMBAYEQUE SEDE CENTRAL;LAMBAYEQUE;CHICLAYO;"MEJORAMIENTO Y AMPLIACION DE LOS SERVICIOS TURÍSTICOS PÚBLICOS EN RECURSOS TURÍSTICOS  EN EL MALECÓN TURÍSTICO ""SANTA ROSA""   DISTRITO DE SANTA ROSA DE LA PROVINCIA DE CHICLAYO DEL DEPARTAMENTO DE LAMBAYEQUE";193426.84;PEN;36;Concurso Público Abreviado;services;Alta competencia
1198999;20221770871;MUNICIPALIDAD DISTRITAL DE SALLIQUE;CAJAMARCA;JAEN;AMPLIACION, MEJORAMIENTO DEL SERVICIO DE AGUA PARA RIEGO CANAL LAS PALMERAS - HUAYOPAMPA, DISTRITO DE SALLIQUE - JAEN - CAJAMARCA;11634354;PEN;15;Licitación Pública;works;Mediana competencia
1193231;20168076640;MUNICIPALIDAD DISTRITAL DE CHALLABAMBA;CUSCO;PAUCARTAMBO;MEJORAMIENTO DEL SERVICIO DE TRANSITABILIDAD VIAL INTERURBANA EN EL PUENTE CARROZABLE INCACHACA DEL   DISTRITO DE CHALLABAMBA DE LA PROVINCIA DE PAUCARTAMBO DEL DEPARTAMENTO DE CUSCO;8235077.36;PEN;8;Licitación Pública Abreviada;works;Baja competencia
1200449;20154489895;MUNICIPALIDAD PROVINCIAL DE AREQUIPA;AREQUIPA;AREQUIPA;CREACION DEL SERVICIO DE MOVILIDAD URBANA EN INTERCAMBIO VIAL  DE LA AV. HARTLEY , AV. PIZARRO EN LOS DISTRITOS DE JOSE LUIS BUSTAMANTE Y RIVERO Y PAUCARPATA DE LA  PROVINCIA DE AREQUIPA - DEPARTAMENTO DE AREQUIPA;1850000.01;PEN;26;Concurso Público para Consultoría;services;Alta competencia
1196274;20156656021;MUNICIPALIDAD DISTRITAL DE PALCAZU;PASCO;OXAPAMPA;MEJORAMIENTO Y AMPLIACION DEL SERVICIO DE AGUA POTABLE URBANO Y MEJORAMIENTO Y AMPLIACION DEL SERVICIO DE ALCANTARILLADO EN LOS SECTORES DE 18 DE JULIO, MIRAFLORES, PRIMAVERA, PUERTO ISCOZACIN Y LAS LOMAS  DE CENTRO POBLADO ISCOZACIN DISTRITO DE PALCAZU DE LA PROVINCIA DE OXAPAMPA DEL DEPARTAMENTO DE PASCO;300000;PEN;6;Concurso Público Abreviado;services;Baja competencia
1190951;20142167744;MUNICIPALIDAD PROVINCIAL DE ICA;ICA;ICA;MEJORAMIENTO DEL SERVICIO EDUCATIVO DEL NIVEL PRIMARIA EN LA I.E. N 22305 JULIO C. TELLO DISTRITO DE ICA, PROVINCIA DE ICA - ICA;527326.93;PEN;33;Concurso Público Abreviado;services;Alta competencia
1193691;20166604347;MUNICIPALIDAD DISTRITAL DE CAJAY;ANCASH;HUARI;"REPARACION DE VIAS VECINALES; EN EL(LA) TROCHA CARROZABLE DEL TRAMO CRUCE HUARITAMBO HASTA SHARCO EN EL CENTRO POBLADO DE HUARITAMBO,  DISTRITO DE CAJAY, PROVINCIA HUARI, DEPARTAMENTO ANCASH";575990.26;PEN;14;Licitación Pública Abreviada;works;Mediana competencia
1198340;20147346434;MUNICIPALIDAD PROVINCIAL DE ESPINAR;CUSCO;ESPINAR;MEJORAMIENTO DEL SERVICIO DE CAPACIDADES DEPORTIVAS RECREATIVAS PARA EL FOMENTO Y PROMOCIÓN ACTIVIDAD FISICA EN LOS NIÑOS, JÓVENES Y ADULTOS DEL  DISTRITO DE ESPINAR - PROVINCIA DE ESPINAR - DEPARTAMENTO DE CUSCO;368134;PEN;37;Licitación Pública Abreviada;goods;Alta competencia
1199648;20605733281;PROGRAMA DE PENSIÓN NO CONTRIBUTIVA A PERSONAS CON DISCAPACIDAD SEVERA EN SITUACIÓN DE POBREZA;LIMA;LIMA;"ADQUISICION DE SWITCH, SISTEMA DE SEGURIDAD PERIMETRAL (FIREWALL), CENTRAL TELEFONICA Y SERVIDOR; ADEMÁS DE OTROS ACTIVOS EN EL(LA) UNIDAD DE TECNOLOGIAS DE LA INFORMACION - CONTIGO EN EL CENTRO POBLADO SAN ISIDRO, DISTRITO DE SAN ISIDRO, PROVINCIA LIMA, DEPARTAMENTO LIMA";140000;PEN;40;Licitación Pública Abreviada;goods;Alta competencia
1200010;20202885315;MUNICIPALIDAD DISTRITAL DE AYAPATA;PUNO;CARABAYA;"CONSTRUCCION DE COBERTURA DE INSTALACIONES DEPORTIVAS; REPARACION DE SERVICIOS HIGIENICOS Y/O VESTIDORES; EN EL(LA) CAMPO DEPORTIVO DEL CENTRO POBLADO LOROMAYO  DISTRITO DE AYAPATA, PROVINCIA CARABAYA, DEPARTAMENTO PUNO";565003.06;PEN;4;Licitación Pública Abreviada;works;Baja competencia
1198856;20141897935;MUNICIPALIDAD PROVINCIAL DE SANCHEZ CARRION - HUAMACHUCO;LA LIBERTAD;SANCHEZ CARRION;MEJORAMIENTO DE LOS SERVICIOS EDUCATIVOS DEL NIVEL SECUNDARIA EN LA I.E. FLORENCIA DE MORA DE SANDOVAL, CIUDAD DE HUAMACHUCO, PROVINCIA DE SANCHEZ CARRION - LA LIBERTAD;2112443.17;PEN;27;Concurso Público para Consultoría;services;Alta competencia
1197809;20166544000;MUNICIPALIDAD DISTRITAL DE SAN MARCOS;ANCASH;HUARI;CREACION DE LOS SERVICIOS OPERATIVOS O MISIONALES INSTITUCIONALES EN EL LOCAL COMUNAL MULTIUSOS DEL CASERÍO DE CRUZ CALVARIO EN EL CENTRO POBLADO DE LA MERCED DE GAUCHO,   DISTRITO DE SAN MARCOS DE LA PROVINCIA DE HUARI DEL DEPARTAMENTO DE ANCASH;168804.9;PEN;12;Concurso Público Abreviado;services;Mediana competencia
1218353;20166164789;MUNICIPALIDAD PROVINCIAL DE ISLAY - MOLLENDO;AREQUIPA;ISLAY;CREACION DE LOS SERVICIOS DEPORTIVOS DE NATACIÓN Y RECREACIÓN EN EL CENTRO POBLADO DE AVIS CESAR VALLEJO - DISTRITO DE MOLLENDO - PROVINCIA DE ISLAY - REGIÓN AREQUIPA;77500;PEN;9;Licitación Pública Abreviada;goods;Baja competencia
1199137;20166604347;MUNICIPALIDAD DISTRITAL DE CAJAY;ANCASH;HUARI;"REPARACION DE VIAS VECINALES; EN EL(LA) TROCHA CARROZABLE DEL TRAMO CRUCE CARDONYOC HASTA HUAYLLABAMBA EN EL CASERÍO DE HUAYLLABAMBA,  DISTRITO DE CAJAY, PROVINCIA HUARI, DEPARTAMENTO ANCASH";336828.83;PEN;6;Licitación Pública Abreviada;works;Baja competencia
1199184;20166544000;MUNICIPALIDAD DISTRITAL DE SAN MARCOS;ANCASH;HUARI;CREACION DEL SERVICIO DE PRÁCTICA DEPORTIVA Y/O RECREATIVA EN MINI COMPLEJO DEL BARRIO CHACARRUMI DE LA LOCALIDAD DE SAN MARCOS   DISTRITO DE SAN MARCOS DE LA PROVINCIA DE HUARI DEL DEPARTAMENTO DE ANCASH;452158.33;PEN;14;Concurso Público Abreviado;services;Mediana competencia
1192807;20489250731;GOBIERNO REGIONAL DE HUANUCO SEDE CENTRAL;HUANUCO;HUANUCO;MEJORAMIENTO, AMPLIACION DEL SERVICIO EDUCATIVO DE LA I.E. JUANA MORENO - DISTRITO DE HUANUCO, PROVINCIA DE HUANUCO - HUANUCO;119724.57;PEN;9;Adjudicación Simplificada;services;Baja competencia
1200325;20159316981;GOBIERNO REGIONAL DE CUSCO-INSTITUTO DE MANEJO DE AGUA Y MEDIO AMBIENTE( IMA);CUSCO;CUSCO;RECUPERACION DEL SERVICIO  ECOSISTEMICO DE REGULACIÓN HIDRICA EN LAS MICROCUENCAS DE TOCCOHUANCA, LLANCAMA, LLANQUEMAYO, TAUCABAMBA Y MISKAHUAYCCO DE LA CUENCA MEDIA DEL APURIMAC - EN LOS DISTRITOS DE PARURO, OMACHA, PILLPINTO Y CHINCHAYPUJIO EN LAS PROVINCIAS DE ANTA Y PARURO DEL  DEPARTAMENTO DE CUSCO;201760;PEN;24;Concurso Público Abreviado;services;Alta competencia
1201656;20159229581;MUNICIPALIDAD DISTRITAL DE RINCONADA LLICUAR;PIURA;SECHURA;MEJORAMIENTO DEL SERVICIO DE PROVISION DE AGUA PARA RIEGO DE CANAL BERAMATHUS, JAIME BENITEZ, LA PARRA, CASA DE TEJAS, LOS TORNILLOS, TAJAMAR Y CHANITA DEL SUB SECTOR HIDRAULICO MUÑUELA MARGEN IZQUIERDA  DISTRITO DE RINCONADA LLICUAR - PROVINCIA DE SECHURA - DEPARTAMENTO DE PIURA;6215788.85;PEN;23;Licitación Pública;works;Alta competencia
1223894;20163795494;MUNICIPALIDAD DISTRITAL DE VEGUETA;LIMA;HUAURA;"REMODELACION DE CAMPO DEPORTIVO; EN EL(LA) EL CENTRO POBLADO LA FLORIDA  DISTRITO DE VEGUETA, PROVINCIA HUAURA, DEPARTAMENTO LIMA";704337.24;PEN;24;Licitación Pública Abreviada;works;Alta competencia
1197803;20317337150;MUNICIPALIDAD DISTRITAL DE PICHARI;CUSCO;LA CONVENCION;MEJORAMIENTO DEL SERVICIO DE PRÁCTICA DEPORTIVA Y/O RECREATIVA EN LA COMUNIDAD DE QUISTO VALLE   DISTRITO DE PICHARI DE LA PROVINCIA DE LA CONVENCION DEL DEPARTAMENTO DE CUSCO;551200;PEN;25;Concurso Público de Servicios;services;Alta competencia
1193764;20491321661;GOBIERNO REGIONAL DE LIMA-UNIDAD EJECUTORA LIMA SUR;LIMA;CAÑETE;MEJORAMIENTO DE LA PRESTACION DE SERVICIOS EDUCATIVOS DE LA INSTITUCION EDUCATIVA PUBLICA SANTA RITA DE CASSIA EN EL  DISTRITO DE SAN VICENTE DE CAÑETE - PROVINCIA DE CAÑETE - DEPARTAMENTO DE LIMA;2499125.8;PEN;77;Concurso Público para Consultoría;services;Alta competencia
1199079;20406325815;GOBIERNO REGIONAL DE PUNO SEDE CENTRAL;PUNO;PUNO;MEJORAMIENTO DEL SERVICIO EDUCATIVO DE LA I.E.S. LAS MERCEDES DE LA CIUDAD DE JULIACA - DISTRITO DE JULIACA - PROVINCIA DE SAN ROMAN - DEPARTAMENTO DE PUNO;244269;PEN;15;Subasta Inversa Electrónica;goods;Mediana competencia
1207590;20148092282;UNIVERSIDAD NACIONAL MAYOR DE SAN MARCOS;LIMA;LIMA;AMPLIACION, REMODELACION Y ACONDICIONAMIENTO DEL PABELLON DE LA FACULTAD DE LETRAS Y CIENCIAS HUMANAS - UNMSM;172500;PEN;44;Licitación Pública Abreviada;goods;Alta competencia
1187172;20318848379;MUNICIPALIDAD DISTRITAL DE SAN JUAN DE JARPA;JUNIN;CHUPACA;MEJORAMIENTO Y AMPLIACION DEL SERVICIO DE EDUCACIÓN SECUNDARIA EN I.E. INDOAMERICANO   DISTRITO DE SAN JUAN DE JARPA DE LA PROVINCIA DE CHUPACA DEL DEPARTAMENTO DE JUNIN;150000;PEN;5;Concurso Público Abreviado;services;Baja competencia
1201106;20148420981;MUNICIPALIDAD DISTRITAL DE SAN JUAN BAUTISTA - ICA;ICA;ICA;MEJORAMIENTO DEL SERVICIO DE EDUCACIÓN INICIAL EN I.E. 57  DE CENTRO POBLADO CAMINO DE REYES DISTRITO DE SAN JUAN BAUTISTA DE LA PROVINCIA DE ICA DEL DEPARTAMENTO DE ICA;295893.93;PEN;16;Licitación Pública Abreviada;works;Mediana competencia
1192991;20193330861;MUNICIPALIDAD DISTRITAL DE ACOPAMPA;ANCASH;CARHUAZ;MEJORAMIENTO DEL SERVICIO DE PROVISIÓN DE AGUA PARA RIEGO EN CANAL HUANCHAC PAMPA - SECTOR PUNCULLACA   DISTRITO DE ACOPAMPA DE LA PROVINCIA DE CARHUAZ DEL DEPARTAMENTO DE ANCASH;199138.53;PEN;9;Licitación Pública Abreviada;works;Baja competencia
1197999;20105266988;MUNICIPALIDAD PROVINCIAL DE MORROPON - CHULUCANAS;PIURA;MORROPON;MEJORAMIENTO DEL SERVICIO DE EDUCACIÓN SECUNDARIA EN I.E. MIGUEL GRAU  DE CENTRO POBLADO LA ENCANTADA DISTRITO DE CHULUCANAS DE LA PROVINCIA DE MORROPON DEL DEPARTAMENTO DE PIURA;679204.8;PEN;22;Concurso Público para Consultoría;services;Alta competencia
1197750;20219345004;MUNICIPALIDAD DISTRITAL DE PROGRESO;APURIMAC;GRAU;CREACION DE LA LOSA DEPORTIVA MULTIUSOS EN LA COMUNIDAD DE CCONCHACCOTA DEL DISTRITO DE PROGRESO - PROVINCIA DE GRAU - DEPARTAMENTO DE APURIMAC;501550.57;PEN;15;Licitación Pública Abreviada;works;Mediana competencia
1219952;20527141762;GOBIERNO REGIONAL DE APURIMAC SEDE CENTRAL;APURIMAC;ABANCAY;MEJORAMIENTO DE LOS SERVICIOS DE SALUD DEL CENTRO DE SALUD TAMBURCO,  DISTRITO DE TAMBURCO - PROVINCIA DE ABANCAY - DEPARTAMENTO DE APURIMAC;135957.03;PEN;52;Licitación Pública Abreviada;goods;Alta competencia
1201773;20317337150;MUNICIPALIDAD DISTRITAL DE PICHARI;CUSCO;LA CONVENCION;CREACION DEL COMPLEJO POLIDEPORTIVO MUNICIPAL DE PICHARI DEL DISTRITO DE PICHARI - PROVINCIA DE LA CONVENCION - DEPARTAMENTO DE CUSCO;299880.97;PEN;9;Concurso Público Abreviado;services;Baja competencia
1195490;20148170933;MUNICIPALIDAD PROVINCIAL DE RIOJA;SAN MARTIN;RIOJA;MEJORAMIENTO DEL SERVICIO DE SEGURIDAD CIUDADANA LOCAL EN EL PUESTO DE AUXILIO RAPIDO  DE CENTRO POBLADO  SAN FRANCISCO DEL ALTO MAYO (SAN FRANCISCO) DISTRITO DE AWAJUN DE LA PROVINCIA DE RIOJA DEL DEPARTAMENTO DE SAN MARTIN;589073.7;PEN;6;Licitación Pública Abreviada;works;Baja competencia
1192790;20527143200;GOBIERNO REGIONAL DE MADRE DE DIOS SEDE CENTRAL;MADRE DE DIOS;TAMBOPATA;MEJORAMIENTO Y AMPLIACION DE LOS SERVICIOS DE SALUD EN EL ESTABLECIMIENTO DE SALUD SALVACION DEL DISTRITO DE MANU - PROVINCIA DE MANU - DEPARTAMENTO DE MADRE DE DIOS;100500;PEN;9;Subasta Inversa Electrónica;goods;Baja competencia
1192497;20189848227;MUNICIPALIDAD DISTRITAL DE SAN ANDRES LA CHECCA;CUSCO;CANAS;MEJORAMIENTO DEL SERVICIO DE EDUCACION PRIMARIA EN I.E. 56164  DE CENTRO POBLADO CCOLLANA DISTRITO DE CHECCA DE LA PROVINCIA DE CANAS DEL DEPARTAMENTO DE CUSCO;8083984.2;PEN;11;Licitación Pública;works;Mediana competencia
1193417;20163579791;MUNICIPALIDAD DISTRITAL DE SAN CLEMENTE;ICA;PISCO;MEJORAMIENTO Y AMPLIACION DEL SERVICIO DE SEGURIDAD CIUDADANA LOCAL EN LA MUNICIPALIDAD DISTRITAL DE SAN CLEMENTE DEL   DISTRITO DE SAN CLEMENTE DE LA PROVINCIA DE PISCO DEL DEPARTAMENTO DE ICA;478170;PEN;19;Concurso Público Abreviado;services;Mediana competencia
1196298;20493196902;GOBIERNO REGIONAL DE LORETO SEDE CENTRAL;LORETO;MAYNAS;MEJORAMIENTO DE LOS SERVICIOS DE APOYO AL DESARROLLO PRODUCTIVO EN CAPACIDADES Y AUTOGENERACION DE EMPLEO DE LA ZONA PERI URBANA, DE LOS DISTRITO DE IQUITOS, PUNCHANA, SAN JUAN BAUTISTA, Y AREA DE INFLUENCIA DE LA CARRETERA BELLAVISTA-MAZAN   DISTRITO DE MAZAN DE LA PROVINCIA DE MAYNAS DEL DEPARTAMENTO DE LORETO;132986;PEN;14;Licitación Pública Abreviada;goods;Mediana competencia
1198305;20162213254;MUNICIPALIDAD DISTRITAL DE LAGUNAS - CHICLAYO;LAMBAYEQUE;CHICLAYO;MEJORAMIENTO DEL SERVICIO DE PROVISIÓN DE AGUA PARA RIEGO EN CANAL CHIRINOS   DISTRITO DE LAGUNAS DE LA PROVINCIA DE CHICLAYO DEL DEPARTAMENTO DE LAMBAYEQUE;10170339.85;PEN;28;Licitación Pública;works;Alta competencia
1195568;20226962892;MUNICIPALIDAD PROVINCIAL DE PATAZ - TAYABAMBA;LA LIBERTAD;PATAZ;MEJORAMIENTO DEL SERVICIO DE SEGURIDAD CIUDADANA LOCAL EN LA CIUDAD DE TAYABAMBA EN EL   DISTRITO DE TAYABAMBA DE LA PROVINCIA DE PATAZ DEL DEPARTAMENTO DE LA LIBERTAD;5752943.27;PEN;6;Licitación Pública Abreviada;works;Baja competencia
1202046;20195238961;MUNICIPALIDAD DISTRITAL DE PERENE;JUNIN;CHANCHAMAYO;MEJORAMIENTO DEL SERVICIO DE AGUA POTABLE URBANO Y MEJORAMIENTO Y AMPLIACION DEL SERVICIO DE ALCANTARILLADO EN LAS AA. VV. LAS FLORES HASTA FRENTE DE LA AA.VV. VIRGEN DE COCHARCAS SECTOR SANGANI   DISTRITO DE PERENE DE LA PROVINCIA DE CHANCHAMAYO DEL DEPARTAMENTO DE JUNIN;145496.03;PEN;10;Concurso Público Abreviado;services;Mediana competencia
1197139;20479569861;GOBIERNO REGIONAL DE AMAZONAS SEDE CENTRAL;AMAZONAS;CHACHAPOYAS;MEJORAMIENTO Y AMPLIACION DE LOS SERVICIOS PÚBLICOS DE INTEGRACIÓN ECONÓMICA Y SOCIAL EN EL ESTADIO MUNICIPAL MILPUC   DISTRITO DE MILPUC DE LA PROVINCIA DE RODRIGUEZ DE MENDOZA DEL DEPARTAMENTO DE AMAZONAS;155517.78;PEN;9;Concurso Público Abreviado;services;Baja competencia
1197057;20527143200;GOBIERNO REGIONAL DE MADRE DE DIOS SEDE CENTRAL;MADRE DE DIOS;TAMBOPATA;MEJORAMIENTO Y AMPLIACION DEL SERVICIO EDUCATIVO DEL NIVEL PRIMARIA DE LA I.E.B.R. N° 52026 EL CASTAÑAL, CENTRO POBLADO EL CASTAÑAL DEL DISTRITO DE TAMBOPATA - PROVINCIA DE TAMBOPATA - DEPARTAMENTO DE MADRE DE DIOS;171000;PEN;1;Licitación Pública Abreviada;goods;Baja competencia
1201762;20452393493;GOBIERNO REGIONAL DE AYACUCHO SEDE CENTRAL;AYACUCHO;HUAMANGA;MEJORAMIENTO DE LOS SERVICIOS DE LA OREDIS PARA LA ATENCION INTEGRAL A LAS PERSONAS CON DISCAPACIDAD E INCREMENTO DE LA CALIDAD DE VIDA SIN EXCLUSION EN LA SOCIEDAD NI DISCRIMINACION EN 08 PROVINCIAS DE  LA REGION AYACUCHO DISTRITO DE AYACUCHO - PROVINCIA DE HUAMANGA - REGIÓN AYACUCHO;127400;PEN;20;Licitación Pública Abreviada;goods;Mediana competencia
1197582;20166164789;MUNICIPALIDAD PROVINCIAL DE ISLAY - MOLLENDO;AREQUIPA;ISLAY;CREACION DE LOS SERVICIOS DEPORTIVOS DE NATACIÓN Y RECREACIÓN EN EL CENTRO POBLADO DE AVIS CESAR VALLEJO - DISTRITO DE MOLLENDO - PROVINCIA DE ISLAY - REGIÓN AREQUIPA;84230;PEN;32;Concurso Público Abreviado;services;Alta competencia
1196663;20147797100;MUNICIPALIDAD PROVINCIAL DE TACNA;TACNA;TACNA;CREACION DEL SERVICIO DE MOVILIDAD URBANA EN VIAS LOCALES DE LA URBANIZACIÓN LEVANO, URBANIZACIÓN CARRASCO Y LOTIZACION ARMANDO CARRASCO DEL   DISTRITO DE TACNA DE LA PROVINCIA DE TACNA DEL DEPARTAMENTO DE TACNA;3107836.1;PEN;18;Licitación Pública Abreviada;works;Mediana competencia
1194299;20406325815;GOBIERNO REGIONAL DE PUNO SEDE CENTRAL;PUNO;PUNO;MEJORAMIENTO SERVICIO INTEGRAL DE LA INSTITUCION EDUCATIVA SECUNDARIA INDUSTRIAL PERU BIRF  DISTRITO DE SAN MIGUEL - PROVINCIA DE SAN ROMAN - DEPARTAMENTO DE PUNO;48264;PEN;3;Comparación de Precios;goods;Baja competencia
1196357;20498390570;GOBIERNO REGIONAL DE AREQUIPA Sede Central;AREQUIPA;AREQUIPA;MEJORAMIENTO DE LOS SERVICIOS EDUCATIVOS EN EL NIVEL SECUNDARIA DE LA INSTITUCION EDUCATIVA SEBASTIAN BARRANCA, DEL DISTRITO DE CAMANA - PROVINCIA DE CAMANA - DEPARTAMENTO DE AREQUIPA;1358375;PEN;18;Licitación Pública;goods;Mediana competencia
1201997;20195238961;MUNICIPALIDAD DISTRITAL DE PERENE;JUNIN;CHANCHAMAYO;MEJORAMIENTO DEL SERVICIO DE AGUA POTABLE URBANO Y MEJORAMIENTO Y AMPLIACION DEL SERVICIO DE ALCANTARILLADO EN LAS AA. VV. LAS FLORES HASTA FRENTE DE LA AA.VV. VIRGEN DE COCHARCAS SECTOR SANGANI   DISTRITO DE PERENE DE LA PROVINCIA DE CHANCHAMAYO DEL DEPARTAMENTO DE JUNIN;77659.74;PEN;8;Concurso Público Abreviado;services;Baja competencia
1200705;20600004001;PROYECTO ESPECIAL DE DESARROLLO DEL VALLE DE LOS RÍO APURIMAC, ENE Y MANTARO- PROVRAEM;AYACUCHO;LA MAR;"MEJORAMIENTO Y AMPLIACION DE LAS CAPACIDADES PRODUCTIVAS AGROPECUARIAS PARA LA DIVERSIFICACIÓN PRODUCTIVA CON ENFOQUE FAMILIAR EN LAS COMUNIDADES NATIVAS DE LA PROVINCIA DE HUANTA DEL DEPARTAMENTO DE AYACUCHO; LA PROVINCIA DE LA CONVENCION DEL DEPARTAMENTO DE CUSCO Y LA PROVINCIA DE SATIPO DEL DEPARTAMENTO DE JUNIN";60000;PEN;8;Concurso Público Abreviado;services;Baja competencia
1193372;20527147612;GOBIERNO REGIONAL DE CUSCO SEDE CENTRAL;CUSCO;CUSCO;CREACION SERVICIOS DEL CENTRO REGIONAL DE RECURSOS EDUCATIVOS ESPECIALIZADO PARA LA EDUCACIÓN BÁSICA REGULAR EN LA DIRECCIÓN REGIONAL DE EDUCACIÓN DEL GOBIERNO REGIONAL DEL CUSCO,  DISTRITO DE SAN SEBASTIAN - PROVINCIA DE CUSCO - DEPARTAMENTO DE CUSCO;229396.44;PEN;29;Licitación Pública Abreviada;goods;Alta competencia
1195978;20220499767;MUNICIPALIDAD PROVINCIAL DE CHOTA;CAJAMARCA;CHOTA;"RENOVACION DE PISTA Y VEREDA; EN EL(LA) JR. JOSE OSORES C1 Y ALREDEDOR DE PARQUE EL TORO,  DISTRITO DE CHOTA, PROVINCIA CHOTA, DEPARTAMENTO CAJAMARCA";1246544.42;PEN;22;Licitación Pública Abreviada;works;Alta competencia
1192219;20194735384;MUNICIPALIDAD PROVINCIAL DE JORGE BASADRE - LOCUMBA;TACNA;JORGE BASADRE;"CONSTRUCCION DE PUENTE Y DEFENSA RIBEREÑA; EN EL(LA) VIA VECINAL RUTA R230330 TRAMO EMPALME TA-573 DEL SECTOR CONOSTOCO,  DISTRITO DE LOCUMBA, PROVINCIA JORGE BASADRE, DEPARTAMENTO TACNA";3318502.26;PEN;10;Licitación Pública Abreviada;works;Mediana competencia
1221767;20527760314;UNIVERSIDAD NACIONAL JOSE MARIA ARGUEDAS;APURIMAC;ANDAHUAYLAS;CREACIÓN DE LOS SERVICIOS DE LA RESIDENCIA UNIVERSITARIA DE LA UNAJMA - SAN JERONIMO - ANDAHUAYLAS;133340;PEN;27;Licitación Pública Abreviada;goods;Alta competencia
1192759;20207747204;MUNICIPALIDAD DISTRITAL DE SARIN;LA LIBERTAD;SANCHEZ CARRION;MEJORAMIENTO, AMPLIACION DE LOS SERVICIOS DE AGUA POTABLE Y SANEAMIENTO RURAL EN LOS CASERIOS CONSUCITO Y MUMALQUITA, DISTRITO DE SARIN - SANCHEZ CARRION - LA LIBERTAD;80000;PEN;5;Concurso Público Abreviado;services;Baja competencia
1197288;20527141762;GOBIERNO REGIONAL DE APURIMAC SEDE CENTRAL;APURIMAC;ABANCAY;MEJORAMIENTO DEL SERVICIO DE ATENCIÓN DE SALUD BÁSICOS EN EL CENTRO DE SALUD DE TALAVERA,   DISTRITO DE TALAVERA DE LA PROVINCIA DE ANDAHUAYLAS DEL DEPARTAMENTO DE APURIMAC;79772.5;PEN;5;Comparación de Precios;goods;Baja competencia
1200057;20189975920;GOBIERNO REGIONAL DE CUSCO - DIRECCION REGIONAL DE TRANSPORTES Y COMUNICACIONES CUSCO;CUSCO;CUSCO;MEJORAMIENTO DEL SERVICIO DE TRANSITABILIDAD VIAL INTERURBANA EN LA CU ¿ 145 EN EL TRAMO: TRAYECTORIA EMP. PE-28 F (CHINCHERO) ¿ PIURAY ¿ QUISPIHUARA - SENCCA , R81356 EN EL TRAMO: EMP. CU ¿ 145 ¿ EMP. PE-28 F   DISTRITOS DE CUSCO, CHINCHERO DE LAS PROVINCIAS DE CUSCO, URUBAMBA DEL DEPARTAMENTO DE CUSCO;247500;PEN;19;Licitación Pública Abreviada;goods;Mediana competencia
1196406;20489250731;GOBIERNO REGIONAL DE HUANUCO SEDE CENTRAL;HUANUCO;HUANUCO;MEJORAMIENTO Y AMPLIACION DEL SERVICIO DE EDUCACION PRIMARIA Y SERVICIO DE EDUCACIÓN SECUNDARIA EN I.E. EL AMAUTA JOSE CARLOS MARIATEGUI  DE CENTRO POBLADO PAUCARBAMBA DISTRITO DE AMARILIS DE LA PROVINCIA DE HUANUCO DEL DEPARTAMENTO DE HUANUCO;130000;PEN;15;Concurso Público Abreviado;services;Mediana competencia
1196809;20222952256;MUNICIPALIDAD DISTRITAL DE QUILLO;ANCASH;YUNGAY;MEJORAMIENTO Y AMPLIACION DEL SERVICIO DE AGUA POTABLE Y DEL SERVICIO DE DISPOSICIÓN SANITARIA DE EXCRETAS EN EL SECTOR DE MASRAPAMPA DE LA LOCALIDAD DE HUACUY DEL  DISTRITO DE QUILLO - PROVINCIA DE YUNGAY - DEPARTAMENTO DE ANCASH;59841.16;PEN;14;Concurso Público Abreviado;services;Mediana competencia
1192047;20449347448;UNIVERSIDAD NACIONAL DE MOQUEGUA;MOQUEGUA;MARISCAL NIETO;CREACIÓN DEL  COMPLEJO DEPORTIVO Y RECREACIONAL DE LA UNIVERSIDAD NACIONAL DE MOQUEGUA  EN  EL CENTRO POBLADO DE CHEN CHEN, DISTRITO DE MOQUEGUA, PROVINCIA DE MARISCAL NIETO, REGIÓN MOQUEGUA;380000;PEN;40;Concurso Público Abreviado;services;Alta competencia
1200662;20146657142;MUNICIPALIDAD DISTRITAL DE SAN RAMON;JUNIN;CHANCHAMAYO;MEJORAMIENTO DEL SERVICIO DE MOVILIDAD URBANA DEL CIRCUITO CALLE SIMÓN BOLÍVAR, JIRÓN LIVIO SOLARI, CALLE SAN JOSE, CALLE SAN FRANCISCO Y ANTONIO RAYMONDI EN LA URBANIZACION PUERTA DE ORO DEL DISTRITO DE SAN RAMON - PROVINCIA DE CHANCHAMAYO - DEPARTAMENTO DE JUNIN;565323.65;PEN;18;Licitación Pública Abreviada;works;Mediana competencia
1198243;20206921898;MUNICIPALIDAD PROVINCIAL DE CARABAYA - MACUSANI;PUNO;CARABAYA;"ADQUISICION DE VEHÍCULO DE SEGURIDAD CIUDADANA; EN EL(LA) AREA DE SEGURIDAD CIUDADANA EN LOS 10 DISTRITOS DE LA PROVINCIA DE CARABAYA -  DISTRITO DE MACUSANI, PROVINCIA CARABAYA, DEPARTAMENTO PUNO";655724.5;PEN;21;Licitación Pública;goods;Alta competencia
1194801;20185607802;MUNICIPALIDAD DISTRITAL DE MARIA;AMAZONAS;LUYA;MEJORAMIENTO DE LOS SERVICIOS EDUCATIVOS DE LA I.E DEL NIVEL SECUNDARIO HORACIO ZEVALLOS GAMES DE LA LOCALIDAD DE MARIA, DISTRITO DE MARIA - LUYA - AMAZONAS;831954.55;PEN;20;Concurso Público para Consultoría;services;Mediana competencia
1199792;20185896723;MUNICIPALIDAD PROVINCIAL DE HUANCANE;PUNO;HUANCANE;"ADQUISICION DE TERRENO; EN EL(LA) PARA LA CONSTRUCCION DE LA PLANTA DE TRATAMIENTO DE AGUAS RESIDUALES EN EL SECTOR COCAHUTA DEL  DISTRITO DE HUANCANE, PROVINCIA HUANCANE, DEPARTAMENTO PUNO";49234;PEN;1;Contratación Directa;goods;Baja competencia
1192890;20165191464;MUNICIPALIDAD DISTRITAL DE KELLUYO;PUNO;CHUCUITO;MEJORAMIENTO DE LOS SERVICIOS DE EDUCACION PRIMARIA EN LA  INSTITUCION EDUCATIVA 70258  DE LA LOCALIDAD DE KELLUYO, DISTRITO DE KELLUYO - CHUCUITO - PUNO;200000;PEN;2;Concurso Público Abreviado;services;Baja competencia
1197082;20527143200;GOBIERNO REGIONAL DE MADRE DE DIOS SEDE CENTRAL;MADRE DE DIOS;TAMBOPATA;MEJORAMIENTO Y AMPLIACION DE LOS SERVICIOS DE EDUCACION PRIMARIA DE LA I.E. N° 52181 SEÑOR DE LOS MILAGROS DEL AA.HH. SEÑOR DE LOS MILAGROS, DISTRITO DE TAMBOPATA - PROVINCIA DE TAMBOPATA - REGIÓN MADRE DE DIOS;218100;PEN;23;Licitación Pública Abreviada;goods;Alta competencia
1194913;20165195290;MUNICIPALIDAD PROVINCIAL DE SAN ROMAN - JULIACA;PUNO;SAN ROMAN;MEJORAMIENTO DEL SERVICIO DE MOVILIDAD URBANA EN AV. CIRCUNVALACION I TRAMO OVALO SALIDA CUSCO - PARQUE DEL TRICICLISTA   DISTRITO DE JULIACA DE LA PROVINCIA DE SAN ROMAN DEL DEPARTAMENTO DE PUNO;169500;PEN;13;Concurso Público Abreviado;services;Mediana competencia
1193447;20486020882;GOBIERNO REGIONAL DE HUANCAVELICA Sede Central;HUANCAVELICA;HUANCAVELICA;MEJORAMIENTO DEL SERVICIO DE TRANSITABILIDAD VEHICULAR Y PEATONAL DE LA PROLG. MANCHEGO MUÑOZ, JIRON QUICHCCAHUAYCCO, JR. YAULI, JR. LIRCAY, JR. HUANDO, JR. LARIA Y JR. ACORIA DEL BARRIO DE SANTA ANA DISTRITO DE HUANCAVELICA, PROVINCIA DE HUANCAVELIC;170000;PEN;10;Concurso Público Abreviado;services;Mediana competencia
1211420;20220666418;MUNICIPALIDAD DISTRITAL DE TACABAMBA;CAJAMARCA;CHOTA;MEJORAMIENTO Y AMPLIACION DEL SERVICIO DE AGUA POTABLE RURAL Y MEJORAMIENTO Y AMPLIACION DEL SERVICIO DE ALCANTARILLADO U OTRAS FORMAS DE DISPOSICIÓN SANITARIA DE EXCRETAS EN LA LOCALIDAD DE DINAMARCA   DISTRITO DE TACABAMBA DE LA PROVINCIA DE CHOTA DEL DEPARTAMENTO DE CAJAMARCA;933887.44;PEN;16;Concurso Público Abreviado;services;Mediana competencia
1196685;20207278298;MUNICIPALIDAD DISTRITAL DE HUALGAYOC;CAJAMARCA;HUALGAYOC;MEJORAMIENTO DEL SERVICIO DE TRANSITABILIDAD VIAL INTERURBANA EN EL TRAMO PUJUPE SECTOR 3-CRUCE MARAYCUCHO - FILA EL TINGO   DISTRITO DE HUALGAYOC DE LA PROVINCIA DE HUALGAYOC DEL DEPARTAMENTO DE CAJAMARCA;778006.89;PEN;12;Licitación Pública Abreviada;works;Mediana competencia
1194277;20146898697;MUNICIPALIDAD PROVINCIAL DE CHINCHA - CHINCHA ALTA;ICA;CHINCHA;"ADQUISICION DE SERVIDOR, ACCESORIO PARA DATA CENTER Y CAMARA GRABADORA O VIDEO CAMARA; EN EL(LA) SUB GERENCIA DE SEGURIDAD CIUDADANA Y POLICIA MUNICIPAL DE LA MUNICIPALIDAD PROVINCIAL DE CHINCHA  DISTRITO DE CHINCHA ALTA, PROVINCIA CHINCHA, DEPARTAMENTO ICA";375203.02;PEN;24;Licitación Pública Abreviada;goods;Alta competencia
1204884;20494642078;GOBIERNO REGIONAL DE AYACUCHO - PROGRAMA REGIONAL DE IRRIGACION Y DESARROLLO RURAL INTEGRADO;AYACUCHO;HUAMANGA;AMPLIACION DE LA PRESA ANCASCOCHA Y AFIANZAMIENTO DEL VALLE DE YAUCA (AYACUCHO Y AREQUIPA);1937794.58;PEN;15;Concurso Público Abreviado;services;Mediana competencia
1193524;20452393493;GOBIERNO REGIONAL DE AYACUCHO SEDE CENTRAL;AYACUCHO;HUAMANGA;"MEJORAMIENTO Y AMPLIACION DEL SISTEMA DE AGUA POTABLE Y ALCANTARILLADO EN LAS VÍAS PRINCIPALES Y CALLES ALEDAÑAS DEL CONO ESTE, EN LAS ASOCIACIONES DE VIVIENDA LA HOYADA; LAS PALMERAS, SAN JOSÉ, RÍO CACHI, LOS AMAUTAS, MARÍA AUXILIADORA, CHAQUIBAMBA Y YANAMILLA DEL  DISTRITO DE ANDRES AVELINO CACERES - PROVINCIA DE HUAMANGA - DEPARTAMENTO DE AYACUCHO";195500;PEN;15;Concurso Público Abreviado;services;Mediana competencia
1199248;20185898343;GOBIERNO REGIONAL DE APURIMAC-CHANKA;APURIMAC;ABANCAY;MEJORAMIENTO Y AMPLIACION DEL SERVICIO DE PRÁCTICA DEPORTIVA Y/O RECREATIVA EN EL ESTADIO LOS CHANKAS   DISTRITO DE ANDAHUAYLAS DE LA PROVINCIA DE ANDAHUAYLAS DEL DEPARTAMENTO DE APURIMAC;391506.67;PEN;24;Concurso Público Abreviado;services;Alta competencia
1196566;20393066386;GOBIERNO REGIONAL DE UCAYALI SEDE CENTRAL;UCAYALI;CORONEL PORTILLO;MEJORAMIENTO DEL SERVICIO DE ATENCIÓN DE SALUD BÁSICOS EN PUESTO DE SALUD NOLBERTH DE ALTO ARUYA   DISTRITO DE NESHUYA DE LA PROVINCIA DE PADRE ABAD DEL DEPARTAMENTO DE UCAYALI;422954.85;PEN;14;Concurso Público Abreviado;services;Mediana competencia
1198027;20147552506;MUNICIPALIDAD DISTRITAL DE PISAC;CUSCO;CALCA;MEJORAMIENTO DEL SERVICIO EDUCATIVO EN LA I.E. PRIMARIA 50182 DE LA COMUNIDAD CAMPESINA DE AMPAY  DISTRITO DE PISAC - PROVINCIA DE CALCA - DEPARTAMENTO DE CUSCO;174000;PEN;16;Licitación Pública Abreviada;goods;Mediana competencia
1195792;20177217043;MUNICIPALIDAD PROVINCIAL DEL CUSCO;CUSCO;CUSCO;MEJORAMIENTO Y AMPLIACION DE LA DISPOSICION FINAL DE LOS RESIDUOS SOLIDOS URBANOS MUNICIPALES EN LA LOCALIDAD DE JAQUIRA, DISTRITO SANTIAGO, PROVINCIA DE CUSCO - CUSCO;450000;PEN;39;Concurso Público Abreviado;services;Alta competencia
1194732;20159515240;MUNICIPALIDAD DISTRITAL DE CERRO COLORADO;AREQUIPA;AREQUIPA;MEJORAMIENTO DEL SERVICIO DE PRÁCTICA DEPORTIVA Y/O RECREATIVA EN EL PARQUE Nº 18 EN LA ASOCIACION URBANIZADORA PERUARBO ZONA II SECTOR PERU   DISTRITO DE CERRO COLORADO DE LA PROVINCIA DE AREQUIPA DEL DEPARTAMENTO DE AREQUIPA;3532809.84;PEN;12;Licitación Pública Abreviada;works;Mediana competencia
1192951;20171880115;MUNICIPALIDAD DISTRITAL DE TORATA;MOQUEGUA;MARISCAL NIETO;MEJORAMIENTO DEL SERVICIO DE EDUCACION PRIMARIA Y SERVICIO DE EDUCACIÓN SECUNDARIA EN I.E. VIDAL HERRERA DIAZ  DE CENTRO POBLADO YACANGO DISTRITO DE TORATA DE LA PROVINCIA DE MARISCAL NIETO DEL DEPARTAMENTO DE MOQUEGUA;297151.14;PEN;25;Concurso Público Abreviado;services;Alta competencia
1200115;20143157301;MUNICIPALIDAD DISTRITAL DE AYAHUANCO;AYACUCHO;HUANTA;MEJORAMIENTO DEL SERVICIO DE EDUCACION PRIMARIA EN I.E. 38319  DE CENTRO POBLADO AYAHUANCO DISTRITO DE AYAHUANCO DE LA PROVINCIA DE HUANTA DEL DEPARTAMENTO DE AYACUCHO;236171.02;PEN;11;Concurso Público Abreviado;services;Mediana competencia
1193111;20205028600;MUNICIPALIDAD DISTRITAL DE COYLLURQUI;APURIMAC;COTABAMBAS;MEJORAMIENTO Y AMPLIACION DEL SISTEMA DE SANEAMIENTO EN LAS COMUNIDADES DE LLAULLIYOC AYAHUILLCA Y SORCCO - 8 LOCALIDADES DEL DISTRITO DE COYLLURQUI - PROVINCIA DE COTABAMBAS - DEPARTAMENTO DE APURIMAC;87000;PEN;40;Licitación Pública Abreviada;goods;Alta competencia
1193387;20154491288;MUNICIPALIDAD DISTRITAL DE EL ALGARROBAL;MOQUEGUA;ILO;CREACION DEL SERVICIO DE PRÁCTICA DEPORTIVA Y/O RECREATIVA EN EL PARQUE DE LA MZ 26 LOTE 09 DEL PROMUVI 1   DISTRITO DE EL ALGARROBAL DE LA PROVINCIA DE ILO DEL DEPARTAMENTO DE MOQUEGUA;68410;PEN;6;Licitación Pública Abreviada;goods;Baja competencia
1199307;20143623042;MUNICIPALIDAD PROVINCIAL DE CAJAMARCA;CAJAMARCA;CAJAMARCA;CREACION DEL SERVICIO DE MOVILIDAD URBANA EN LAS VIAS LOCALES DEL PSJE SAN LUCAS Y PSJE JOSE JESUS (ENTRE JR. HUANUCO Y JR. UNION) EN EL SECTOR 03 SAN PEDRO   DISTRITO DE CAJAMARCA DE LA PROVINCIA DE CAJAMARCA DEL DEPARTAMENTO DE CAJAMARCA;851271.62;PEN;20;Licitación Pública Abreviada;works;Mediana competencia
1195476;20519752515;GOBIERNO REGIONAL DE TACNA SEDE CENTRAL;TACNA;TACNA;MEJORAMIENTO DEL SERVICIO EDUCATIVO DEL NIVEL INICIAL, PRIMARIO Y SECUNDARIA DE LA I.E. GUILLERMO AUZA ARCE EN EL  DISTRITO DE ALTO DE LA ALIANZA - PROVINCIA DE TACNA - DEPARTAMENTO DE TACNA;308500;PEN;25;Licitación Pública Abreviada;goods;Alta competencia
1192281;20489252270;GOBIERNO REGIONAL DE PASCO SEDE CENTRAL;PASCO;PASCO;MEJORAMIENTO DE LOS SERVICIOS OPERATIVOS O MISIONALES INSTITUCIONALES EN CASA DEL MAESTRO   DISTRITO DE TAPUC DE LA PROVINCIA DE DANIEL ALCIDES CARRION DEL DEPARTAMENTO DE PASCO;154537.52;PEN;17;Concurso Público Abreviado;services;Mediana competencia
1192869;20187651361;MUNICIPALIDAD DISTRITAL DE CHILIA;LA LIBERTAD;PATAZ;CREACION DEL SERVICIO DE ATENCIÓN DE SALUD BÁSICOS EN POSTA MEDICA DE TENERIA   DISTRITO DE CHILLIA DE LA PROVINCIA DE PATAZ DEL DEPARTAMENTO DE LA LIBERTAD;1060530.23;PEN;5;Licitación Pública Abreviada;works;Baja competencia
1195133;20185716172;MUNICIPALIDAD DISTRITAL DE SAN JERONIMO DE TUNAN;JUNIN;HUANCAYO;"CONSTRUCCION DE CELDAS PARA RESIDUOS; EN EL(LA) PLANTA DE TRAMIENTO DEL  DISTRITO DE SAN JERONIMO DE TUNAN, PROVINCIA HUANCAYO, DEPARTAMENTO JUNIN";167295.21;PEN;6;Licitación Pública Abreviada;works;Baja competencia
1197556;20143623042;MUNICIPALIDAD PROVINCIAL DE CAJAMARCA;CAJAMARCA;CAJAMARCA;MEJORAMIENTO DEL SERVICIO DE MOVILIDAD URBANA EN LOS SECTORES: 01 SAN SEBASTIÁN, 03 SAN PEDRO, 04 CUMBE MAYO, 05 PUEBLO NUEVO, 07 LA COLMENA, 08 LA MERCED, 12 SANTA ELENA Y 18 LA FLORIDA DEL  DISTRITO DE CAJAMARCA - PROVINCIA DE CAJAMARCA - DEPARTAMENTO DE CAJAMARCA;33528354.62;PEN;34;Licitación Pública;works;Alta competencia
1218756;20393066386;GOBIERNO REGIONAL DE UCAYALI SEDE CENTRAL;UCAYALI;CORONEL PORTILLO;MEJORAMIENTO DEL SERVICIO DE ATENCIÓN DE SALUD BÁSICOS EN ESPERANZA DE PANAILLO   DISTRITO DE YARINACOCHA DE LA PROVINCIA DE CORONEL PORTILLO DEL DEPARTAMENTO DE UCAYALI;1107425.15;PEN;24;Concurso Público para Consultoría;services;Alta competencia
1198358;20601625017;MUNICIPALIDAD DISTRITAL DE MEGANTONI;CUSCO;LA CONVENCION;MEJORAMIENTO DEL SERVICIOS DE APOYO AL DESARROLLO PRODUCTIVO DE LOS PRODUCTORES DE MANI EN LA CC.NN. DE PUERTO HUALLANA DEL DISTRITO DE MEGANTONI - PROVINCIA DE LA CONVENCION - DEPARTAMENTO DE CUSCO;127132.9;PEN;21;Licitación Pública Abreviada;goods;Alta competencia
1208088;20438491318;GOBIERNO REGIONAL DE AMAZONAS - GERENCIA SUB REGIONAL CONDORCANQUI;AMAZONAS;CONDORCANQUI;"REMODELACION DE AULA DE EDUCACION SUPERIOR TECNOLOGICA, LABORATORIO Y/O TALLER, VESTUARIOS Y/O SSHH DE USUARIOS Y ESPACIO EXTERIOR; ADEMÁS DE OTROS ACTIVOS EN EL(LA) I.E.S.T PÚBLICO SANTA MARÍA DE NIEVA - FE Y ALEGRIA 74 EN EL CENTRO POBLADO LA TUNA, DISTRITO DE NIEVA, PROVINCIA CONDORCANQUI, DEPARTAMENTO AMAZONAS";2590000.53;PEN;8;Licitación Pública Abreviada;works;Baja competencia
1193191;20161096068;MUNICIPALIDAD PROVINCIAL DE COTABAMBAS - TAMBOBAMBA;APURIMAC;COTABAMBAS;MEJORAMIENTO DE LOS SERVICIOS DE APOYO AL DESARROLLO PRODUCTIVO EN EL CULTIVO DE PASTOS Y FORRAJES EN EL   DISTRITO DE TAMBOBAMBA DE LA PROVINCIA DE COTABAMBAS DEL DEPARTAMENTO DE APURIMAC;1435534;PEN;15;Licitación Pública;goods;Mediana competencia
1197151;20195499765;MUNICIPALIDAD DISTRITAL DE OCONGATE;CUSCO;QUISPICANCHI;MEJORAMIENTO Y AMPLIACION DEL SERVICIO DE PRACTICA DEPORTIVA EN EL ANEXO CHAUPIMAYO DEL DISTRITO DE OCONGATE - PROVINCIA DE QUISPICANCHI - DEPARTAMENTO DE CUSCO;427631.38;PEN;31;Concurso Público Abreviado;services;Alta competencia
1199265;20165645325;GOBIERNO REGIONAL DE CAJAMARCA - SALUD CAJAMARCA;CAJAMARCA;CAJAMARCA;"ADQUISICION DE SERVIDOR, Y SWITCH; EN EL(LA) OFICINA DE INFORMATICA, TELECOMUNICACIONES Y ESTADISTICA (OITE) DE LA DIRESA CAJAMARCA DISTRITO DE CAJAMARCA, PROVINCIA CAJAMARCA, DEPARTAMENTO CAJAMARCA";4400000;PEN;26;Licitación Pública Abreviada;goods;Alta competencia
1195492;20519752515;GOBIERNO REGIONAL DE TACNA SEDE CENTRAL;TACNA;TACNA;MEJORAMIENTO DEL SERVICIO EDUCATIVO DEL NIVEL INICIAL, PRIMARIO Y SECUNDARIA DE LA I.E. GUILLERMO AUZA ARCE EN EL  DISTRITO DE ALTO DE LA ALIANZA - PROVINCIA DE TACNA - DEPARTAMENTO DE TACNA;101666.67;PEN;21;Licitación Pública Abreviada;goods;Alta competencia
1192861;20143157301;MUNICIPALIDAD DISTRITAL DE AYAHUANCO;AYACUCHO;HUANTA;MEJORAMIENTO DEL SERVICIO DE EDUCACION PRIMARIA EN I.E. 38319  DE CENTRO POBLADO AYAHUANCO DISTRITO DE AYAHUANCO DE LA PROVINCIA DE HUANTA DEL DEPARTAMENTO DE AYACUCHO;6329003.17;PEN;11;Licitación Pública;works;Mediana competencia
1199415;20202020098;MUNICIPALIDAD PROVINCIAL DE CARLOS FERMIN FITZCARRALD;ANCASH;CARLOS FERMIN FITZCARRALD;MEJORAMIENTO DE LOS SERVICIOS DE APOYO AL DESARROLLO PRODUCTIVO EN EL VIVERO CAPULIPAMPA, PARA LA PRODUCCIÓN DE PLANTONES FRUTICOLAS,   DISTRITO DE SAN LUIS DE LA PROVINCIA DE CARLOS FERMIN FITZCARRALD DEL DEPARTAMENTO DE ANCASH;399448.94;PEN;4;Licitación Pública Abreviada;works;Baja competencia
1200485;20527147612;GOBIERNO REGIONAL DE CUSCO SEDE CENTRAL;CUSCO;CUSCO;MEJORAMIENTO Y AMPLIACION DE LOS SERVICIOS DE SALUD DEL ESTABLECIMIENTO DE SALUD DE BELEMPAMPA - DISTRITO DE SANTIAGO - PROVINCIA DE CUSCO - REGION CUSCO;326166.67;PEN;31;Licitación Pública Abreviada;goods;Alta competencia
1199097;20479569780;GOBIERNO REGIONAL DE LAMBAYEQUE SEDE CENTRAL;LAMBAYEQUE;CHICLAYO;MEJORAMIENTO DEL SERVICIO DE AGUA POTABLE Y ALCANTARILLADO DE LA URB. 03 DE OCTUBRE Y URB. SANTA LILA DEL DISTRITO DE CHICLAYO - PROVINCIA DE CHICLAYO - DEPARTAMENTO DE LAMBAYEQUE;170003.03;PEN;24;Concurso Público Abreviado;services;Alta competencia
1194474;20222952256;MUNICIPALIDAD DISTRITAL DE QUILLO;ANCASH;YUNGAY;AMPLIACION DEL SERVICIO DE PROVISIÓN DE AGUA PARA RIEGO EN EL CANAL DE RIEGO PACRU DEL CASERIO DE CONCHI DEL   DISTRITO DE QUILLO DE LA PROVINCIA DE YUNGAY DEL DEPARTAMENTO DE ANCASH;621861.57;PEN;14;Licitación Pública Abreviada;works;Mediana competencia
1222276;20214061474;MUNICIPALIDAD DISTRITAL DE MARCAPATA;CUSCO;QUISPICANCHI;MEJORAMIENTO Y AMPLIACION DE LOS SERVICIOS EDUCATIVOS DEL NIVEL SECUNDARIO DE  LA  I.E. SAN FRANCISCO DE ASIS DEL CENTRO POBLADO DE MARCAPATA DEL, DISTRITO DE MARCAPATA - QUISPICANCHI - CUSCO;117895.07;PEN;30;Concurso Público Abreviado;services;Alta competencia
1203062;20530688390;GOBIERNO REGIONAL DE LIMA SEDE CENTRAL;LIMA;HUAURA;MEJORAMIENTO DEL SERVICIO DE TRANSITABILIDAD VIAL INTERURBANA EN VÍA PEATONAL Y VEHICULAR DE LA LOCALIDAD DE YANAMAQUI ALTO   DISTRITO DE SANTA CRUZ DE COCACHACRA DE LA PROVINCIA DE HUAROCHIRI DEL DEPARTAMENTO DE LIMA;4301640.45;PEN;42;Licitación Pública Abreviada;works;Alta competencia
1201057;20600234880;MUNICIPALIDAD DISTRITAL DE INKAWASI;CUSCO;LA CONVENCION;MEJORAMIENTO Y AMPLIACION DEL SISTEMA DE AGUA POTABLE Y ELIMINACION DE EXCRETAS EN LA LOCALIDAD DE PALMAPATA DEL DISTRITO DE INKAWASI - PROVINCIA DE LA CONVENCION - DEPARTAMENTO DE CUSCO;225090;PEN;18;Concurso Público Abreviado;services;Mediana competencia
1199182;20174929697;MUNICIPALIDAD PROVINCIAL DE CASMA;ANCASH;CASMA;MEJORAMIENTO  SERVICIO DE MOVILIDAD URBANA EN AV. NEPEÑA ENTRE LA AV. REYNA Y CALLE COLON , AV. PERU ENTRE LA AV. GAMARRA Y PANAMERICANA NORTE EN LA ZONA ESTE   DISTRITO DE CASMA DE LA PROVINCIA DE CASMA DEL DEPARTAMENTO DE ANCASH;2217924.84;PEN;19;Licitación Pública Abreviada;works;Mediana competencia
1198700;20156656021;MUNICIPALIDAD DISTRITAL DE PALCAZU;PASCO;OXAPAMPA;MEJORAMIENTO DEL SERVICIO DE AGUA POTABLE Y AGUAS SERVIDAS  EN EL CENTRO POBLADO DE PUERTO MAYRO, DISTRITO DE PALCAZU - OXAPAMPA - PASCO;115000;PEN;7;Concurso Público Abreviado;services;Baja competencia
1197117;20148420719;MUNICIPALIDAD DISTRITAL DE MARCONA;ICA;NAZCA;MEJORAMIENTO Y AMPLIACION DEL SERVICIO DE PRÁCTICA DEPORTIVA Y/O RECREATIVA EN AREAS COMPLEMENTARIAS EN EL ESTADIO MUNICIPAL   DISTRITO DE MARCONA DE LA PROVINCIA DE NASCA DEL DEPARTAMENTO DE ICA;2807233.62;PEN;30;Concurso Público para Consultoría;services;Alta competencia
1194599;20393108488;MUNICIPALIDAD DISTRITAL ALEXANDER VON HUMBOLDT;UCAYALI;PADRE ABAD;MEJORAMIENTO DEL SERVICIO DE MOVILIDAD URBANA EN VIAS LOCALES EN EL JR. TACNA CUADRAS 02, 03, 04 Y 05  DE CENTRO POBLADO ALEXANDER VON HUMBOLDT DEL DISTRITO DE ALEXANDER VON HUMBOLDT - PROVINCIA DE PADRE ABAD - DEPARTAMENTO DE UCAYALI;176563.84;PEN;7;Subasta Inversa Electrónica;goods;Baja competencia
1194229;20477936882;PROGRAMA DE DESARROLLO PRODUCTIVO AGRARIO RURAL - AGRO RURAL;LIMA;LIMA;MEJORAMIENTO DE LA ORGANIZACIÓN, ASOCIATIVIDAD E INCLUSIÓN EN LOS MERCADOS DE LOS PEQUEÑOS Y MEDIANOS PRODUCTORES AGRARIOS DE LA SIERRA EN LAS REGIONES DE AMAZONAS, CAJAMARCA Y LA LIBERTAD;70686.67;PEN;26;Licitación Pública Abreviada;goods;Alta competencia
1193330;20205028600;MUNICIPALIDAD DISTRITAL DE COYLLURQUI;APURIMAC;COTABAMBAS;"RENOVACION DE PUENTE; EN EL(LA) RUTA R-19 EN LA QUEBRADA SIJAHUI EN LA LOCALIDAD SIJAHUI, DISTRITO DE COYLLURQUI, PROVINCIA COTABAMBAS, DEPARTAMENTO APURIMAC";81729;PEN;26;Concurso Público Abreviado;services;Alta competencia
1201434;20147907487;GOBIERNO REGIONAL DEL CALLAO - DIRECCION DE SALUD I CALLAO;CALLAO;CALLAO;"ADQUISICION DE EQUIPO DE RAYOS X, EQUIPO DE RAYOS X Y EQUIPO ECOGRAFO; EN EL(LA) CENTRO DE SALUD VILLA LOS REYES EN EL CENTRO POBLADO VENTANILLA, DISTRITO DE VENTANILLA, PROVINCIA CONSTITUCIONAL DEL CALLAO, DEPARTAMENTO CALLAO";2605000;PEN;26;Licitación Pública;goods;Alta competencia
1197937;20368999726;GOBIERNO REGIONAL DE CAJAMARCA - GERENCIA SUB REGIONAL CHOTA;CAJAMARCA;CHOTA;MEJORAMIENTO DEL SERVICIO EDUCATIVO PRIMARIO  EN LA I.E.P N° 10460  LA PUCARA Y  LA I.E.P. N° 10449 CHUCMAR DEL DISTRITO DE TACABAMBA - PROVINCIA DE CHOTA - DEPARTAMENTO DE CAJAMARCA;860331.98;PEN;42;Concurso Público para Consultoría;services;Alta competencia
1209280;20206511053;MUNICIPALIDAD DISTRITAL DE SITABAMBA;LA LIBERTAD;SANTIAGO DE CHUCO;MEJORAMIENTO Y AMPLIACION DEL SERVICIO DE AGUA POTABLE RURAL Y CREACION DEL SERVICIO DE ALCANTARILLADO U OTRAS FORMAS DE DISPOSICIÓN SANITARIA DE EXCRETAS EN EL CASERIO CHAGAPAMPA   DISTRITO DE SITABAMBA DE LA PROVINCIA DE SANTIAGO DE CHUCO DEL DEPARTAMENTO DE LA LIBERTAD;3575063.77;PEN;16;Licitación Pública Abreviada;works;Mediana competencia
1199262;20142167744;MUNICIPALIDAD PROVINCIAL DE ICA;ICA;ICA;"CONSTRUCCION DE COBERTURA; REPARACION DE TRIBUNA Y/O PALCO, LOSA DEPORTIVA Y CERCO PERIMETRICO; ADEMÁS DE OTROS ACTIVOS EN EL(LA) LOSA DEPORTIVA SANTA ROSA DE LIMA, DEL AA.HH. SANTA ROSA DE LIMA  DISTRITO DE ICA, PROVINCIA ICA, DEPARTAMENTO ICA";1049334.54;PEN;27;Licitación Pública Abreviada;works;Alta competencia
1195861;20519610214;MUNICIPALIDAD DISTRITAL DE CORONEL GREGORIO ALBARRACIN LANCHIPA;TACNA;TACNA;MEJORAMIENTO DEL SERVICIOS DE ESPACIOS PÚBLICOS URBANOS EN EL PROGRAMA DE VIVIENDA CONO SUR II LAS AMERICAS MZ D` LOTE 1 - JUNTA VECINAL LAS AMERICAS I DEL   DISTRITO DE CORONEL GREGORIO ALBARRACIN LANCHIPA DE LA PROVINCIA DE TACNA DEL DEPARTAMENTO DE TACNA;3561698.11;PEN;16;Licitación Pública Abreviada;works;Mediana competencia
1199110;20146921427;MUNICIPALIDAD DISTRITAL DE INDEPENDENCIA - HUARAZ;ANCASH;HUARAZ;MEJORAMIENTO Y AMPLIACION DEL SERVICIO DE ALCANTARILLADO U OTRAS FORMAS DE DISPOSICIÓN SANITARIA DE EXCRETAS EN LOS SECTORES CULLANCO, CANCHAJIRCA, TORNAYOC, MISHIRUMI, SHILCUPAMPA Y ERAPAMPA DEL CASERÍO DE CHICNEY EN EL CENTRO POBLADO DE CHONTAYOC, ,    DISTRITO DE INDEPENDENCIA DE LA PROVINCIA DE HUARAZ DEL DEPARTAMENTO DE ANCASH;3491666.16;PEN;9;Licitación Pública Abreviada;works;Baja competencia
1196858;20140266575;GOBIERNO REGIONAL DE CUSCO - PROYECTO ESPECIAL PLAN MERISS INKA;CUSCO;CUSCO;INSTALACION Y MEJORAMIENTO DEL SERVICIO DE AGUA PARA RIEGO EN LA CUENCA DEL RÍO BERMEJO-COLORADO, DISTRITOS LIMATAMBO Y MOLLEPATA, PROVINCIA ANTA - CUSCO;201375;PEN;23;Concurso Público Abreviado;services;Alta competencia
1197045;20141602137;MUNICIPALIDAD DISTRITAL DE EL MILAGRO;AMAZONAS;UTCUBAMBA;CREACION DEL SERVICIO DE PRÁCTICA DEPORTIVA Y/O RECREATIVA EN EL CASERIO CAYALTI   DISTRITO DE EL MILAGRO DE LA PROVINCIA DE UTCUBAMBA DEL DEPARTAMENTO DE AMAZONAS;1399211.27;PEN;13;Licitación Pública Abreviada;works;Mediana competencia
1197932;20530688390;GOBIERNO REGIONAL DE LIMA SEDE CENTRAL;LIMA;HUAURA;CREACION DEL SERVICIO DE AGUA POTABLE RURAL Y CREACION DEL SERVICIO DE ALCANTARILLADO U OTRAS FORMAS DE DISPOSICIÓN SANITARIA DE EXCRETAS EN SISTEMA DE SANEAMIENTO RURAL  DE CENTRO POBLADO HUACHIPAMPA DISTRITO DE SAN LORENZO DE QUINTI DE LA PROVINCIA DE HUAROCHIRI DEL DEPARTAMENTO DE LIMA;991511.51;PEN;29;Licitación Pública Abreviada;works;Alta competencia
1196862;20221770871;MUNICIPALIDAD DISTRITAL DE SALLIQUE;CAJAMARCA;JAEN;MEJORAMIENTO Y AMPLIACION DEL SERVICIO DE AGUA POTABLE E INSTALACION DEL SANEAMIENTO BASICO EN LAS LOCALIDADES DE BUENOS AIRES, DOS DE MAYO, CATALA, MOCHICA, SANTA ROSA, HUAYOPAMPA, BUENA VISTA Y ANEXOS, DISTRITO DE SALLIQUE DE LA PROVINCIA DE JAEN DEL DEPARTAMENTO DE CAJAMARCA;1553826.65;PEN;36;Concurso Público para Consultoría;services;Alta competencia
1197739;20143660169;MUNICIPALIDAD DISTRITAL DE TOTOS;AYACUCHO;CANGALLO;MEJORAMIENTO DEL SERVICIO DE EDUCACIÓN INICIAL EN I.E. 326  DE CENTRO POBLADO TOTOS DISTRITO DE TOTOS DE LA PROVINCIA DE CANGALLO DEL DEPARTAMENTO DE AYACUCHO;199145.67;PEN;8;Concurso Público Abreviado;services;Baja competencia
1196488;20486021692;GOBIERNO REGIONAL DE JUNIN SEDE CENTRAL;JUNIN;HUANCAYO;"CONSTRUCCION DE COBERTURA, CERCO PERIMETRICO Y AMBIENTE COMPLEMENTARIO; ADQUISICION DE EQUIPAMIENTO DE AULA; ADEMÁS DE OTROS ACTIVOS EN EL(LA) I.E. JOSE CARLOS MARIATEGUI  DISTRITO DE LA OROYA, PROVINCIA YAULI, DEPARTAMENTO JUNIN";4151564.46;PEN;16;Licitación Pública Abreviada;works;Mediana competencia
1199670;20221770871;MUNICIPALIDAD DISTRITAL DE SALLIQUE;CAJAMARCA;JAEN;AMPLIACION, MEJORAMIENTO DEL SERVICIO DE AGUA PARA RIEGO CANAL LAS PALMERAS - HUAYOPAMPA, DISTRITO DE SALLIQUE - JAEN - CAJAMARCA;558797.29;PEN;22;Concurso Público para Consultoría;services;Alta competencia
1213486;20527760314;UNIVERSIDAD NACIONAL JOSE MARIA ARGUEDAS;APURIMAC;ANDAHUAYLAS;CREACIÓN DE LOS SERVICIOS DE LA RESIDENCIA UNIVERSITARIA DE LA UNAJMA - SAN JERONIMO - ANDAHUAYLAS;370000;PEN;22;Concurso Público Abreviado;services;Alta competencia
1199700;20230401820;MUNICIPALIDAD DISTRITAL DE HUANDO;HUANCAVELICA;HUANCAVELICA;MEJORAMIENTO DE LOS SERVICIOS OPERATIVOS O MISIONALES INSTITUCIONALES EN LA LOCALIDAD DE PUEBLO LIBRE   DISTRITO DE HUANDO DE LA PROVINCIA DE HUANCAVELICA DEL DEPARTAMENTO DE HUANCAVELICA;346799.05;PEN;4;Licitación Pública Abreviada;works;Baja competencia
1198307;20489250731;GOBIERNO REGIONAL DE HUANUCO SEDE CENTRAL;HUANUCO;HUANUCO;MEJORAMIENTO DE LA CAPACIDAD RESOLUTIVA DEL HOSPITAL DE TINGO MARIA;276530.19;PEN;18;Licitación Pública Abreviada;goods;Mediana competencia
1200560;20486020882;GOBIERNO REGIONAL DE HUANCAVELICA Sede Central;HUANCAVELICA;HUANCAVELICA;MEJORAMIENTO DEL SERVICIO DEPORTIVO EN EL CENTRO POBLADO DE HUANASPAMPA,  DISTRITO DE ACORIA - PROVINCIA DE HUANCAVELICA - DEPARTAMENTO DE HUANCAVELICA;81430.4;PEN;42;Concurso Público Abreviado;services;Alta competencia
1212025;20204863769;MUNICIPALIDAD DISTRITAL DE CHAVIN DE PARIARCA;HUANUCO;HUAMALIES;CREACION DE PISTA Y VEREDAS EN LA LOCALIDAD DE CHAVIN DE PARIARCA, DISTRITO DE CHAVIN DE PARIARCA - HUAMALIES - HUANUCO;409208.69;PEN;9;Concurso Público Abreviado;services;Baja competencia
1199186;20163866855;MUNICIPALIDAD DISTRITAL DE SALAS - LAMBAYEQUE;LAMBAYEQUE;LAMBAYEQUE;INSTALACION DEL SISTEMA DE AGUA POTABLE Y SANEAMIENTO BÁSICO EN 09 CASERIOS DE SALAS, DISTRITO DE SALAS - LAMBAYEQUE - LAMBAYEQUE;278374.4;PEN;17;Concurso Público Abreviado;services;Mediana competencia
1199286;20143623042;MUNICIPALIDAD PROVINCIAL DE CAJAMARCA;CAJAMARCA;CAJAMARCA;CREACION DEL SERVICIO DE MOVILIDAD URBANA EN EN LAS VIAS LOCALES DEL BARRIO NUEVO CAJAMARCA, LUIS ALBERTO SANCHEZ Y ASOCIACION DE VIVIENDA GUARDIA CIVIL I Y II   DISTRITO DE CAJAMARCA DE LA PROVINCIA DE CAJAMARCA DEL DEPARTAMENTO DE CAJAMARCA;3905530.09;PEN;34;Licitación Pública Abreviada;works;Alta competencia
1202022;20193046551;MUNICIPALIDAD PROVINCIAL DE HUARI;ANCASH;HUARI;MEJORAMIENTO Y AMPLIACION DEL SERVICIO DE AGUA POTABLE RURAL Y MEJORAMIENTO Y AMPLIACION DEL SERVICIO DE ALCANTARILLADO U OTRAS FORMAS DE DISPOSICIÓN SANITARIA DE EXCRETAS EN EL CENTRO POBLADO DE PARIAUCRO   DISTRITO DE HUARI DE LA PROVINCIA DE HUARI DEL DEPARTAMENTO DE ANCASH;3324969.08;PEN;16;Licitación Pública Abreviada;works;Mediana competencia
1199021;20147796715;MUNICIPALIDAD DISTRITAL DE ALTO DE LA ALIANZA;TACNA;TACNA;"RENOVACION DE CAMPO DEPORTIVO Y BARANDA; REPARACION DE CERCO PERIMETRICO Y SUMINISTRO DE ENERGIA ELECTRICA; ADEMÁS DE OTROS ACTIVOS EN EL(LA) CAMPO DEPORTIVO LOS DEFENSORES DEL  DISTRITO DE ALTO DE LA ALIANZA, PROVINCIA TACNA, DEPARTAMENTO TACNA";457532.5;PEN;18;Licitación Pública Abreviada;goods;Mediana competencia
1198583;20449347448;UNIVERSIDAD NACIONAL DE MOQUEGUA;MOQUEGUA;MARISCAL NIETO;MEJORAMIENTO DE LOS SERVICIOS ACADÉMICOS Y ADMINISTRATIVOS DE LA ESCUELA PROFESIONAL DE INGENIERÍA AGROINDUSTRIAL, SEDE MOQUEGUA, UNIVERSIDAD NACIONAL DE MOQUEGUA, DISTRITO DE MOQUEGUA, PROVINCIA DE MARISCAL NIETO, DEPARTAMENTO DE MOQUEGUA;193576.03;PEN;16;Licitación Pública Abreviada;goods;Mediana competencia
1196465;20444054400;GOBIERNO REGIONAL DE HUANCAVELICA-HOSPITAL DEPARTAMENTAL DE HUANCAVELICA;HUANCAVELICA;HUANCAVELICA;"ADQUISICION DE EQUIPO DE AFERESIS, CENTRIFUGA REFRIGERADA Y BALANZA ANALITICA (INS); CONSTRUCCION DE CENTRO DE HEMOTERAPIA Y BANCO DE SANGRE TIPO II; ADEMÁS DE OTROS ACTIVOS EN EL(LA) HOSPITAL DEPARTAMENTAL DE HUANCAVELICA BARRIO YANANACO DISTRITO DE HUANCAVELICA, PROVINCIA HUANCAVELICA, DEPARTAMENTO HUANCAVELICA";145000;PEN;38;Licitación Pública Abreviada;goods;Alta competencia
1197835;20317920025;MUNICIPALIDAD DISTRITAL DE MOLLEPATA - ANTA;CUSCO;ANTA;MEJORAMIENTO DEL SERVICIOS DE ESPACIOS PÚBLICOS URBANOS EN LA PLAZA DE ARMAS DEL   DISTRITO DE MOLLEPATA DE LA PROVINCIA DE ANTA DEL DEPARTAMENTO DE CUSCO;546726.65;PEN;18;Licitación Pública;goods;Mediana competencia
1192797;20527141762;GOBIERNO REGIONAL DE APURIMAC SEDE CENTRAL;APURIMAC;ABANCAY;MEJORAMIENTO DE LOS SERVICIOS DE SALUD DEL CENTRO DE SALUD DE COTARUSE,  DISTRITO DE COTARUSE - PROVINCIA DE AYMARAES - DEPARTAMENTO DE APURIMAC;346723.45;PEN;25;Licitación Pública Abreviada;goods;Alta competencia
1199889;20175639391;MUNICIPALIDAD PROVINCIAL DE TRUJILLO;LA LIBERTAD;TRUJILLO;"REPARACION DE PAVIMENTO, VEREDA, SARDINEL Y SEÑALIZACION HORIZONTAL; EN EL(LA) SERVICIO DE MOVILIDAD URBANA EN LA AV. MANUEL VERA ENRIQUEZ, DESDE LA AV. ESPAÑA HASTA  LA AV. TEODORO VALCARCEL,  DISTRITO DE TRUJILLO, PROVINCIA TRUJILLO, DEPARTAMENTO LA LIBERTAD,REPARACION DE PAVIMENTO, SARDINEL Y SEÑALIZACION HORIZONTAL; EN EL(LA) SERVICIO DE MOVILIDAD URBANA EN EL JR. SAN MARTÍN Y JR. INDEPENDENCIA ENTRE LOS LIMITES DE LA AV. ESPAÑA  DISTRITO DE TRUJILLO, PROVINCIA TRUJILLO, DEPARTAMENTO LA LIBERTAD,REPARACION DE PAVIMENTO, SARDINEL Y SEÑALIZACION HORIZONTAL; EN EL(LA) SERVICIO DE MOVILIDAD URBANA EN  LA AV. AMERICA SUR, DESDE EL OVALO LARCO HASTA LA AV. CÉSAR VALLEJO,  DISTRITO DE TRUJILLO, PROVINCIA TRUJILLO, DEPARTAMENTO LA LIBERTAD";24103315.7;PEN;24;Licitación Pública;works;Alta competencia
1193064;20198357660;MUNICIPALIDAD DISTRITAL DE PONTO;ANCASH;HUARI;"RENOVACION DE MURO DE CONTENCION; EN EL(LA) RESERVORIO DEL SISTEMA DE RIEGO GAGAHUAIN EN EL CENTRO POBLADO GAGAHUAIN, DISTRITO DE PONTO, PROVINCIA HUARI, DEPARTAMENTO ANCASH";664647.47;PEN;9;Licitación Pública Abreviada;works;Baja competencia
1192152;20406325815;GOBIERNO REGIONAL DE PUNO SEDE CENTRAL;PUNO;PUNO;MEJORAMIENTO Y AMPLIACION DEL SERVICIO DE EDUCACIÓN SUPERIOR TECNOLÓGICA  EN EL INSTITUTO DE EDUCACIÓN SUPERIOR TECNOLÓGICO PUBLICO ACORA DEL   DISTRITO DE ACORA DE LA PROVINCIA DE PUNO DEL DEPARTAMENTO DE PUNO;320090;PEN;8;Subasta Inversa Electrónica;goods;Baja competencia
1198605;20148364975;MUNICIPALIDAD DISTRITAL DE JOSE LEONARDO ORTIZ;LAMBAYEQUE;CHICLAYO;MEJORAMIENTO DEL SERVICIO DE EDUCACION PRIMARIA EN I.E. 10834 SANTA ANA   DISTRITO DE JOSE LEONARDO ORTIZ DE LA PROVINCIA DE CHICLAYO DEL DEPARTAMENTO DE LAMBAYEQUE;180000;PEN;16;Concurso Público Abreviado;services;Mediana competencia
1199705;20154440373;MUNICIPALIDAD PROVINCIAL DE CAÑETE - SAN VICENTE DE CAÑETE;LIMA;CAÑETE;"ADQUISICION DE SISTEMA DE VIDEO VIGILANCIA; EN EL(LA) LA MUNICIPALIDAD DISTRITAL DE NUEVO IMPERIAL  DISTRITO DE NUEVO IMPERIAL, PROVINCIA CAÑETE, DEPARTAMENTO LIMA";348810.34;PEN;16;Licitación Pública Abreviada;goods;Mediana competencia
1201065;20489250731;GOBIERNO REGIONAL DE HUANUCO SEDE CENTRAL;HUANUCO;HUANUCO;MEJORAMIENTO DE LA CAPACIDAD RESOLUTIVA DEL HOSPITAL DE TINGO MARIA;895324.54;PEN;29;Licitación Pública Abreviada;goods;Alta competencia
1201358;20220499767;MUNICIPALIDAD PROVINCIAL DE CHOTA;CAJAMARCA;CHOTA;MEJORAMIENTO Y AMPLIACION DEL SERVICIO DE ATENCIÓN DE SALUD BÁSICOS EN SARABAMBA   DISTRITO DE CHOTA DE LA PROVINCIA DE CHOTA DEL DEPARTAMENTO DE CAJAMARCA;760262.2;PEN;29;Concurso Público Abreviado;services;Alta competencia
1196467;20444054400;GOBIERNO REGIONAL DE HUANCAVELICA-HOSPITAL DEPARTAMENTAL DE HUANCAVELICA;HUANCAVELICA;HUANCAVELICA;"ADQUISICION DE EQUIPO DE AFERESIS, CENTRIFUGA REFRIGERADA Y BALANZA ANALITICA (INS); CONSTRUCCION DE CENTRO DE HEMOTERAPIA Y BANCO DE SANGRE TIPO II; ADEMÁS DE OTROS ACTIVOS EN EL(LA) HOSPITAL DEPARTAMENTAL DE HUANCAVELICA BARRIO YANANACO DISTRITO DE HUANCAVELICA, PROVINCIA HUANCAVELICA, DEPARTAMENTO HUANCAVELICA";153262.5;PEN;36;Licitación Pública Abreviada;goods;Alta competencia
1193683;20206179776;MUNICIPALIDAD DISTRITAL DE JANGAS;ANCASH;HUARAZ;CREACION DEL SERVICIO DE ALCANTARILLADO U OTRAS FORMAS DE DISPOSICIÓN SANITARIA DE EXCRETAS EN LA LOCALIDAD DE TARA DEL   DISTRITO DE JANGAS DE LA PROVINCIA DE HUARAZ DEL DEPARTAMENTO DE ANCASH;118558.14;PEN;8;Concurso Público Abreviado;services;Baja competencia
1198680;20484004421;GOBIERNO REGIONAL DE PIURA SEDE CENTRAL;PIURA;PIURA;MEJORAMIENTO DEL SERVICIO EDUCATIVO DEL NIVEL INICIAL DE LA I.E. N°1346 DEL ASENTAMIENTO HUMANO SAGRADO CORAZON DE JESUS DEL DISTRITO DE TAMBO GRANDE - PROVINCIA DE PIURA - DEPARTAMENTO DE PIURA;349437.35;PEN;37;Concurso Público Abreviado;services;Alta competencia
1199371;20131366966;MINISTERIO DEL INTERIOR - PNP UE 001 OGA;LIMA;LIMA;"ADQUISICION DE HARDWARE GENERAL; EN EL(LA) MINISTERIO DEL INTERIOR  - REPOSICIÓN DE 120 COMPONENTES DEL DATA CENTER  ENTRE SERVIDORES DE RED,  EQUIPOS TAPE/LIBRERY,  DE COMUNICACIONES,  DE ALMACENAMIENTO CENTRALIZADO,  DE SOLUCIÓN WIFI Y  LICENCIA DE SOFTWARE DE VIRTUALIZACIÓN Y CLUSTER . EN LA LOCALIDAD SAN ISIDRO, DISTRITO DE SAN ISIDRO, PROVINCIA LIMA, DEPARTAMENTO LIMA";256400;PEN;10;Licitación Pública Abreviada;goods;Mediana competencia
1198913;20143623042;MUNICIPALIDAD PROVINCIAL DE CAJAMARCA;CAJAMARCA;CAJAMARCA;CREACION DEL SERVICIO DE MOVILIDAD URBANA EN LAS VÍAS LOCALES\nSECTOR 06 CHONTAPACCHA EN EL CENTRO POBLADO DE CAJAMARCA  DISTRITO DE CAJAMARCA - PROVINCIA DE CAJAMARCA - DEPARTAMENTO DE CAJAMARCA;174838.7;PEN;20;Concurso Público Abreviado;services;Mediana competencia
1196193;20437274518;GOBIERNO REGIONAL DE LAMBAYEQUE - HOSPITAL REGIONAL DOCENTE LAS MERCEDES - CHICLAYO;LAMBAYEQUE;CHICLAYO;"ADQUISICION DE GRUPO ELECTROGENO, GRUPO ELECTROGENO Y CALDERO; REMODELACION DE CASA DE FUERZA; EN EL(LA) HOSPITAL REGIONAL DOCENTE LAS MERCEDES  DISTRITO DE CHICLAYO, PROVINCIA CHICLAYO, DEPARTAMENTO LAMBAYEQUE";792083.66;PEN;25;Licitación Pública;goods;Alta competencia
1201280;20147346434;MUNICIPALIDAD PROVINCIAL DE ESPINAR;CUSCO;ESPINAR;CREACION DEL SERVICIO DE MOVILIDAD URBANA EN LAS VÍAS LOCALES DE LAS CALLES DE LA ADV MOLLOPUCJIO EN EL CENTRO POBLADO DE YAURI  DISTRITO DE ESPINAR - PROVINCIA DE ESPINAR - DEPARTAMENTO DE CUSCO;112500;PEN;26;Concurso Público Abreviado;services;Alta competencia
1199605;20220549292;MUNICIPALIDAD DISTRITAL DE PAMPAMARCA - CANAS;CUSCO;CANAS;CREACION DEL SERVICIO DE PRÁCTICA DEPORTIVA Y/O RECREATIVA EN LA C.C. CCAPA PABELLONES   DISTRITO DE PAMPAMARCA DE LA PROVINCIA DE CANAS DEL DEPARTAMENTO DE CUSCO;338953.15;PEN;24;Licitación Pública Abreviada;goods;Alta competencia
1199784;20166604266;MUNICIPALIDAD DISTRITAL DE HUACHIS;ANCASH;HUARI;MEJORAMIENTO Y AMPLIACION DEL SERVICIO DE EDUCACIÓN SECUNDARIA EN LA I.E. JUAN VELASCO ALVARADO   DISTRITO DE HUACHIS DE LA PROVINCIA DE HUARI DEL DEPARTAMENTO DE ANCASH;136667;PEN;8;Concurso Público Abreviado;services;Baja competencia
1198158;20172618864;MUNICIPALIDAD DISTRITAL DE CASTILLA;PIURA;PIURA;MEJORAMIENTO DEL SERVICIO VIAL EN LAS CALLES LA INTEGRACIÓN  Y E EN EL PROGRAMA DE HABILITACIÓN URBANA PROGRESIVA FELIPE COSSÍO DEL POMAR, DISTRITO DE CASTILLA - PIURA - PIURA;2318145.07;PEN;26;Licitación Pública Abreviada;works;Alta competencia
1198074;20146921427;MUNICIPALIDAD DISTRITAL DE INDEPENDENCIA - HUARAZ;ANCASH;HUARAZ;MEJORAMIENTO DEL SERVICIO DE AGUA POTABLE URBANO Y AMPLIACION DEL SERVICIO DE ALCANTARILLADO EN EL PASAJE SALVIA DEL BARRIO DE ACOVICHAY,   DISTRITO DE INDEPENDENCIA DE LA PROVINCIA DE HUARAZ DEL DEPARTAMENTO DE ANCASH;551054.01;PEN;15;Licitación Pública Abreviada;works;Mediana competencia
1198660;20154441779;MUNICIPALIDAD PROVINCIAL DE ANGARAES - LIRCAY;HUANCAVELICA;ANGARAES;MEJORAMIENTO DE PISTAS Y VEREDAS DE LA AV. ESMERALDA (CA 9 Y 10), PROLONGACIÓN VÍA EVITAMIENTO, JR. LAS RETAMAS Y JR. S/N (ENTRE ESMERALDA Y PROLONGACIÓN VÍA EVITAMIENTO) DEL BARRIO VIRGEN DEL CARMEN,  DISTRITO DE LIRCAY - PROVINCIA DE ANGARAES - DEPARTAMENTO DE HUANCAVELICA;1152513;PEN;7;Licitación Pública Abreviada;works;Baja competencia
1199247;20199463129;MUNICIPALIDAD DISTRITAL DE PALCA - HUANCAVELICA;HUANCAVELICA;HUANCAVELICA;CREACION DEL SERVICIO DE GESTION COMUNAL EN LA LOCALIDAD DE TITANCA DEL DISTRITO DE PALCA - PROVINCIA DE HUANCAVELICA - DEPARTAMENTO DE HUANCAVELICA;252087.62;PEN;7;Licitación Pública Abreviada;works;Baja competencia
1201571;20531290306;MUNICIPALIDAD DISTRITAL DE BAJO BIAVO;SAN MARTIN;BELLAVISTA;MEJORAMIENTO DEL SERVICIO DE MOVILIDAD URBANA EN LAS PRINCIPALES CALLES DE LA LOCALIDAD DE NUEVO LIMA DEL DISTRITO DE BAJO BIAVO - PROVINCIA DE BELLAVISTA - DEPARTAMENTO DE SAN MARTIN;18764503.74;PEN;13;Licitación Pública;works;Mediana competencia
1197215;20198357660;MUNICIPALIDAD DISTRITAL DE PONTO;ANCASH;HUARI;MEJORAMIENTO DEL SERVICIO DE PROVISIÓN DE AGUA PARA RIEGO EN EL SECTOR DE POYOMONTE Y MUÑA POR RIEGO TECNIFICADO  DE CENTRO POBLADO POYOMONTE DISTRITO DE PONTO DE LA PROVINCIA DE HUARI DEL DEPARTAMENTO DE ANCASH;996305.1;PEN;13;Licitación Pública Abreviada;works;Mediana competencia
1201169;20519752515;GOBIERNO REGIONAL DE TACNA SEDE CENTRAL;TACNA;TACNA;MEJORAMIENTO DEL SERVICIO DE ALCANTARILLADO U OTRAS FORMAS DE DISPOSICIÓN SANITARIA DE EXCRETAS EN EL SISTEMA DE DESAGUE Y TRATAMIENTO DE AGUAS RESIDUALES PARA DISPOSICIÓN FINAL EN EL CENTRO POBLADO SANTA CRUZ DEL   DISTRITO DE CANDARAVE DE LA PROVINCIA DE CANDARAVE DEL DEPARTAMENTO DE TACNA;350024.49;PEN;8;Concurso Público Abreviado;services;Baja competencia
1198323;20154469941;MUNICIPALIDAD PROVINCIAL DE MARISCAL NIETO - MOQUEGUA;MOQUEGUA;MARISCAL NIETO;CREACION DEL SERVICIO DE PROTECCIÓN Y PREVENCIÓN DE RIESGOS DE LA CALLE 9 DE OCTUBRE DEL CTE-11 DE LA JUNTA VECINAL SAN FRANCISCO ZONA III, EN EL CENTRO POBLADO DE SAN FRANCISCO,  DISTRITO DE MOQUEGUA - PROVINCIA DE MARISCAL NIETO - DEPARTAMENTO DE MOQUEGUA;225000;PEN;8;Concurso Público Abreviado;services;Baja competencia
1198719;20489250731;GOBIERNO REGIONAL DE HUANUCO SEDE CENTRAL;HUANUCO;HUANUCO;MEJORAMIENTO DE LA CAPACIDAD RESOLUTIVA DEL HOSPITAL DE TINGO MARIA;166014.08;PEN;3;Licitación Pública Abreviada;goods;Baja competencia
1200014;20177662446;MUNICIPALIDAD PROVINCIAL DEL ALTO AMAZONAS - YURIMAGUAS;LORETO;ALTO AMAZONAS;"RENOVACION DE CAPTACION DE AGUA ; CONSTRUCCION DE LINEA DE IMPULSION, PLANTA DE TRATAMIENTO DE AGUA GRADO INYECTABLE (WFI) Y RESERVORIO; ADEMÁS DE OTROS ACTIVOS EN EL(LA) LOCALIDAD DE SANTA TERESA,  DISTRITO DE YURIMAGUAS, PROVINCIA ALTO AMAZONAS, DEPARTAMENTO LORETO";400161.54;PEN;5;Licitación Pública Abreviada;works;Baja competencia
1199293;20602259065;UNIDAD EJECUTORA MEJORAMIENTO DEL SISTEMA DE INFORMACION DE LA SUNAT - MSI;LIMA;LIMA;MEJORAMIENTO DE LOS SERVICIOS DE RECAUDACIÓN TRIBUTARIA Y ADUANERA A TRAVÉS DE LA TRANSFORMACIÓN DIGITAL;82500;PEN;1;Convenio;services;Baja competencia
1202038;20354264936;MUNICIPALIDAD DISTRITAL DE ONGON;LA LIBERTAD;PATAZ;"CONSTRUCCION DE PUENTE; EN EL(LA) CAMINO VECINAL SOBRE EL RIO PAGAYCHACA EN EL CENTRO POBLADO EL PORVENIR, DISTRITO DE ONGON, PROVINCIA PATAZ, DEPARTAMENTO LA LIBERTAD";340000;PEN;7;Concurso Público Abreviado;services;Baja competencia
1199009;20131372770;MUNICIPALIDAD DISTRITAL DE VILLA MARIA DEL TRIUNFO;LIMA;LIMA;CREACION DEL SERVICIO DE MOVILIDAD URBANA EN AVENIDA AMANCAES Y CALLES ADYACENTES DE LA ZONA CERCADO   DISTRITO DE VILLA MARIA DEL TRIUNFO DE LA PROVINCIA DE LIMA DEL DEPARTAMENTO DE LIMA,MEJORAMIENTO DE LA INFRAESTRUCTURA VIAL DEL JIRON FRANCISCO DE ZELA DE LA ZONA 5 - TABLADA DE LURIN VILLA MARIA DEL TRIUNFO DEL DISTRITO DE VILLA MARIA DEL TRIUNFO - PROVINCIA DE LIMA - DEPARTAMENTO DE LIMA;106129.6;PEN;34;Licitación Pública Abreviada;goods;Alta competencia
1212463;20163795494;MUNICIPALIDAD DISTRITAL DE VEGUETA;LIMA;HUAURA;"REMODELACION DE CAMPO DEPORTIVO; EN EL(LA) EL CENTRO POBLADO LA FLORIDA  DISTRITO DE VEGUETA, PROVINCIA HUAURA, DEPARTAMENTO LIMA";704337.24;PEN;24;Licitación Pública Abreviada;works;Alta competencia
1198068;20282911915;MUNICIPALIDAD DISTRITAL DE NUEVO CHIMBOTE;ANCASH;SANTA;CREACION DE LOS SERVICIOS PUBLICOS DE INTEGRACION ECONOMICA Y SOCIAL EN LA MZ. 89 LOTE 2 (PLAZA CIVICA) DEL PV. DEL H.U.P. NICOLAS GARATEA DEL DISTRITO DE NUEVO CHIMBOTE DE LA PROVINCIA DE SANTA DEL DEPARTAMENTO DE ANCASH;7379851.63;PEN;14;Licitación Pública;works;Mediana competencia
1199017;20486987864;GOBIERNO REGIONAL DE HUANCAVELICA GERENCIA SUB REGIONAL DE CASTROVIRREYNA;HUANCAVELICA;CASTROVIRREYNA;MEJORAMIENTO DE LA INSTITUCION EDUCATIVA SECUNDARIA DE MENORES SAN MIGUEL DE VILLA DE ARMA, DISTRITO DE ARMA, PROVINCIA DE CASTROVIRREYNA - HUANCAVELICA;3599176.62;PEN;25;Licitación Pública Abreviada;works;Alta competencia
1197345;20406325815;GOBIERNO REGIONAL DE PUNO SEDE CENTRAL;PUNO;PUNO;MEJORAMIENTO DE LOS SERVICIOS DE EDUCACIÓN SUPERIOR DEL INSTITUTO SUPERIOR TECNOLÓGICO PUBLICA DE CABANILLAS DEL  DISTRITO DE CABANILLAS - PROVINCIA DE SAN ROMAN - DEPARTAMENTO DE PUNO;75900;PEN;52;Licitación Pública Abreviada;goods;Alta competencia
1195795;20147567449;MUNICIPALIDAD PROVINCIAL DE URUBAMBA;CUSCO;URUBAMBA;MEJORAMIENTO Y AMPLIACION DEL ESTADIO MUNICIPAL DE NOGALPAMPA DEL DISTRITO DE URUBAMBA, PROVINCIA DE URUBAMBA - CUSCO;157500;PEN;18;Licitación Pública Abreviada;goods;Mediana competencia
1199200;20486021692;GOBIERNO REGIONAL DE JUNIN SEDE CENTRAL;JUNIN;HUANCAYO;MEJORAMIENTO DEL SERVICIO DE EDUCACIÓN INICIAL, SERVICIO DE EDUCACION PRIMARIA Y SERVICIO DE EDUCACIÓN SECUNDARIA EN I.E. VICTOR RAUL HAYA DE LA TORRE   DISTRITO DE PERENE DE LA PROVINCIA DE CHANCHAMAYO DEL DEPARTAMENTO DE JUNIN;8996809.36;PEN;12;Licitación Pública Abreviada;works;Mediana competencia
1199748;20530688390;GOBIERNO REGIONAL DE LIMA SEDE CENTRAL;LIMA;HUAURA;"MEJORAMIENTO DEL SERVICIO DE TRANSITABILIDAD DE LA CARRETERA DEPARTAMENTAL LM-104, EMP. PE-16A (PTE. PAMPLONA) - CHINGOS - AGUA BLANCA - DV. MANAS - DV. HUACAPON - GORGOR- COCHAS - PTE. RUMICHACA - EMP. PE-16A (PACOMAYO); EN LOS DISTRITOS DE MANAS, GORGOR Y HUANCAPON DE LA  PROVINCIA DE CAJATAMBO - DEPARTAMENTO DE LIMA";710071.86;PEN;41;Concurso Público para Consultoría;services;Alta competencia
1201061;20163065330;MUNICIPALIDAD PROVINCIAL DE SANTA - CHIMBOTE;ANCASH;SANTA;MEJORAMIENTO DEL SERVICIO DE PRÁCTICA DEPORTIVA Y/O RECREATIVA EN COMPLEJO DEPORTIVO DEFENSORES DE LA JUVENTUD EN EL A.H. VILLA ESPAÑA MZ J1 LOTE 01   DISTRITO DE CHIMBOTE DE LA PROVINCIA DE SANTA DEL DEPARTAMENTO DE ANCASH;224523.86;PEN;11;Concurso Público Abreviado;services;Mediana competencia
1197168;20198357660;MUNICIPALIDAD DISTRITAL DE PONTO;ANCASH;HUARI;CREACION DEL SERVICIO DE PROVISIÓN DE AGUA PARA RIEGO EN EL SISTEMA DE ALMACENAMIENTO DE AGUA EN EL SECTOR DE TAYA UCRO EN LA LOCALIDAD DE RAMBRAN  DE CENTRO POBLADO SAN MIGUEL DISTRITO DE PONTO DE LA PROVINCIA DE HUARI DEL DEPARTAMENTO DE ANCASH;1633825.53;PEN;11;Licitación Pública Abreviada;works;Mediana competencia
1195267;20119147051;ENTIDAD PRESTADORA DE SERVICIO DE SANEAMIENTO CHAVIN S.A.;ANCASH;HUARAZ;"RENOVACION DE RED PRIMARIA; EN EL(LA) RAHBILITACION  DE REDES COLECTORAS  DE ALCANTARILLADO SANITARIO EN EL LADO OESTE DE LA URB. HUARUPAMPA, DESDE LA AV. PEDRO VILLÓN HASTA EL PUENTE BOLÍVAR, DE LA CIUDAD DE HUARAZ,  DISTRITO DE HUARAZ, PROVINCIA HUARAZ, DEPARTAMENTO ANCASH";74959;PEN;12;Concurso Público Abreviado;services;Mediana competencia
1202024;20168007168;MUNICIPALIDAD PROVINCIAL DE CHACHAPOYAS;AMAZONAS;CHACHAPOYAS;MEJORAMIENTO DEL SERVICIO DE MOVILIDAD URBANA EN 4 UNIDADES PRODUCTORAS   DISTRITO DE CHACHAPOYAS DE LA PROVINCIA DE CHACHAPOYAS DEL DEPARTAMENTO DE AMAZONAS;170148.6;PEN;8;Subasta Inversa Electrónica;goods;Baja competencia
1196230;20221150733;MUNICIPALIDAD DISTRITAL DE YARABAMBA;AREQUIPA;AREQUIPA;MEJORAMIENTO DE LOS SERVICIOS OPERATIVOS MISIONALES INSTITUCIONALES EN LIMPIEZA PÚBLICA DE LA MUNICIPALIDAD DISTRITAL DE YARABAMBA -  DISTRITO DE YARABAMBA - PROVINCIA DE AREQUIPA - DEPARTAMENTO DE AREQUIPA;58500;PEN;11;Concurso Público Abreviado;services;Mediana competencia
1194996;20272619574;MUNICIPALIDAD DISTRITAL DE CAYARANI;AREQUIPA;CONDESUYOS;MEJORAMIENTO DEL SERVICIO DE PROVISIÓN DE AGUA PARA RIEGO EN EL SECTOR CCOCHAPATA DE LA COMUNIDAD DE CHALLA,   DISTRITO DE CAYARANI DE LA PROVINCIA DE CONDESUYOS DEL DEPARTAMENTO DE AREQUIPA;2656293.42;PEN;15;Licitación Pública Abreviada;works;Mediana competencia
1192727;20167987207;MUNICIPALIDAD DISTRITAL DE SAUCE;SAN MARTIN;SAN MARTIN;"MEJORAMIENTO DE LA INFRAESTRUCTURA VIAL URBANA DEL JR. SAN MARTIN CUADRAS: 01, 02, 03, 04, 05, 06, 07, 10, 11, 12, 13; 15, 16, 17, DE LA LOCALIDAD DE SAUCE DEL DISTRITO DE SAUCE - PROVINCIA DE SAN MARTIN - DEPARTAMENTO DE SAN MARTIN";8181932.53;PEN;10;Licitación Pública;works;Mediana competencia
1199472;20527143200;GOBIERNO REGIONAL DE MADRE DE DIOS SEDE CENTRAL;MADRE DE DIOS;TAMBOPATA;MEJORAMIENTO Y AMPLIACION DEL SERVICIO EDUCATIVO DEL NIVEL PRIMARIA Y SECUNDARIA DE LA I.E. N° 52042 SANTA RITA BAJA DEL DISTRITO DE INAMBARI - PROVINCIA DE TAMBOPATA - DEPARTAMENTO DE MADRE DE DIOS;104533.33;PEN;10;Concurso Público Abreviado;services;Mediana competencia
1192716;20222304921;MUNICIPALIDAD DISTRITAL DE HUALLANCA - BOLOGNESI;ANCASH;BOLOGNESI;"CONSTRUCCION DE COBERTURA; EN EL(LA) I.E. JOSE CARLOS MARIATEGUI  DISTRITO DE HUALLANCA, PROVINCIA BOLOGNESI, DEPARTAMENTO ANCASH";819773.94;PEN;13;Licitación Pública Abreviada;works;Mediana competencia
1194797;20201842647;MUNICIPALIDAD DISTRITAL DE SAN JOSE DE LOURDES;CAJAMARCA;SAN IGNACIO;AMPLIACION DEL SERVICIO DE MOVILIDAD URBANA EN VIAS LOCALES EN EL CENTRO POBLADO SAN JOSE DE LOURDES   DISTRITO DE SAN JOSE DE LOURDES DE LA PROVINCIA DE SAN IGNACIO DEL DEPARTAMENTO DE CAJAMARCA;5673569.38;PEN;13;Licitación Pública;works;Mediana competencia
1200571;20494642078;GOBIERNO REGIONAL DE AYACUCHO - PROGRAMA REGIONAL DE IRRIGACION Y DESARROLLO RURAL INTEGRADO;AYACUCHO;HUAMANGA;MEJORAMIENTO Y AMPLIACION EL SERVICIO DE AGUA PARA RIEGO EN LA ZONA DE ESMERALDA ALTA, DEL DISTRITO DE LURICOCHA Y  DISTRITO DE HUANTA - PROVINCIA DE HUANTA - DEPARTAMENTO DE AYACUCHO;162900;PEN;8;Concurso Público Abreviado;services;Baja competencia
1193850;20142167744;MUNICIPALIDAD PROVINCIAL DE ICA;ICA;ICA;"ADQUISICION DE MOBILIARIO DE AULA DE EDUCACION PRIMARIA; EN EL(LA) I.E. 23009  DISTRITO DE ICA, PROVINCIA ICA, DEPARTAMENTO ICA";156750;PEN;30;Licitación Pública Abreviada;goods;Alta competencia
1194271;20159515240;MUNICIPALIDAD DISTRITAL DE CERRO COLORADO;AREQUIPA;AREQUIPA;CREACION DEL SERVICIO EDUCATIVO EN LA I.E.I. JORGE CHAVEZ DE LA ASOCIACION DE VIVIENDA JORGE CHAVEZ, DISTRITO DE CERRO COLORADO - AREQUIPA - AREQUIPA;224066.13;PEN;32;Concurso Público Abreviado;services;Alta competencia
1197753;20207753191;MUNICIPALIDAD DISTRITAL DE LA MERCED - AIJA;ANCASH;AIJA;MEJORAMIENTO Y AMPLIACION DEL SERVICIO DE PROVISIÓN DE AGUA PARA RIEGO EN EL SISTEMA DE RIEGO EN LOS SECTORES DE SANTA CRUZ DE RUREK, MALLACAYAN, SAN IDELFONSO DE CACHOC, DOS DE MAYO, LA MERCED, ILLAHUAIN Y LA TRINIDAD   DISTRITO DE LA MERCED DE LA PROVINCIA DE AIJA DEL DEPARTAMENTO DE ANCASH;343645.5;PEN;14;Concurso Público Abreviado;services;Mediana competencia
1200836;20131023414;MINISTERIO DE TRABAJO Y PROMOCION DEL EMPLEO;LIMA;LIMA;"ADQUISICION DE ESTACIONES DE TRABAJO (PCS, WORKSTATION), SWITCH, IMPRESORA Y ACCESS POINT; EN EL(LA) OFICINA DE TECNOLOGÍAS DE LA INFORMACIÓN Y COMUNICACIONES EN LA LOCALIDAD JESUS MARIA, DISTRITO DE JESUS MARIA, PROVINCIA LIMA, DEPARTAMENTO LIMA";391414.57;PEN;33;Licitación Pública Abreviada;goods;Alta competencia
1200885;20131378620;MUNICIPALIDAD DISTRITAL DE ATE - VITARTE;LIMA;LIMA;"CONSTRUCCION DE VEREDA; EN EL(LA) PASAJE SN, TRAMO ENTRE LA AV. CENTRAL Y AV. 28 DE JULIO, SECTOR 25 SANTA CLARA, ZONA 5, DISTRITO DE ATE, PROVINCIA LIMA, DEPARTAMENTO LIMA";278738.94;PEN;21;Licitación Pública Abreviada;works;Alta competencia
1194998;20170997361;MUNICIPALIDAD DISTRITAL DE HUASTA;ANCASH;BOLOGNESI;"CONSTRUCCION DE COBERTURA DE INSTALACIONES DEPORTIVAS Y LUMINARIA; REMODELACION DE CAMPO DEPORTIVO Y SERVICIOS HIGIENICOS Y/O VESTIDORES; ADEMÁS DE OTROS ACTIVOS EN EL(LA) CANCHA DEPORTIVA DEL CENTRO POBLADO DE PAMPAN  DISTRITO DE HUASTA, PROVINCIA BOLOGNESI, DEPARTAMENTO ANCASH";125992.09;PEN;28;Licitación Pública Abreviada;goods;Alta competencia
1193698;20438491318;GOBIERNO REGIONAL DE AMAZONAS - GERENCIA SUB REGIONAL CONDORCANQUI;AMAZONAS;CONDORCANQUI;"CONSTRUCCION DE LOSA DEPORTIVA Y GRADERIAS; EN EL(LA) CP. MIRAFLORES EN LA LOCALIDAD MIRAFLORES, DISTRITO DE NIEVA, PROVINCIA CONDORCANQUI, DEPARTAMENTO AMAZONAS";231675.24;PEN;7;Licitación Pública Abreviada;works;Baja competencia
1195036;20163065330;MUNICIPALIDAD PROVINCIAL DE SANTA - CHIMBOTE;ANCASH;SANTA;MEJORAMIENTO DE LOS SERVICIOS DE TRANSITABILIDAD PEATONAL Y VEHICULAR EN LA AV. ENRIQUE MEIGGS TRAMO AV. JOSE GALVEZ HASTA AV. BREA Y PARIÑAS EN EL  DISTRITO DE CHIMBOTE - PROVINCIA DE SANTA - DEPARTAMENTO DE ANCASH;12898270.56;PEN;39;Licitación Pública;works;Alta competencia
1194757;20159308961;MUNICIPALIDAD DISTRITAL DE SAN SEBASTIAN;CUSCO;CUSCO;MEJORAMIENTO DEL SERVICIO DE MOVILIDAD URBANA EN LA APV MIRADOR SANTA ROSA   DISTRITO DE SAN SEBASTIAN DE LA PROVINCIA DE CUSCO DEL DEPARTAMENTO DE CUSCO;101700;PEN;14;Subasta Inversa Electrónica;goods;Mediana competencia
1196734;20131376767;MUNICIPALIDAD DISTRITAL DE LURIN;LIMA;LIMA;CREACION DEL SERVICIO DE LIMPIEZA PÚBLICA EN LA GERENCIA DE SERVICIOS A LA CIUDAD Y GESTIÓN AMBIENTAL MEDIANTE LA ADQUISICIÓN DE VEHÍCULOS DE RECOLECCIÓN Y TRANSPORTE DE RESIDUOS SÓLIDOS,   DISTRITO DE LURIN DE LA PROVINCIA DE LIMA DEL DEPARTAMENTO DE LIMA;5671750;PEN;6;Licitación Pública;goods;Baja competencia
1193216;20438491318;GOBIERNO REGIONAL DE AMAZONAS - GERENCIA SUB REGIONAL CONDORCANQUI;AMAZONAS;CONDORCANQUI;"CONSTRUCCION DE COBERTURA; EN EL(LA) LOSA DEPORTIVA EN EL CENTRO POBLADO URAKUSA, DISTRITO DE NIEVA, PROVINCIA CONDORCANQUI, DEPARTAMENTO AMAZONAS";530963.59;PEN;9;Licitación Pública Abreviada;works;Baja competencia
1196608;20477936882;PROGRAMA DE DESARROLLO PRODUCTIVO AGRARIO RURAL - AGRO RURAL;LIMA;LIMA;MEJORAMIENTO DEL SERVICIO DE APOYO AL DESARROLLO PRODUCTIVO EN LA CRIANZA DE ANIMALES MENORES (AVES DE CORRAL, OVINOS, CERDOS), TUBERCULOS Y GRANOS EN 32 SECTORES EN LOS DISTRITOS DE IBERIA, IÑAPARI Y TAHUAMANU DE LA  PROVINCIA DE TAHUAMANU - DEPARTAMENTO DE MADRE DE DIOS;710250;PEN;41;Concurso Público de Servicios;services;Alta competencia
1196609;20148364975;MUNICIPALIDAD DISTRITAL DE JOSE LEONARDO ORTIZ;LAMBAYEQUE;CHICLAYO;MEJORAMIENTO DEL SERVICIO DE AGUA POTABLE URBANO Y MEJORAMIENTO DEL SERVICIO DE ALCANTARILLADO EN EN EL SECTOR 11 COMPRENDIDO CA. JORGE CHAVEZ, AV. MEXICO, AV. AGRICULTURA   DISTRITO DE JOSE LEONARDO ORTIZ DE LA PROVINCIA DE CHICLAYO DEL DEPARTAMENTO DE LAMBAYEQUE;110000;PEN;15;Concurso Público Abreviado;services;Mediana competencia
1195595;20486021692;GOBIERNO REGIONAL DE JUNIN SEDE CENTRAL;JUNIN;HUANCAYO;MEJORAMIENTO DEL SERVICIO DE EDUCACIÓN PRIMARIA EN LA I.E. N 31813, DEL CENTRO POBLADO DE YARONI, DISTRITO DE PICHANAQUI, PROVINCIA DE CHANCHAMAYO, REGIÓN JUNIN;288784.08;PEN;13;Concurso Público Abreviado;services;Mediana competencia
1194800;20163065330;MUNICIPALIDAD PROVINCIAL DE SANTA - CHIMBOTE;ANCASH;SANTA;MEJORAMIENTO DE LOS SERVICIOS DE TRANSITABILIDAD PEATONAL Y VEHICULAR EN LA AV. ENRIQUE MEIGGS TRAMO AV. JOSE GALVEZ HASTA AV. BREA Y PARIÑAS EN EL  DISTRITO DE CHIMBOTE - PROVINCIA DE SANTA - DEPARTAMENTO DE ANCASH;644913.53;PEN;44;Concurso Público para Consultoría;services;Alta competencia
1200633;20185898343;GOBIERNO REGIONAL DE APURIMAC-CHANKA;APURIMAC;ABANCAY;MEJORAMIENTO DE LOS SERVICIOS DE GESTIÓN DE LA GERENCIA SUB REGIONAL CHANKA ANDAHUAYLAS, PROVINCIA DE ANDAHUAYLAS, REGIÓN APURÍMAC;455386;PEN;30;Concurso Público Abreviado;services;Alta competencia
1201472;20406325815;GOBIERNO REGIONAL DE PUNO SEDE CENTRAL;PUNO;PUNO;MEJORAMIENTO SERVICIO INTEGRAL DE LA INSTITUCION EDUCATIVA SECUNDARIA INDUSTRIAL PERU BIRF  DISTRITO DE SAN MIGUEL - PROVINCIA DE SAN ROMAN - DEPARTAMENTO DE PUNO;789823.35;PEN;16;Licitación Pública Abreviada;goods;Mediana competencia
1192874;20167246029;MUNICIPALIDAD DISTRITAL LA JOYA;AREQUIPA;AREQUIPA;CREACION DEL SERVICIO DE PRÁCTICA DEPORTIVA Y/O RECREATIVA EN L LOTE 09 MANZANA T ZONA A DEL ASENTAMIENTO HUMANO ASOCIACION PROVIVIENDA MIRADOR LA VICTORIA,   DISTRITO DE LA JOYA DE LA PROVINCIA DE AREQUIPA DEL DEPARTAMENTO DE AREQUIPA;100000;PEN;13;Licitación Pública Abreviada;goods;Mediana competencia
1192494;20131376848;MUNICIPALIDAD DISTRITAL DE MAGDALENA DEL MAR;LIMA;LIMA;RECUPERACION DEL SERVICIO DE MOVILIDAD URBANA EN EL JR SAENZ PEÑA   DISTRITO DE MAGDALENA DEL MAR DE LA PROVINCIA DE LIMA DEL DEPARTAMENTO DE LIMA;333534.81;PEN;24;Licitación Pública Abreviada;works;Alta competencia
1197505;20140266575;GOBIERNO REGIONAL DE CUSCO - PROYECTO ESPECIAL PLAN MERISS INKA;CUSCO;CUSCO;MEJORAMIENTO DE LA INFRAESTRUCTURA DE RIEGO MAYOR PALLALLAJE EN LAS COMUNIDADES CAMPESINAS DE URINSAYA Y QUEROCCOLLANA, DISTRITO COPORAQUE, PROVINCIA ESPINAR;5667399.85;PEN;9;Licitación Pública;goods;Baja competencia
1210092;20177217043;MUNICIPALIDAD PROVINCIAL DEL CUSCO;CUSCO;CUSCO;MEJORAMIENTO DEL SERVICIO DE PRÁCTICA DEPORTIVA Y/O RECREATIVA EN EL ESPACIO DEPORTIVO DE LA APV PRIMERO DE MAYO DEL   DISTRITO DE CUSCO DE LA PROVINCIA DE CUSCO DEL DEPARTAMENTO DE CUSCO;142516;PEN;25;Licitación Pública Abreviada;goods;Alta competencia
1195898;20484004421;GOBIERNO REGIONAL DE PIURA SEDE CENTRAL;PIURA;PIURA;MEJORAMIENTO DEL SERVICIO DE MOVILIDAD URBANA EN PUENTE PEATONAL MODULAR EN LA INTERSECCIÓN DE AV. SÁNCHEZ CERRO Y MARTIREZ DE UCHURACAY (EX COUNTRY)   DISTRITO DE PIURA DE LA PROVINCIA DE PIURA DEL DEPARTAMENTO DE PIURA;363778.58;PEN;32;Concurso Público Abreviado;services;Alta competencia
1199613;20199368053;MUNICIPALIDAD DISTRITAL DE RIO TAMBO;JUNIN;SATIPO;MEJORAMIENTO DEL SERVICIO DE AGUA POTABLE Y  CREACIÓN DEL SERVICIO DE DISPOSICION SANITARIA DE EXCRETAS EN LA COMUNIDAD NATIVA VISTA ALEGRE DEL DISTRITO DE RIO TAMBO - PROVINCIA DE SATIPO - DEPARTAMENTO DE JUNIN;1864134.95;PEN;9;Licitación Pública Abreviada;works;Baja competencia
1196013;20158863074;MUNICIPALIDAD DISTRITAL DE SANTO DOMINGO;PIURA;MORROPON;MEJORAMIENTO DEL SERVICIO DE PROVISIÓN DE AGUA PARA RIEGO EN CANAL CHINCHINAL  DE CENTRO POBLADO CHUNGAYO DISTRITO DE SANTO DOMINGO DE LA PROVINCIA DE MORROPON DEL DEPARTAMENTO DE PIURA;9378686.52;PEN;16;Licitación Pública;works;Mediana competencia
1198107;20530688390;GOBIERNO REGIONAL DE LIMA SEDE CENTRAL;LIMA;HUAURA;"MEJORAMIENTO DEL SERVICIO DE TRANSITABILIDAD DE LA CARRETERA DEPARTAMENTAL LM-104, EMP. PE-16A (PTE. PAMPLONA) - CHINGOS - AGUA BLANCA - DV. MANAS - DV. HUACAPON - GORGOR- COCHAS - PTE. RUMICHACA - EMP. PE-16A (PACOMAYO); EN LOS DISTRITOS DE MANAS, GORGOR Y HUANCAPON DE LA  PROVINCIA DE CAJATAMBO - DEPARTAMENTO DE LIMA";17751796.49;PEN;36;Licitación Pública;works;Alta competencia
1198705;20479393568;UNIVERSIDAD NACIONAL TORIBIO RODRIGUEZ DE MENDOZA DE AMAZONAS;AMAZONAS;CHACHAPOYAS;"MEJORAMIENTO DEL SERVICIO DE PROMOCIÓN DE LA CIENCIA, TECNOLOGÍA E INNOVACIÓN TECNOLÓGICA EN CENTRO DE INVESTIGACIÓN EN TERAPIA FÍSICA, REHABILITACIÓN Y RADIOLOGÍA ""CITEFRA"" DE LA UNTRM -   DISTRITO DE CHACHAPOYAS DE LA PROVINCIA DE CHACHAPOYAS DEL DEPARTAMENTO DE AMAZONAS";18975100.42;PEN;14;Licitación Pública;works;Mediana competencia
1199644;20406325815;GOBIERNO REGIONAL DE PUNO SEDE CENTRAL;PUNO;PUNO;MEJORAMIENTO Y AMPLIACION DEL SERVICIOS DE EDUCACION BASICA EN EL NIVEL PRIMARIO DE LA IEP Nº 72169 TAMBILLO, IEP Nº 72175 TAYACCUCHO, IEP Nº 72188 QUETY, IEP Nº 72642 MALLCUAPO, IEP Nº 72749 CALASUCA DEL DISTRITO DE ITUATA - PROVINCIA DE CARABAYA - DEPARTAMENTO DE PUNO  DISTRITO DE ITUATA - PROVINCIA DE CARABAYA - DEPARTAMENTO DE PUNO;103753.2;PEN;11;Licitación Pública Abreviada;goods;Mediana competencia
1197769;20171895147;MUNICIPALIDAD DISTRITAL DE ILABAYA;TACNA;JORGE BASADRE;CREACION DE LOS SERVICIOS DE PROTECCIÓN EN LA RIBERA DE LAS QUEBRADAS VULNERABLES ANTE EL PELIGRO EN MOVIMIENTOS EN MASA EN LA QUEBRADA AHORCADO EN EL SECTOR PAMPA MESA GRANDE DEL CENTRO POBLADO MIRAVE   DISTRITO DE ILABAYA DE LA PROVINCIA DE JORGE BASADRE DEL DEPARTAMENTO DE TACNA;581360;PEN;25;Licitación Pública;goods;Alta competencia
1192183;20159308961;MUNICIPALIDAD DISTRITAL DE SAN SEBASTIAN;CUSCO;CUSCO;CONSTRUCCION DEL COMPLEJO RECREACIONAL TEMATICO EN LA APV CACHIMAYO-LA PLANICIE, DISTRITO DE SAN SEBASTIAN - CUSCO - CUSCO;759000;PEN;7;Subasta Inversa Electrónica;goods;Baja competencia
1196704;20519752515;GOBIERNO REGIONAL DE TACNA SEDE CENTRAL;TACNA;TACNA;MEJORAMIENTO DEL SERVICIO EDUCATIVO EN LA INSTITUCION EDUCATIVA INICIAL  N 471 - BELLAVISTA, DISTRITO TACNA, PROVINCIA TACNA - TACNA;366725;PEN;8;Subasta Inversa Electrónica;goods;Baja competencia
1195104;20148421103;MUNICIPALIDAD PROVINCIAL DE PISCO;ICA;PISCO;MEJORAMIENTO DEL SERVICIO DE TRANSITABILIDAD VIAL INTERURBANA EN LA VIA VECINAL IC-574, EN LOS CC.PP NUÑEZ Y LEON, MONTE FUERTE, SAN CARLOS, CUCHILLA NUEVA, SAN PABLO LOTE 4, EL HUARANGAL, CUCHILLA VIEJA, EL PILAR, SAN TADEO, DISTRITO TUPAC AMARU INCA   DISTRITO DE HUMAY DE LA PROVINCIA DE PISCO DEL DEPARTAMENTO DE ICA;459999.99;PEN;17;Concurso Público Abreviado;services;Mediana competencia
1193197;20527141762;GOBIERNO REGIONAL DE APURIMAC SEDE CENTRAL;APURIMAC;ABANCAY;MEJORAMIENTO Y AMPLIACION DEL SERVICIO DE AGUA DE RIEGO EN LAS COMUNIDADES DE CHULLCUISA, SANTA ROSA, CUPISA, CHAMPACCOCHA, ANCATIRA, CHOCCECANCHA Y ARGAMA ALTA, DISTRITOS DE SAN JERONIMO Y PACUCHA, PROVINCIA DE ANDAHUAYLAS - APURIMAC;380000;PEN;30;Concurso Público Abreviado;services;Alta competencia
1192168;20147705850;MUNICIPALIDAD PROVINCIAL DE NAZCA;ICA;NAZCA;MEJORAMIENTO DEL SERVICIO DE EDUCACIÓN INICIAL EN I.E. 275 EDELMIRA RAMOS HERENCIA  DE CENTRO POBLADO CAJUCA DISTRITO DE NASCA DE LA PROVINCIA DE NASCA DEL DEPARTAMENTO DE ICA;654791.42;PEN;18;Licitación Pública Abreviada;works;Mediana competencia
1199197;20406325815;GOBIERNO REGIONAL DE PUNO SEDE CENTRAL;PUNO;PUNO;MEJORAMIENTO DEL SERVICIO DE TRANSITABILIDAD VIAL INTERURBANA EN EL CAMINO VECINAL DEL KM=0+000 (DESVIO PUENTE OCRA CHUPA)  AL KM= 6+373 (C.P. PEDRO VILCAPAZA DE MORORCCO),   DISTRITO DE MUÑANI DE LA PROVINCIA DE AZANGARO DEL DEPARTAMENTO DE PUNO;142569;PEN;25;Concurso Público Abreviado;services;Alta competencia
1196856;20192146641;MUNICIPALIDAD PROVINCIAL DE YUNGUYO;PUNO;YUNGUYO;MEJORAMIENTO DE LOS SERVICIOS OPERATIVOS O MISIONALES INSTITUCIONALES EN PALACIO MUNICIPAL DEL CENTRO POBLADO PUERTO TAPOJE   DISTRITO DE YUNGUYO DE LA PROVINCIA DE YUNGUYO DEL DEPARTAMENTO DE PUNO;640543.68;PEN;19;Licitación Pública Abreviada;works;Mediana competencia
1201967;20174950971;UNIVERSIDAD NACIONAL DE EDUCACION ENRIQUE GUZMAN Y VALLE;LIMA;LIMA;MEJORAMIENTO DEL SERVICIO DE GESTIÓN INSTITUCIONAL EN EDUCACIÓN SUPERIOR UNIVERSITARIA EN LA RESIDENCIA DE ESTUDIANTES DE LA DIRECCIÓN DE BIENESTAR UNIVERSITARIO DE LA UNIVERSIDAD NACIONAL DE EDUCACIÓN ENRIQUE GUZMÁN Y VALLE  DE CENTRO POBLADO CHOSICA DISTRITO DE LURIGANCHO DE LA PROVINCIA DE LIMA DEL DEPARTAMENTO DE LIMA;700000;PEN;38;Concurso Público para Consultoría;services;Alta competencia
1199664;20406325815;GOBIERNO REGIONAL DE PUNO SEDE CENTRAL;PUNO;PUNO;"ADQUISICION DE MAMOGRAFO, COLONOVIDEOENDOSCOPIO, MESA DE OPERACIONES HIDRAULICA/ELECTRICA Y CALDERO; ADEMÁS DE OTROS ACTIVOS EN EL(LA) HOSPITAL REGIONAL MANUEL NUÑEZ BUTRON HOSPITAL REGIONAL MANUEL NUÑEZ BUTRON DISTRITO DE PUNO, PROVINCIA PUNO, DEPARTAMENTO PUNO";2450000;PEN;9;Licitación Pública Abreviada;goods;Baja competencia
1199614;20131365722;MUNICIPALIDAD DISTRITAL DE LA MOLINA;LIMA;LIMA;MEJORAMIENTO DEL SERVICIO DE MOVILIDAD URBANA DE LAS URB. LOMAS DE LA MOLINA VIEJA ETAPAS I Y II EN EL SECTOR 7 DEL DISTRITO DE LA MOLINA - PROVINCIA DE LIMA - DEPARTAMENTO DE LIMA;266237;PEN;27;Concurso Público Abreviado;services;Alta competencia
1199751;20489250731;GOBIERNO REGIONAL DE HUANUCO SEDE CENTRAL;HUANUCO;HUANUCO;"CONSTRUCCION DE ASCENSOR; ADQUISICION DE ASCENSOR; EN EL(LA) INSTITUTO DE EDUCACIÓN SUPERIOR TECNOLÓGICA PÚBLICO FELIPE HUAMÁN POMA DE AYALA EN EL CENTRO POBLADO LA UNION, DISTRITO DE LA UNION, PROVINCIA DOS DE MAYO, DEPARTAMENTO HUANUCO";56290.58;PEN;10;Concurso Público Abreviado;services;Mediana competencia
1196482;20444054400;GOBIERNO REGIONAL DE HUANCAVELICA-HOSPITAL DEPARTAMENTAL DE HUANCAVELICA;HUANCAVELICA;HUANCAVELICA;"ADQUISICION DE EQUIPO DE AFERESIS, CENTRIFUGA REFRIGERADA Y BALANZA ANALITICA (INS); CONSTRUCCION DE CENTRO DE HEMOTERAPIA Y BANCO DE SANGRE TIPO II; ADEMÁS DE OTROS ACTIVOS EN EL(LA) HOSPITAL DEPARTAMENTAL DE HUANCAVELICA BARRIO YANANACO DISTRITO DE HUANCAVELICA, PROVINCIA HUANCAVELICA, DEPARTAMENTO HUANCAVELICA";217290;PEN;13;Licitación Pública Abreviada;goods;Mediana competencia
1200117;20181438364;MUNICIPALIDAD PROVINCIAL DE EL COLLAO - ILAVE;PUNO;EL COLLAO;CREACION DEL SERVICIO DE PRÁCTICA DEPORTIVA Y/O RECREATIVA EN EL ESTADIO MUNICIPAL DE LA LOCALIDAD DE CONDURIRI DEL   DISTRITO DE CONDURIRI DE LA PROVINCIA DE EL COLLAO DEL DEPARTAMENTO DE PUNO;424878.4;PEN;16;Licitación Pública Abreviada;goods;Mediana competencia
1201877;20530688390;GOBIERNO REGIONAL DE LIMA SEDE CENTRAL;LIMA;HUAURA;MEJORAMIENTO DEL SERVICIO DE TRANSITABILIDAD VIAL INTERURBANA EN VÍA PEATONAL Y VEHICULAR DE LA LOCALIDAD DE YANAMAQUI ALTO   DISTRITO DE SANTA CRUZ DE COCACHACRA DE LA PROVINCIA DE HUAROCHIRI DEL DEPARTAMENTO DE LIMA;215082.02;PEN;22;Concurso Público Abreviado;services;Alta competencia
1195681;20201943168;MUNICIPALIDAD DISTRITAL DE TUMBADEN;CAJAMARCA;SAN PABLO;"RENOVACION DE PUENTE; EN EL(LA) CAMINO VECINAL CA-1254-TRAMO EL SURO-CHACAPAMPA (PUENTE CHACAPAMPA) EN LA LOCALIDAD CHACAPAMPA DISTRITO DE TUMBADEN, PROVINCIA SAN PABLO, DEPARTAMENTO CAJAMARCA";225000;PEN;15;Concurso Público Abreviado;services;Mediana competencia
1198598;20494642078;GOBIERNO REGIONAL DE AYACUCHO - PROGRAMA REGIONAL DE IRRIGACION Y DESARROLLO RURAL INTEGRADO;AYACUCHO;HUAMANGA;MEJORAMIENTO Y AMPLIACION EL SERVICIO DE AGUA PARA RIEGO EN LA ZONA DE ESMERALDA ALTA, DEL DISTRITO DE LURICOCHA Y  DISTRITO DE HUANTA - PROVINCIA DE HUANTA - DEPARTAMENTO DE AYACUCHO;57500.33;PEN;6;Concurso Público Abreviado;services;Baja competencia
1197472;20167246029;MUNICIPALIDAD DISTRITAL LA JOYA;AREQUIPA;AREQUIPA;CREACION DEL SERVICIO DE PRÁCTICA DEPORTIVA Y/O RECREATIVA EN L LOTE 09 MANZANA T ZONA A DEL ASENTAMIENTO HUMANO ASOCIACION PROVIVIENDA MIRADOR LA VICTORIA,   DISTRITO DE LA JOYA DE LA PROVINCIA DE AREQUIPA DEL DEPARTAMENTO DE AREQUIPA;160000;PEN;47;Concurso Público Abreviado;services;Alta competencia
1201824;20167986901;MUNICIPALIDAD DISTRITAL DE CHAZUTA;SAN MARTIN;SAN MARTIN;AMPLIACION DEL SERVICIO DE MOVILIDAD URBANA EN EL SECTOR 01  DE CENTRO POBLADO CHAZUTA DISTRITO DE CHAZUTA DE LA PROVINCIA DE SAN MARTIN DEL DEPARTAMENTO DE SAN MARTIN;9063487.44;PEN;8;Licitación Pública;works;Baja competencia
1201453;20209184380;MUNICIPALIDAD DISTRITAL DE QUIÑOTA;CUSCO;CHUMBIVILCAS;CREACION DE LA INFRAESTRUCTURA VIAL DEL BARRIO URINSAYA DE LA LOCALIDAD DE QUIÑOTA DEL DISTRITO DE QUIÑOTA - PROVINCIA DE CHUMBIVILCAS - DEPARTAMENTO DE CUSCO;192338;PEN;19;Concurso Público Abreviado;services;Mediana competencia
1192983;20530688390;GOBIERNO REGIONAL DE LIMA SEDE CENTRAL;LIMA;HUAURA;MEJORAMIENTO DEL SERVICIO DE MOVILIDAD URBANA EN AV. ROSA VÁSQUEZ CUADRADO, AV. PARAISO, CALLE S/N Y PASAJE S/N  DE CENTRO POBLADO SALPIN DISTRITO DE SAN MATEO DE OTAO DE LA PROVINCIA DE HUAROCHIRI DEL DEPARTAMENTO DE LIMA;4837378;PEN;47;Licitación Pública Abreviada;works;Alta competencia
1196466;20444054400;GOBIERNO REGIONAL DE HUANCAVELICA-HOSPITAL DEPARTAMENTAL DE HUANCAVELICA;HUANCAVELICA;HUANCAVELICA;"ADQUISICION DE EQUIPO DE AFERESIS, CENTRIFUGA REFRIGERADA Y BALANZA ANALITICA (INS); CONSTRUCCION DE CENTRO DE HEMOTERAPIA Y BANCO DE SANGRE TIPO II; ADEMÁS DE OTROS ACTIVOS EN EL(LA) HOSPITAL DEPARTAMENTAL DE HUANCAVELICA BARRIO YANANACO DISTRITO DE HUANCAVELICA, PROVINCIA HUANCAVELICA, DEPARTAMENTO HUANCAVELICA";86845;PEN;15;Licitación Pública Abreviada;goods;Mediana competencia
1194390;20177217043;MUNICIPALIDAD PROVINCIAL DEL CUSCO;CUSCO;CUSCO;MEJORAMIENTO Y AMPLIACION DEL SERVICIO DE EDUCACIÓN SECUNDARIA EN I.E. CCORCA  DE CENTRO POBLADO CCORCA DISTRITO DE CCORCA DE LA PROVINCIA DE CUSCO DEL DEPARTAMENTO DE CUSCO;64600;PEN;33;Concurso Público Abreviado;services;Alta competencia
1200040;20489250731;GOBIERNO REGIONAL DE HUANUCO SEDE CENTRAL;HUANUCO;HUANUCO;MEJORAMIENTO DE LOS SERVICIOS DE EDUCACION SECUNDARIA EN EL COLEGIO NACIONAL CESAR VALLEJO DE PAUCARBAMBA, DISTRITO DE AMARILIS - HUANUCO - HUANUCO;119513.23;PEN;5;Adjudicación Simplificada;services;Baja competencia
1207518;20148183083;MUNICIPALIDAD DISTRITAL DE SORAYA;APURIMAC;AYMARAES;MEJORAMIENTO DEL SERVICIO DE PROVISIÓN DE AGUA PARA RIEGO EN LAS LOCALIDADES DE CCOCHAPAMPA, CHUYCHO, CCARCCANTA DEL   DISTRITO DE SORAYA DE LA PROVINCIA DE AYMARAES DEL DEPARTAMENTO DE APURIMAC;2158824.52;PEN;19;Licitación Pública Abreviada;works;Mediana competencia
1196454;20170342519;MUNICIPALIDAD DISTRITAL DE SALCABAMBA;HUANCAVELICA;TAYACAJA;CREACION DEL SERVICIO DE PROVISIÓN DE AGUA PARA RIEGO EN EL SISTEMA DE RIEGO  DE CENTRO POBLADO BELLA VISTA LAUCA DISTRITO DE SALCABAMBA DE LA PROVINCIA DE TAYACAJA DEL DEPARTAMENTO DE HUANCAVELICA;2770916.96;PEN;2;Licitación Pública Abreviada;works;Baja competencia
1194963;20527141762;GOBIERNO REGIONAL DE APURIMAC SEDE CENTRAL;APURIMAC;ABANCAY;MEJORAMIENTO Y AMPLIACION DEL SERVICIO DE AGUA DE RIEGO EN LAS COMUNIDADES DE CHULLCUISA, SANTA ROSA, CUPISA, CHAMPACCOCHA, ANCATIRA, CHOCCECANCHA Y ARGAMA ALTA, DISTRITOS DE SAN JERONIMO Y PACUCHA, PROVINCIA DE ANDAHUAYLAS - APURIMAC;165600;PEN;27;Concurso Público Abreviado;services;Alta competencia
1198691;20527141762;GOBIERNO REGIONAL DE APURIMAC SEDE CENTRAL;APURIMAC;ABANCAY;MEJORAMIENTO DEL SERVICIO DE PROTECCION Y GESTION DE RIESGO CONTRA INUNDACIONES EN 3.240 KM DEL CAUCE DEL RIO CHALHUANCA, DISTRITO DE CHALHUANCA,PROVINCIA DE AYMARAES DE LA REGION APURIMAC;2070833.33;PEN;26;Licitación Pública;goods;Alta competencia
1198077;20187362840;MUNICIPALIDAD DISTRITAL DE ELIAS SOPLIN VARGAS;SAN MARTIN;RIOJA;MEJORAMIENTO DEL SERVICIO DE TRANSITABILIDAD URBANA EN LA AV JERUSALEN, AV  DOS OLIVOS, JR AMAZONAS,  JR LIMA Y JR RIOJA DEL  DISTRITO DE ELIAS SOPLIN VARGAS - PROVINCIA DE RIOJA - DEPARTAMENTO DE SAN MARTIN;9902100.4;PEN;12;Licitación Pública;works;Mediana competencia
1197189;20146510982;MUNICIPALIDAD DISTRITAL DE SANTA ROSA DE SACCO;JUNIN;YAULI;MEJORAMIENTO Y AMPLIACION DEL SERVICIO DE AGUA POTABLE URBANO Y MEJORAMIENTO Y AMPLIACION DEL SERVICIO DE ALCANTARILLADO EN LOS SECTORES DE TACARPANA Y SANTA ROSA DE SACCO DEL   DISTRITO DE SANTA ROSA DE SACCO DE LA PROVINCIA DE YAULI DEL DEPARTAMENTO DE JUNIN;1891805.22;PEN;10;Licitación Pública Abreviada;works;Mediana competencia
1193686;20206179776;MUNICIPALIDAD DISTRITAL DE JANGAS;ANCASH;HUARAZ;MEJORAMIENTO Y AMPLIACION DEL SERVICIO DE AGUA POTABLE RURAL Y MEJORAMIENTO Y AMPLIACION DEL SERVICIO DE ALCANTARILLADO U OTRAS FORMAS DE DISPOSICIÓN SANITARIA DE EXCRETAS EN LA LOCALIDAD DE HUANTALLON,   DISTRITO DE JANGAS DE LA PROVINCIA DE HUARAZ DEL DEPARTAMENTO DE ANCASH;104997.82;PEN;7;Concurso Público Abreviado;services;Baja competencia
1205775;20158835887;MUNICIPALIDAD DISTRITAL DE LANCONES;PIURA;SULLANA;CREACION DEL SERVICIO DE SUMINISTRO ELÉCTRICO DOMICILIARIO EN ZONAS RURALES EN CENTROS POBLADOS Y CASERIOS ,MEDIANTE SISTEMA FOTOVOLTAICOS(PANELES SOLARES)   DISTRITO DE LANCONES DE LA PROVINCIA DE SULLANA DEL DEPARTAMENTO DE PIURA;423702.88;PEN;14;Licitación Pública Abreviada;works;Mediana competencia
1201687;20131369477;INSTITUTO TECNOLOGICO DE LA PRODUCCION;LIMA;LIMA;MEJORAMIENTO Y AMPLIACIÓN DE LOS SERVICIOS DE CTI PARA FORTALECER EL SISTEMA NACIONAL DE CIENCIA, TECNOLOGÍA E INNOVACIÓN;7000;PEN;1;Convenio;services;Baja competencia
1191334;20146921427;MUNICIPALIDAD DISTRITAL DE INDEPENDENCIA - HUARAZ;ANCASH;HUARAZ;"REPARACION DE ESPACIO DE RECREACION PASIVA; EN EL(LA) PARQUE GRAN CHAVIN DEL BARRIO DE NICRUPAMPA  DISTRITO DE INDEPENDENCIA, PROVINCIA HUARAZ, DEPARTAMENTO ANCASH";485939.3;PEN;7;Licitación Pública Abreviada;works;Baja competencia
1198349;20406325815;GOBIERNO REGIONAL DE PUNO SEDE CENTRAL;PUNO;PUNO;MEJORAMIENTO DEL SERVICIO EDUCATIVO DE LAS CARRERAS DE CONTABILIDAD, ENFERMERÍA TÉCNICA, COMPUTACIÓN E INFORMÁTICA, INDUSTRIA ALIMENTARIA Y PRODUCCIÓN AGROPECUARIA DEL ISEPA, PROVINCIA DE MELGAR - PUNO;171142.5;PEN;59;Licitación Pública Abreviada;goods;Alta competencia
1200302;20178680049;MUNICIPALIDAD PROVINCIAL DE MARISCAL CACERES - JUANJUI;SAN MARTIN;MARISCAL CACERES;MEJORAMIENTO Y AMPLIACION DEL SERVICIO DE MOVILIDAD URBANA EN VIAS LOCALES DEL CERCADO DE JUANJUI,   DISTRITO DE JUANJUI DE LA PROVINCIA DE MARISCAL CACERES DEL DEPARTAMENTO DE SAN MARTIN;6000195.38;PEN;12;Licitación Pública;works;Mediana competencia
1195149;20320162352;GOBIERNO REGIONAL DE ANCASH - SUB REGION PACIFICO;ANCASH;SANTA;MEJORAMIENTO DEL SERVICIO DE EDUCACIÓN INICIAL, SERVICIO DE EDUCACION PRIMARIA Y SERVICIO DE EDUCACIÓN SECUNDARIA EN I.E. 88128 ALFONSO UGARTE   DISTRITO DE YAUTAN DE LA PROVINCIA DE CASMA DEL DEPARTAMENTO DE ANCASH;128000;PEN;28;Concurso Público Abreviado;services;Alta competencia
1199800;20220666507;MUNICIPALIDAD DISTRITAL DE LAJAS;CAJAMARCA;CHOTA;MEJORAMIENTO Y AMPLIACION DEL SERVICIO DE AGUA POTABLE RURAL Y CREACION DEL SERVICIO DE ALCANTARILLADO U OTRAS FORMAS DE DISPOSICIÓN SANITARIA DE EXCRETAS EN EL SISTEMA DE SANEAMIENTO  DE CENTRO POBLADO VIRGEN DEL CARMEN BAJO DISTRITO DE LAJAS DE LA PROVINCIA DE CHOTA DEL DEPARTAMENTO DE CAJAMARCA;4621899;PEN;17;Licitación Pública Abreviada;works;Mediana competencia
1202126;20498390570;GOBIERNO REGIONAL DE AREQUIPA Sede Central;AREQUIPA;AREQUIPA;MEJORAMIENTO DE LOS SERVICIOS EDUCATIVOS EN LA I.E. N° 40123 SAN JUAN BAUTISTA DE CHARACATO,  DISTRITO DE CHARACATO - PROVINCIA DE AREQUIPA - DEPARTAMENTO DE AREQUIPA;284723;PEN;50;Licitación Pública Abreviada;goods;Alta competencia
1192587;20154440373;MUNICIPALIDAD PROVINCIAL DE CAÑETE - SAN VICENTE DE CAÑETE;LIMA;CAÑETE;"ADQUISICION DE EQUIPO DE CENTRO DE CONTROL Y MONITOREO Y SISTEMA DE VIDEO VIGILANCIA; EN EL(LA) SUB GERENCIA DE SEGURIDAD CIUDADANA, TRANSPORTE Y SEGURIDAD VIAL PARA LOS ANEXOS DE SOCSI, LUCUMO, PAULLO Y SAN JERONIMO  DISTRITO DE LUNAHUANA, PROVINCIA CAÑETE, DEPARTAMENTO LIMA";348810.34;PEN;18;Licitación Pública Abreviada;goods;Mediana competencia
1197579;20184022207;MUNICIPALIDAD DISTRITAL DE SAN ANDRES;ICA;PISCO;CREACION DEL SERVICIO DE AGUA POTABLE URBANO Y CREACION DEL SERVICIO DE ALCANTARILLADO EN LA ASOCIACION NUEVO SAN ANDRES DEL   DISTRITO DE SAN ANDRES DE LA PROVINCIA DE PISCO DEL DEPARTAMENTO DE ICA;1595935.04;PEN;22;Licitación Pública Abreviada;works;Alta competencia
1202010;20486020882;GOBIERNO REGIONAL DE HUANCAVELICA Sede Central;HUANCAVELICA;HUANCAVELICA;MEJORAMIENTO DEL SERVICIO DEPORTIVO EN EL CENTRO POBLADO DE HUANASPAMPA,  DISTRITO DE ACORIA - PROVINCIA DE HUANCAVELICA - DEPARTAMENTO DE HUANCAVELICA;459500;PEN;19;Licitación Pública Abreviada;goods;Mediana competencia
1197360;20198078604;MUNICIPALIDAD DISTRITAL DE ANDAGUA;AREQUIPA;CASTILLA;MEJORAMIENTO DEL SERVICIO DE MOVILIDAD URBANA EN LAS VIAS LOCALES DEL CENTRO POBLADO DE ANDAGUA   DISTRITO DE ANDAGUA DE LA PROVINCIA DE CASTILLA DEL DEPARTAMENTO DE AREQUIPA;118790.4;PEN;13;Concurso Público Abreviado;services;Mediana competencia
1197421;20221090498;MUNICIPALIDAD DISTRITAL DE GORGOR;LIMA;CAJATAMBO;MEJORAMIENTO DE LOS SERVICIOS OPERATIVOS O MISIONALES INSTITUCIONALES EN LA MUNICIPALIDAD DEL   DISTRITO DE GORGOR DE LA PROVINCIA DE CAJATAMBO DEL DEPARTAMENTO DE LIMA;727871.05;PEN;15;Licitación Pública Abreviada;works;Mediana competencia
1222204;20214061474;MUNICIPALIDAD DISTRITAL DE MARCAPATA;CUSCO;QUISPICANCHI;MEJORAMIENTO Y AMPLIACION DE LOS SERVICIOS EDUCATIVOS DEL NIVEL SECUNDARIO DE  LA  I.E. SAN FRANCISCO DE ASIS DEL CENTRO POBLADO DE MARCAPATA DEL, DISTRITO DE MARCAPATA - QUISPICANCHI - CUSCO;117895.07;PEN;30;Concurso Público Abreviado;services;Alta competencia
1195334;20163611512;MUNICIPALIDAD DISTRITAL DE MIRAFLORES - AREQUIPA;AREQUIPA;AREQUIPA;MEJORAMIENTO DEL SERVICIO DE MOVILIDAD URBANA EN COOPERATIVA DE VIVIENDA SAENZ PEÑA Y PASAJE 1,   DISTRITO DE MIRAFLORES DE LA PROVINCIA DE AREQUIPA DEL DEPARTAMENTO DE AREQUIPA,CREACION DEL SERVICIO DE DRENAJE PLUVIAL EN COOPERATIVA DE VIVIENDA SAENZ PEÑA   DISTRITO DE MIRAFLORES DE LA PROVINCIA DE AREQUIPA DEL DEPARTAMENTO DE AREQUIPA;816539.8;PEN;27;Licitación Pública Abreviada;works;Alta competencia
1194642;20406325815;GOBIERNO REGIONAL DE PUNO SEDE CENTRAL;PUNO;PUNO;MEJORAMIENTO Y AMPLIACION DE LOS SERVICIOS DE SALUD DEL CENTRO DE SALUD KELLUYO DEL  DISTRITO DE KELLUYO - PROVINCIA DE CHUCUITO - DEPARTAMENTO DE PUNO;26096141.03;PEN;19;Licitación Pública;works;Mediana competencia
1215816;20225557749;MUNICIPALIDAD DISTRITAL DE CASCA;ANCASH;MARISCAL LUZURIAGA;MEJORAMIENTO Y AMPLIACION DEL SERVICIO DE EDUCACIÓN INICIAL EN I.E. 576 ELEUTERIO APOLINARIO TORRES CHAVEZ  DE CENTRO POBLADO  COCHAPAMPA DISTRITO DE CASCA DE LA PROVINCIA DE MARISCAL LUZURIAGA DEL DEPARTAMENTO DE ANCASH;1669938.95;PEN;23;Licitación Pública Abreviada;works;Alta competencia
1200584;20185896723;MUNICIPALIDAD PROVINCIAL DE HUANCANE;PUNO;HUANCANE;"MEJORAMIENTO DEL SERVICIO DE TRANSITABILIDAD VIAL INTERURBANA EN EL TRAMO I: (EMP PE- 34H HUAYRAPATA; TUNI GRANDE ¿ CAPILLA RAMIS) , TRAMO II:( CAPILLA RAMIS - BALSAPATA) EN EL   DISTRITO DE TARACO DE LA PROVINCIA DE HUANCANE DEL DEPARTAMENTO DE PUNO";306000;PEN;4;Concurso Público Abreviado;services;Baja competencia
1192753;20406325815;GOBIERNO REGIONAL DE PUNO SEDE CENTRAL;PUNO;PUNO;MEJORAMIENTO Y AMPLIACION DEL SERVICIO DE EDUCACIÓN SUPERIOR TECNOLÓGICA  EN EL INSTITUTO DE EDUCACIÓN SUPERIOR TECNOLÓGICO PUBLICO ACORA DEL   DISTRITO DE ACORA DE LA PROVINCIA DE PUNO DEL DEPARTAMENTO DE PUNO;139825;PEN;22;Licitación Pública Abreviada;goods;Alta competencia
1196703;20216644990;MUNICIPALIDAD DISTRITAL DE LONGOTEA;LA LIBERTAD;BOLIVAR;MEJORAMIENTO Y AMPLIACION DEL SERVICIO DE AGUA POTABLE, ALCANTARILLADO Y TRATAMIENTO DE AGUAS RESIDUALES DE LA LOCALIDAD DE LONGOTEA DEL DISTRITO DE LONGOTEA - PROVINCIA DE BOLIVAR - DEPARTAMENTO DE LA LIBERTAD;5490337.88;PEN;13;Licitación Pública;works;Mediana competencia
1192420;20198078604;MUNICIPALIDAD DISTRITAL DE ANDAGUA;AREQUIPA;CASTILLA;MEJORAMIENTO DEL SERVICIO DE MOVILIDAD URBANA EN LAS VIAS LOCALES DEL CENTRO POBLADO DE ANDAGUA   DISTRITO DE ANDAGUA DE LA PROVINCIA DE CASTILLA DEL DEPARTAMENTO DE AREQUIPA;2861376.44;PEN;15;Licitación Pública Abreviada;works;Mediana competencia
1196350;20484004421;GOBIERNO REGIONAL DE PIURA SEDE CENTRAL;PIURA;PIURA;MEJORAMIENTO DEL CAMINO VECINAL PEDREGAL- VALLE DE LOS INCAS DE 0+000 AL 15+800 KM,  DISTRITO DE TAMBO GRANDE - PROVINCIA DE PIURA - DEPARTAMENTO DE PIURA;53500399.4;PEN;41;Licitación Pública;works;Alta competencia
1195101;20199368053;MUNICIPALIDAD DISTRITAL DE RIO TAMBO;JUNIN;SATIPO;MEJORAMIENTO DEL SERVICIO DE AGUA POTABLE RURAL Y CREACION DEL SERVICIO DE ALCANTARILLADO U OTRAS FORMAS DE DISPOSICIÓN SANITARIA DE EXCRETAS EN LA CC.NN DE PAMAKIARI   DISTRITO DE RIO TAMBO DE LA PROVINCIA DE SATIPO DEL DEPARTAMENTO DE JUNIN;2600959.46;PEN;5;Licitación Pública Abreviada;works;Baja competencia
1197131;20147676574;MUNICIPALIDAD DISTRITAL DE PUEBLO NUEVO - CHINCHA;ICA;CHINCHA;CREACION DE LOS SERVICIOS FUNERARIOS Y DE SEPULTURA EN LA MUNICIPALIDAD DISTRITAL DE PUEBLO NUEVO DEL   DISTRITO DE PUEBLO NUEVO DE LA PROVINCIA DE CHINCHA DEL DEPARTAMENTO DE ICA;200000;PEN;12;Concurso Público Abreviado;services;Mediana competencia
1199042;20519610214;MUNICIPALIDAD DISTRITAL DE CORONEL GREGORIO ALBARRACIN LANCHIPA;TACNA;TACNA;MEJORAMIENTO Y AMPLIACION DEL SERVICIO DE PRÁCTICA DEPORTIVA Y/O RECREATIVA EN LA ASOCIACION DE VIVIENDA LOS 04 SUYOS DEL   DISTRITO DE CORONEL GREGORIO ALBARRACIN LANCHIPA DE LA PROVINCIA DE TACNA DEL DEPARTAMENTO DE TACNA;316771.45;PEN;10;Concurso Público Abreviado;services;Mediana competencia
1200324;20172278079;MUNICIPALIDAD DISTRITAL DE AGUAS VERDES;TUMBES;ZARUMILLA;MEJORAMIENTO DEL SERVICIO DE MOVILIDAD URBANA EN EL ASENTAMIENTO HUMANO AMPLIACION ALBERTO FUJIMORI FUJIMORI DEL   DISTRITO DE AGUAS VERDES DE LA PROVINCIA DE ZARUMILLA DEL DEPARTAMENTO DE TUMBES;1656367.71;PEN;18;Licitación Pública Abreviada;works;Mediana competencia
1199267;20484004421;GOBIERNO REGIONAL DE PIURA SEDE CENTRAL;PIURA;PIURA;"REPARACION DE COBERTURA; EN EL(LA) JUZGADO DE INVESTIGACIÓN PREPARATORIA, JUZGADO DE INVESTIGACION PREPARATORIA TRANSITORIO Y JUZGADO PENAL UNIPERSONAL, DE LA SEDE JUDICIAL PAITA BAJA DE LA CORTE SUPERIOR DE JUSTICIA DE PIURA  DISTRITO DE PAITA, PROVINCIA PAITA, DEPARTAMENTO PIURA";351002.99;PEN;16;Licitación Pública Abreviada;works;Mediana competencia
1200306;20147604310;MUNICIPALIDAD DISTRITAL DE TUPAC AMARU INCA;ICA;PISCO;AMPLIACION DEL SERVICIO DE MOVILIDAD URBANA EN LAS VÍAS LOCALES DE LA CALLE SAN JORGE Y CALLE ICA DEL CENTRO POBLADO CASALLA,  DISTRITO DE TUPAC AMARU INCA - PROVINCIA DE PISCO - DEPARTAMENTO DE ICA;1172627.88;PEN;28;Licitación Pública Abreviada;works;Alta competencia
1202157;20169031674;MUNICIPALIDAD DISTRITAL DE ACORA;PUNO;PUNO;MEJORAMIENTO DE LOS SERVICIOS DE APOYO AL DESARROLLO PRODUCTIVO EN LA CADENA PRODUCTIVA DEL CULTIVO DE AJOS EN LA ZONA LAGO DEL   DISTRITO DE ACORA DE LA PROVINCIA DE PUNO DEL DEPARTAMENTO DE PUNO;72805;PEN;3;Comparación de Precios;goods;Baja competencia
1201488;20601625017;MUNICIPALIDAD DISTRITAL DE MEGANTONI;CUSCO;LA CONVENCION;MEJORAMIENTO Y AMPLIACION DEL SERVICIO DE AGUA POTABLE URBANO Y CREACION DEL SERVICIO DE ALCANTARILLADO Y CREACION DEL SERVICIO DE TRATAMIENTO DE AGUAS RESIDUALES PARA DISPOSICIÓN FINAL EN LA CC.NN CAMISEA   DISTRITO DE MEGANTONI DE LA PROVINCIA DE LA CONVENCION DEL DEPARTAMENTO DE CUSCO;3294141.2;PEN;17;Concurso Público para Consultoría;services;Mediana competencia
1198972;20406325815;GOBIERNO REGIONAL DE PUNO SEDE CENTRAL;PUNO;PUNO;MEJORAMIENTO DEL SERVICIO DE TRANSITABILIDAD VIAL INTERURBANA EN LA CARRETERA TRAMO ACHAYA ¿ EMP. PU 113(ARAPA) , DE LOS   DISTRITOS DE ACHAYA, ARAPA DE LA PROVINCIA DE AZANGARO DEL DEPARTAMENTO DE PUNO;122500;PEN;13;Concurso Público Abreviado;services;Mediana competencia
1196582;20601625017;MUNICIPALIDAD DISTRITAL DE MEGANTONI;CUSCO;LA CONVENCION;MEJORAMIENTO Y AMPLIACION DEL SERVICIO DE AGUA POTABLE URBANO Y MEJORAMIENTO Y AMPLIACION DEL SERVICIO DE ALCANTARILLADO U OTRAS FORMAS DE DISPOSICIÓN SANITARIA DE EXCRETAS EN LA CC.NN. KIRIGUETI   DISTRITO DE MEGANTONI DE LA PROVINCIA DE LA CONVENCION DEL DEPARTAMENTO DE CUSCO;1200000;PEN;27;Concurso Público para Consultoría;services;Alta competencia
1198556;20166604347;MUNICIPALIDAD DISTRITAL DE CAJAY;ANCASH;HUARI;"CONSTRUCCION DE PISTA Y VEREDA; EN EL(LA) EL JR. ANCASH DEL BARRIO CENTRO,  DISTRITO DE CAJAY, PROVINCIA HUARI, DEPARTAMENTO ANCASH";462745.56;PEN;13;Licitación Pública Abreviada;works;Mediana competencia
1197851;20406325815;GOBIERNO REGIONAL DE PUNO SEDE CENTRAL;PUNO;PUNO;MEJORAMIENTO SERVICIO INTEGRAL DE LA INSTITUCION EDUCATIVA SECUNDARIA INDUSTRIAL PERU BIRF  DISTRITO DE SAN MIGUEL - PROVINCIA DE SAN ROMAN - DEPARTAMENTO DE PUNO;256400;PEN;22;Licitación Pública Abreviada;goods;Alta competencia
1199855;20479569780;GOBIERNO REGIONAL DE LAMBAYEQUE SEDE CENTRAL;LAMBAYEQUE;CHICLAYO;"MEJORAMIENTO Y AMPLIACION DE LOS SERVICIOS TURÍSTICOS PÚBLICOS EN RECURSOS TURÍSTICOS  EN EL MALECÓN TURÍSTICO ""SANTA ROSA""   DISTRITO DE SANTA ROSA DE LA PROVINCIA DE CHICLAYO DEL DEPARTAMENTO DE LAMBAYEQUE";193426.84;PEN;30;Concurso Público Abreviado;services;Alta competencia
1201275;20182786935;GOBIERNO REGIONAL DE UCAYALI-DIRECCIÓN REGIONAL SECTORIAL DE TRANSPORTES Y COMUNICACIONES;UCAYALI;CORONEL PORTILLO;MEJORAMIENTO DEL SERVICIO DE TRANSITABILIDAD VIAL INTERURBANA EN LA VIA DEPARTAMENTAL RUTA UC-112 TRAYECTORIA: PUCALLPILLO , SANTA ROSA DE MASISEA EN LOS   DISTRITOS DE MANANTAY, MASISEA DE LA PROVINCIA DE CORONEL PORTILLO DEL DEPARTAMENTO DE UCAYALI;1297879.13;PEN;16;Concurso Público para Consultoría;services;Mediana competencia
1195229;20449347448;UNIVERSIDAD NACIONAL DE MOQUEGUA;MOQUEGUA;MARISCAL NIETO;MEJORAMIENTO DE LOS SERVICIOS ACADÉMICOS Y ADMINISTRATIVOS DE LA ESCUELA PROFESIONAL DE INGENIERÍA AGROINDUSTRIAL, SEDE MOQUEGUA, UNIVERSIDAD NACIONAL DE MOQUEGUA, DISTRITO DE MOQUEGUA, PROVINCIA DE MARISCAL NIETO, DEPARTAMENTO DE MOQUEGUA;455450.4;PEN;56;Licitación Pública Abreviada;goods;Alta competencia
1194109;20143189091;MUNICIPALIDAD DISTRITAL DE HUARANGO;CAJAMARCA;SAN IGNACIO;MEJORAMIENTO DEL SERVICIO DE TRANSITABILIDAD VEHICULAR Y PEATONAL DEL CENTRO POBLADO HUARANGO DEL DISTRITO DE HUARANGO - PROVINCIA DE SAN IGNACIO - DEPARTAMENTO DE CAJAMARCA;341994.23;PEN;16;Concurso Público Abreviado;services;Mediana competencia
1201029;20154440373;MUNICIPALIDAD PROVINCIAL DE CAÑETE - SAN VICENTE DE CAÑETE;LIMA;CAÑETE;MEJORAMIENTO DEL SISTEMA DE AGUA POTABLE Y ALCANTARILLADO EN LA URB. SAN AGUSTIN DEL DISTRITO DE SAN VICENTE DE CAÑETE - PROVINCIA DE CAÑETE - DEPARTAMENTO DE LIMA;140000;PEN;13;Concurso Público Abreviado;services;Mediana competencia
1192358;20232797038;MUNICIPALIDAD DISTRITAL DE CHUSCHI;AYACUCHO;CANGALLO;MEJORAMIENTO DEL SERVICIO DE TRANSITABILIDAD VEHICULAR Y PEATONAL EN  JR. 28 DE JULIO 3,4,5,6, AYACUCHO, M. CÁCERES 3,4,5, DE LA CRUZ, CUZCO, LIMA 1, CHIKLLARAZO 1,2,4,5, UNIÓN, A. UGARTE, S. MARTIN, B.VISTA, ADORACIÓN  6, LUCANA 2,3,  S. ROSA Y R. CASTILLA EN LA COMUNIDAD DE CHUSCHI, DISTRITO DE CHUSCHI - CANGALLO - AYACUCHO;5115542.67;PEN;16;Licitación Pública;works;Mediana competencia
1199075;20601131812;MUNICIPALIDAD DISTRITAL DE SAN PABLO DE PILLAO;HUANUCO;HUANUCO;CREACION DEL SERVICIO DE AGUA POTABLE Y DISPOCISION FINAL DE EXCRETAS EN EL CENTRO POBLADO DE SAN JOSE DE MIRAFLORES DEL DISTRITO DE SAN PABLO DE PILLAO - PROVINCIA DE HUANUCO - DEPARTAMENTO DE HUANUCO;8662508.83;PEN;14;Licitación Pública;works;Mediana competencia
1196844;20449347448;UNIVERSIDAD NACIONAL DE MOQUEGUA;MOQUEGUA;MARISCAL NIETO;MEJORAMIENTO DE LOS SERVICIOS ACADÉMICOS Y ADMINISTRATIVOS DE LA ESCUELA PROFESIONAL DE INGENIERÍA AGROINDUSTRIAL, SEDE MOQUEGUA, UNIVERSIDAD NACIONAL DE MOQUEGUA, DISTRITO DE MOQUEGUA, PROVINCIA DE MARISCAL NIETO, DEPARTAMENTO DE MOQUEGUA;483600;PEN;26;Licitación Pública Abreviada;goods;Alta competencia
1198667;20103845590;MUNICIPALIDAD PROVINCIAL DE MAYNAS - IQUITOS;LORETO;MAYNAS;MEJORAMIENTO DEL SERVICIO DE TRANSITABILIDAD PEATONAL EN EL CENTRO POBLADO DE MANACAMIRI DEL DISTRITO DE IQUITOS - PROVINCIA DE MAYNAS - DEPARTAMENTO DE LORETO;3891009.57;PEN;17;Licitación Pública Abreviada;works;Mediana competencia
1197539;20492966658;MINISTERIO DEL AMBIENTE;LIMA;LIMA;RECUPERACION DE LAS POBLACIONES DE LA ESPECIE TAPIR ANDINO (TAPIRUS PINCHAQUE) LAS PROVINCIAS DE SAN IGNACIO Y JAEN DEL DEPARTAMENTO DE CAJAMARCA Y LAS PROVINCIAS DE AYABACA Y HUANCABAMBA DEL DEPARTAMENTO DE PIURA;684605.52;PEN;8;Concurso Público para Consultoría;services;Baja competencia
1202168;20166913561;MUNICIPALIDAD DISTRITAL DE KICHKI;HUANUCO;HUANUCO;CREACION DE LOS SERVICIOS DEL SISTEMA DE AGUA POTABLE Y SANEAMIENTO BASICO DE SAN ALEJANDRO DE CALLANCA, UNION PUENTE VERA, RODEO DE MARGO Y SAN JUAN DE TINGO, 4 LOCALIDADES DEL DISTRITO DE QUISQUI - PROVINCIA DE HUANUCO - DEPARTAMENTO DE HUANUCO;386006.23;PEN;10;Concurso Público Abreviado;services;Mediana competencia
1194093;20200712146;MUNICIPALIDAD DISTRITAL DE ASILLO;PUNO;AZANGARO;CREACION DE LOS SERVICIOS DE APOYO AL DESARROLLO PRODUCTIVO EN LA PROTECCION CON COBERTURA PARA LA PRODUCCION DE GANADO VACUNO EN LA COMUNIDAD CAMPESINA DE ACCOPATA DEL   DISTRITO DE ASILLO DE LA PROVINCIA DE AZANGARO DEL DEPARTAMENTO DE PUNO;293280;PEN;41;Licitación Pública Abreviada;goods;Alta competencia
1192482;20527147612;GOBIERNO REGIONAL DE CUSCO SEDE CENTRAL;CUSCO;CUSCO;MEJORAMIENTO DE LOS SERVICIOS DE EDUCACION SECUNDARIA EN LA INSTITUCION EDUCATIVA JERONIMO ZAVALA DEL DISTRITO DE COMBAPATA, PROVINCIA DE CANCHIS - CUSCO;210250;PEN;22;Subasta Inversa Electrónica;goods;Alta competencia
1198944;20479569861;GOBIERNO REGIONAL DE AMAZONAS SEDE CENTRAL;AMAZONAS;CHACHAPOYAS;MEJORAMIENTO Y AMPLIACION DEL SERVICIO EDUCATIVO DE LA I.E.S.M. BRAULIO DE CAMPORREDONDO DE LA LOCALIDAD DE CAMPORREDONDO DEL DISTRITO DE CAMPORREDONDO - PROVINCIA DE LUYA - DEPARTAMENTO DE AMAZONAS;180823.62;PEN;14;Concurso Público Abreviado;services;Mediana competencia
1199330;20206179776;MUNICIPALIDAD DISTRITAL DE JANGAS;ANCASH;HUARAZ;MEJORAMIENTO DEL SERVICIO DE MOVILIDAD URBANA EN EL INGRESO HASTA EL LOCAL COMUNAL DE LA LOCALIDAD DE MARENIYOC DEL   DISTRITO DE JANGAS DE LA PROVINCIA DE HUARAZ DEL DEPARTAMENTO DE ANCASH;80004;PEN;9;Concurso Público Abreviado;services;Baja competencia
1200947;20174950971;UNIVERSIDAD NACIONAL DE EDUCACION ENRIQUE GUZMAN Y VALLE;LIMA;LIMA;MEJORAMIENTO Y AMPLIACION DE LOS SERVICIOS EDUCATIVOS DE LAS ESPECIALIDADES DE NUTRICION HUMANA Y DESARROLLO AMBIENTAL DE LA FACULTAD DE AGROPECUARIA Y NUTRICION DE LA UNE ENRIQUE GUZMAN Y VALLE LURIGANCHO - LIMA;270000;PEN;30;Concurso Público Abreviado;services;Alta competencia
1192992;20198667260;MUNICIPALIDAD DISTRITAL DE MORROPE;LAMBAYEQUE;LAMBAYEQUE;MEJORAMIENTO Y AMPLIACION DEL ESTADIO MUNICIPAL  DE MORROPE ¿ LAMBAYEQUE ¿ LAMBAYEQUE MORROPE - DISTRITO DE MORROPE - PROVINCIA DE LAMBAYEQUE - DEPARTAMENTO DE LAMBAYEQUE;5531931.44;PEN;24;Licitación Pública;works;Alta competencia
1201266;20527147612;GOBIERNO REGIONAL DE CUSCO SEDE CENTRAL;CUSCO;CUSCO;CREACION DE LOS SERVICIOS DE TRANSITABILIDAD VEHICULAR RUTA CU-104 TRAMO PUENTE TAHUIS Y SAN ANTONIO DEL DISTRITO DE YANATILE - PROVINCIA DE CALCA - DEPARTAMENTO DE CUSCO;2511000;PEN;4;Subasta Inversa Electrónica;goods;Baja competencia
1197293;20154470108;MUNICIPALIDAD DISTRITAL DE SAMEGUA;MOQUEGUA;MARISCAL NIETO;MEJORAMIENTO DEL SERVICIO DE TRANSITABILIDAD VEHICULAR Y PEATONAL EN LAS ASOCIACIONES DE VIVIENDA SAN MARTIN DE PORRES, LOS CIPRECES Y MINISTERIO DE TRANSPORTES DE LA JUNTA VECINAL CERRILLOS SANTA FORTUNATA DEL  DISTRITO DE SAMEGUA - PROVINCIA DE MARISCAL NIETO - DEPARTAMENTO DE MOQUEGUA;112779;PEN;8;Licitación Pública Abreviada;goods;Baja competencia
1195797;20105266988;MUNICIPALIDAD PROVINCIAL DE MORROPON - CHULUCANAS;PIURA;MORROPON;MEJORAMIENTO DEL SERVICIO DE PROVISIÓN DE AGUA PARA RIEGO DEL SECTOR LOS ALAMBRES EN LA LOCALIDAD DE MALACASI DEL DISTRITO DE SALITRAL - PROVINCIA DE MORROPON - DEPARTAMENTO DE PIURA;6338931.22;PEN;13;Licitación Pública;works;Mediana competencia
1212223;20527760314;UNIVERSIDAD NACIONAL JOSE MARIA ARGUEDAS;APURIMAC;ANDAHUAYLAS;CREACIÓN DE LOS SERVICIOS DE LA RESIDENCIA UNIVERSITARIA DE LA UNAJMA - SAN JERONIMO - ANDAHUAYLAS;133340;PEN;23;Licitación Pública Abreviada;goods;Alta competencia
1202000;20165924984;MUNICIPALIDAD DISTRITAL DE BERNAL;PIURA;SECHURA;MEJORAMIENTO DEL SERVICIO DE RECREACIÓN PASIVA EN LA PLAZA DE ARMAS RAMÓN CASTILLA DE BERNAL DEL DISTRITO DE BERNAL - PROVINCIA DE SECHURA - DEPARTAMENTO DE PIURA;1241939.38;PEN;21;Licitación Pública Abreviada;works;Alta competencia
1192333;20214061474;MUNICIPALIDAD DISTRITAL DE MARCAPATA;CUSCO;QUISPICANCHI;MEJORAMIENTO Y AMPLIACION DE LOS SERVICIOS EDUCATIVOS DEL NIVEL SECUNDARIO DE  LA  I.E. SAN FRANCISCO DE ASIS DEL CENTRO POBLADO DE MARCAPATA DEL, DISTRITO DE MARCAPATA - QUISPICANCHI - CUSCO;117895.07;PEN;30;Concurso Público Abreviado;services;Alta competencia
1207145;20146721410;MUNICIPALIDAD PROVINCIAL DE SECHURA;PIURA;SECHURA;"RENOVACION DE ESPACIO DE CIRCULACION INTERIOR  Y MOBILIARIO URBANO; EN EL(LA) PARQUE MIGUEL GRAU SECTOR PARACHIQUE EN EL CENTRO POBLADO PARACHIQUE - LA BOCANA, DISTRITO DE SECHURA, PROVINCIA SECHURA, DEPARTAMENTO PIURA";957929.52;PEN;25;Licitación Pública Abreviada;works;Alta competencia
1217864;20602259065;UNIDAD EJECUTORA MEJORAMIENTO DEL SISTEMA DE INFORMACION DE LA SUNAT - MSI;LIMA;LIMA;MEJORAMIENTO DE LOS SERVICIOS DE RECAUDACIÓN TRIBUTARIA Y ADUANERA A TRAVÉS DE LA TRANSFORMACIÓN DIGITAL;2771666.6;PEN;4;Convenio;goods;Baja competencia
1212536;20527760314;UNIVERSIDAD NACIONAL JOSE MARIA ARGUEDAS;APURIMAC;ANDAHUAYLAS;CREACIÓN DE LOS SERVICIOS DE LA RESIDENCIA UNIVERSITARIA DE LA UNAJMA - SAN JERONIMO - ANDAHUAYLAS;133340;PEN;27;Licitación Pública Abreviada;goods;Alta competencia
1195742;20131372427;MUNICIPALIDAD DISTRITAL DE SAN MARTIN DE PORRES;LIMA;LIMA;CREACION DEL SERVICIO DE MOVILIDAD URBANA EN LA URB. SAN VALENTIN I ETAPA   DISTRITO DE SAN MARTIN DE PORRES DE LA PROVINCIA DE LIMA DEL DEPARTAMENTO DE LIMA;1889434.82;PEN;37;Licitación Pública Abreviada;works;Alta competencia
1193338;20170327391;MUNICIPALIDAD DISTRITAL DE VILCABAMBA - LA CONVENCION;CUSCO;LA CONVENCION;MEJORAMIENTO DEL SERVICIO DE SEGURIDAD CIUDADANA LOCAL EN EL AMBITO DISTRITAL MEDIANTE EL FORTALECIMIENTO DE LAS JUNTAS VECINALES EN EL   DISTRITO DE VILCABAMBA DE LA PROVINCIA DE LA CONVENCION DEL DEPARTAMENTO DE CUSCO;64287;PEN;25;Licitación Pública Abreviada;goods;Alta competencia
1200353;20174929697;MUNICIPALIDAD PROVINCIAL DE CASMA;ANCASH;CASMA;"ADQUISICION DE VEHÍCULO DE SEGURIDAD CIUDADANA; EN EL(LA) SUB GERENCIA DE SEGURIDAD CIUDADANA  DISTRITO DE CASMA, PROVINCIA CASMA, DEPARTAMENTO ANCASH";410142.76;PEN;11;Licitación Pública Abreviada;goods;Mediana competencia
1200701;20223022210;MUNICIPALIDAD DISTRITAL DE UCO;ANCASH;HUARI;CREACION DE CANAL Y RESERVORIO ICHICCOCHA - TINGO DEL  DISTRITO DE UCO - PROVINCIA DE HUARI - DEPARTAMENTO DE ANCASH;103253.63;PEN;9;Concurso Público Abreviado;services;Baja competencia
1196686;20166544000;MUNICIPALIDAD DISTRITAL DE SAN MARCOS;ANCASH;HUARI;CREACION DEL SERVICIO DE PRÁCTICA DEPORTIVA Y/O RECREATIVA EN EL COMPLEJO DEPORTIVO DEL CASERIO DE SAN PABLO DE GORGOR  DE CENTRO POBLADO SANTA CRUZ DE MOSNA DISTRITO DE SAN MARCOS DE LA PROVINCIA DE HUARI DEL DEPARTAMENTO DE ANCASH;5398349.49;PEN;16;Licitación Pública;works;Mediana competencia
1199190;20166604347;MUNICIPALIDAD DISTRITAL DE CAJAY;ANCASH;HUARI;"CONSTRUCCION DE ESPACIO DEPORTIVO CON COBERTURA Y ANFITEATRO; EN EL(LA) I.E. INCA GARCILAZO DE LA VEGA  DISTRITO DE CAJAY, PROVINCIA HUARI, DEPARTAMENTO ANCASH";707029.3;PEN;6;Licitación Pública Abreviada;works;Baja competencia
1197241;20198357660;MUNICIPALIDAD DISTRITAL DE PONTO;ANCASH;HUARI;MEJORAMIENTO DEL SERVICIO DE PROVISIÓN DE AGUA PARA RIEGO EN LA LOCALIDAD DE SHOGUSHPAMPA POR RIEGO TECNIFICADO  DE CENTRO POBLADO SAN JUAN DISTRITO DE PONTO DE LA PROVINCIA DE HUARI DEL DEPARTAMENTO DE ANCASH;876319.22;PEN;11;Licitación Pública Abreviada;works;Mediana competencia
1201107;20147026529;MUNICIPALIDAD PROVINCIAL DE HUANCABAMBA;PIURA;HUANCABAMBA;MEJORAMIENTO Y AMPLIACION DEL SERVICIO DE AGUA POTABLE RURAL Y CREACION DEL SERVICIO DE ALCANTARILLADO U OTRAS FORMAS DE DISPOSICION SANITARIA DE EXCRETAS EN LOCALIDAD DE QUISPE BAJO, LOCALIDAD DE QUISPE ALTO DE CENTROS POBLADOS QUISPE BAJO, QUISPE ALTO, DISTRITO DE HUANCABAMBA - PROVINCIA DE HUANCABAMBA - DEPARTAMENTO DE PIURA;7168542.44;PEN;15;Licitación Pública;works;Mediana competencia
1201728;20198250199;MUNICIPALIDAD DISTRITAL DE CHAVIN DE HUANTAR;ANCASH;HUARI;"REPARACION DE CAMINO DE HERRADURA; EN EL(LA) TRAMO POSO RURI - RAYAN WAYI DEL CENTRO POBLADO TRES ESTRELLAS DE PUTCOR,  DISTRITO DE CHAVIN DE HUANTAR, PROVINCIA HUARI, DEPARTAMENTO ANCASH";655214.26;PEN;12;Licitación Pública Abreviada;works;Mediana competencia
1210085;20202510427;MUNICIPALIDAD DISTRITAL DE CAJA ESPIRITU;HUANCAVELICA;ACOBAMBA;MEJORAMIENTO Y AMPLIACIÓN DEL SISTEMA DE AGUA POTABLE Y CREACIÓN DE UNIDADES BÁSICAS DE SANEAMIENTO EN LAS LOCALIDADES DE  OYOCCOCHA, YURACC CANCHA, PISQUIRI, TOCCTO, RURUNMARCA Y CCASANCCA, DISTRITO DE CAJA - ACOBAMBA - HUANCAVELICA;12265769.19;PEN;16;Licitación Pública;works;Mediana competencia
1196236;20489250731;GOBIERNO REGIONAL DE HUANUCO SEDE CENTRAL;HUANUCO;HUANUCO;MEJORAMIENTO Y AMPLIACION DEL SERVICIO DE EDUCACION PRIMARIA Y SERVICIO DE EDUCACIÓN SECUNDARIA EN I.E. EL AMAUTA JOSE CARLOS MARIATEGUI  DE CENTRO POBLADO PAUCARBAMBA DISTRITO DE AMARILIS DE LA PROVINCIA DE HUANUCO DEL DEPARTAMENTO DE HUANUCO;430000;PEN;20;Concurso Público Abreviado;services;Mediana competencia
1199329;20408283206;GOBIERNO REGIONAL DE APURIMAC - DIRECCION SUBREGIONAL AGRARIA DE ANDAHUAYLAS;APURIMAC;ANDAHUAYLAS;MEJORAMIENTO DE LA CADENA PRODUCTIVA DEL CULTIVO DE MAÍZ AMILÁCEO, EN LOS VALLES INTERANDINOS DE LAS PROVINCIAS DE ANDAHUAYLAS Y CHINCHEROS DEL  DEPARTAMENTO DE APURIMAC;599000;PEN;9;Licitación Pública;goods;Baja competencia
1208883;20141897935;MUNICIPALIDAD PROVINCIAL DE SANCHEZ CARRION - HUAMACHUCO;LA LIBERTAD;SANCHEZ CARRION;MEJORAMIENTO DE LOS SERVICIOS EDUCATIVOS DEL NIVEL SECUNDARIA EN LA I.E. FLORENCIA DE MORA DE SANDOVAL, CIUDAD DE HUAMACHUCO, PROVINCIA DE SANCHEZ CARRION - LA LIBERTAD;49150589.14;PEN;18;Licitación Pública;works;Mediana competencia
1201722;20406325815;GOBIERNO REGIONAL DE PUNO SEDE CENTRAL;PUNO;PUNO;MEJORAMIENTO DE LOS SERVICIOS DE EDUCACIÓN SUPERIOR TECNOLÓGICA DEL IESTP HUANCANÉ DEL  DISTRITO DE HUANCANE - PROVINCIA DE HUANCANE - DEPARTAMENTO DE PUNO;178864.75;PEN;34;Licitación Pública Abreviada;goods;Alta competencia
1195163;20519752515;GOBIERNO REGIONAL DE TACNA SEDE CENTRAL;TACNA;TACNA;"MEJORAMIENTO DEL SERVICIO EDUCATIVO DEL NIVEL PRIMARIO EN  LA I.E. N°42200 ""OMAR ZILBERT SALAS"",  DISTRITO DE LA YARADA LOS PALOS - PROVINCIA DE TACNA - DEPARTAMENTO DE TACNA";121282.34;PEN;5;Subasta Inversa Electrónica;goods;Baja competencia
1195020;20154477374;MUNICIPALIDAD PROVINCIAL DE PIURA;PIURA;PIURA;"RENOVACION DE PISTA, VEREDA Y SARDINEL; EN EL(LA) URBANIZACIÓN LA PROVIDENCIA DEL DISTRITO DE PIURA, PROVINCIA PIURA, DEPARTAMENTO PIURA  DISTRITO DE PIURA, PROVINCIA PIURA, DEPARTAMENTO PIURA";323134.21;PEN;36;Concurso Público Abreviado;services;Alta competencia
1190287;20453744168;GOBIERNO REGIONAL DE CAJAMARCA SEDE CENTRAL;CAJAMARCA;CAJAMARCA;RECUPERACIÓN DEL SERVICIO ECOSISTÉMICO DE REGULACIÓN HÍDRICA EN LA INTERCUENCA ALTO MARAÑÓN IV, PROVINCIA DE CELENDIN, REGIÓN CAJAMARCA;985978.43;PEN;22;Licitación Pública Abreviada;goods;Alta competencia
1193219;20146925848;MUNICIPALIDAD DISTRITAL DE PAMPAROMAS;ANCASH;HUAYLAS;MEJORAMIENTO DE LOS SERVICIOS OPERATIVOS O MISIONALES INSTITUCIONALES EN LA GERENCIA DE INFRAESTRUCTURA Y DESARROLLO TERRITORIAL ¿ GIDT, DE LA MUNICIPALIDAD DISTRITAL DE PAMPAROMAS,   DISTRITO DE PAMPAROMAS DE LA PROVINCIA DE HUAYLAS DEL DEPARTAMENTO DE ANCASH;2189948.91;PEN;9;Licitación Pública;goods;Baja competencia
1197196;20198357660;MUNICIPALIDAD DISTRITAL DE PONTO;ANCASH;HUARI;CREACION DEL SISTEMA DE RIEGO TECNIFICADO EN EL SECTOR DE TUCUHUACANAN, LOCALIDAD DE POYOMONTE,  DISTRITO DE PONTO - PROVINCIA DE HUARI - DEPARTAMENTO DE ANCASH;1191791.5;PEN;10;Licitación Pública Abreviada;works;Mediana competencia
1194561;20165979967;MUNICIPALIDAD PROVINCIAL DE REQUENA;LORETO;REQUENA;CREACION DEL SERVICIO DE MOVILIDAD URBANA EN LA CALLE 1 (MILENIO) PASAJE REQUENA, DEL   DISTRITO DE REQUENA DE LA PROVINCIA DE REQUENA DEL DEPARTAMENTO DE LORETO;454551.65;PEN;19;Concurso Público Abreviado;services;Mediana competencia
1201102;20489252270;GOBIERNO REGIONAL DE PASCO SEDE CENTRAL;PASCO;PASCO;MEJORAMIENTO DEL SERVICIO EDUCATIVO EN EL COLEGIO NACIONAL AGROPECUARIO INTEGRADO N 53 SAN FRANCISCO DE ASIS DEL DISTRITO DE OXAPAMPA - OXAPAMPA - PASCO;8602270.04;PEN;13;Licitación Pública Abreviada;works;Mediana competencia
1200818;20207429091;MUNICIPALIDAD PROVINCIAL DE POMABAMBA;ANCASH;POMABAMBA;MEJORAMIENTO Y AMPLIACION DEL SISTEMA DE AGUA POTABLE EN EL SECTOR DE LLULLAYACU DEL DISTRITO DE POMABAMBA - PROVINCIA DE POMABAMBA - DEPARTAMENTO DE ANCASH;581189.38;PEN;9;Licitación Pública Abreviada;works;Baja competencia
1196955;20312108284;MUNICIPALIDAD DISTRITAL DE JOSE LUIS BUSTAMANTE Y RIVERO;AREQUIPA;AREQUIPA;MEJORAMIENTO DEL SERVICIO DE MOVILIDAD URBANA EN LAS VIAS LOCALES DE LA URB. SATELITE CHICO DEL DISTRITO DE JOSE LUIS BUSTAMANTE Y RIVERO - PROVINCIA DE AREQUIPA - DEPARTAMENTO DE AREQUIPA;2398405.48;PEN;20;Licitación Pública Abreviada;works;Mediana competencia
1197658;20165979967;MUNICIPALIDAD PROVINCIAL DE REQUENA;LORETO;REQUENA;MEJORAMIENTO DEL SERVICIO DE EDUCACIÓN INICIAL EN I.E. 716   DISTRITO DE REQUENA DE LA PROVINCIA DE REQUENA DEL DEPARTAMENTO DE LORETO;507074.76;PEN;18;Concurso Público para Consultoría;services;Mediana competencia
1203162;20479569861;GOBIERNO REGIONAL DE AMAZONAS SEDE CENTRAL;AMAZONAS;CHACHAPOYAS;"REPARACION DE SISTEMA DE ABASTECIMIENTO DE AGUA POTABLE Y RED DE ALCANTARILLADO; EN EL(LA) SISTEMA DE AGUA POTABLE Y ALCANTARILLADO DE LA AV. AVIACION, JR. MATIAZA RIMACHI CDRA. 01 Y 02, AV. LA RIVERA CDRA. 01 Y PROL. ALONSO DE ALVARADO DISTRITO DE SAN NICOLAS, PROVINCIA RODRIGUEZ DE MENDOZA, DEPARTAMENTO AMAZONAS";3991849.48;PEN;15;Licitación Pública Abreviada;works;Mediana competencia
1198740;20146510982;MUNICIPALIDAD DISTRITAL DE SANTA ROSA DE SACCO;JUNIN;YAULI;MEJORAMIENTO Y AMPLIACION DEL SERVICIO DE AGUA POTABLE URBANO Y MEJORAMIENTO Y AMPLIACION DEL SERVICIO DE ALCANTARILLADO EN LOS SECTORES DE TACARPANA Y SANTA ROSA DE SACCO DEL   DISTRITO DE SANTA ROSA DE SACCO DE LA PROVINCIA DE YAULI DEL DEPARTAMENTO DE JUNIN;94590.2;PEN;9;Concurso Público Abreviado;services;Baja competencia
1196776;20509510149;SISTEMA METROPOLITANO DE LA SOLIDARIDAD;LIMA;LIMA;"ADQUISICION DE AMBULANCIA URBANA; EN EL(LA) SISTEMA METROPOLITANO DE LA SOLIDARIDAD / TRASLADO DE PACIENTES  DISTRITO DE RIMAC, PROVINCIA LIMA, DEPARTAMENTO LIMA";1979700;PEN;13;Licitación Pública;goods;Mediana competencia
1197157;20198357660;MUNICIPALIDAD DISTRITAL DE PONTO;ANCASH;HUARI;CREACION DEL SERVICIO DE PROVISIÓN DE AGUA PARA RIEGO EN LA LOCALIDAD DE BARRIO CENTRO POR RIEGO TECNIFICADO  DE CENTRO POBLADO SAN JUAN DISTRITO DE PONTO DE LA PROVINCIA DE HUARI DEL DEPARTAMENTO DE ANCASH;884105.35;PEN;9;Licitación Pública Abreviada;works;Baja competencia
1195426;20527147612;GOBIERNO REGIONAL DE CUSCO SEDE CENTRAL;CUSCO;CUSCO;MEJORAMIENTO Y AMPLIACION DE LOS SERVICIOS DE E.B.R. PRIMARIA Y SECUNDARIA DE LA I.E. NUESTRA SEÑORA DE BELÉN EN EL  DISTRITO DE CALCA - PROVINCIA DE CALCA - DEPARTAMENTO DE CUSCO;318141;PEN;32;Licitación Pública Abreviada;goods;Alta competencia
1192752;20519610214;MUNICIPALIDAD DISTRITAL DE CORONEL GREGORIO ALBARRACIN LANCHIPA;TACNA;TACNA;MEJORAMIENTO DE LOS SERVICIOS OPERATIVOS O MISIONALES INSTITUCIONALES EN LA UNIDAD DE SALUD PUBLICA DEL   DISTRITO DE CORONEL GREGORIO ALBARRACIN LANCHIPA DE LA PROVINCIA DE TACNA DEL DEPARTAMENTO DE TACNA;434915.91;PEN;13;Concurso Público Abreviado;services;Mediana competencia
1198842;20143660754;UNIVERSIDAD NACIONAL SAN CRISTOBAL DE HUAMANGA;AYACUCHO;HUAMANGA;MEJORAMIENTO Y AMPLIACION DEL SERVICIO DE GESTIÓN INSTITUCIONAL EN EL SISTEMA DE VIDEO VIGILANCIA Y CONTROL DE ACCESO DE PERSONAS EN LA CIUDAD UNIVERSITARIA DE LA UNIVERSIDAD NACIONAL DE SAN CRISTOBAL DE HUAMANGA,  DISTRITO DE AYACUCHO - PROVINCIA DE HUAMANGA - DEPARTAMENTO DE AYACUCHO;290060;PEN;36;Licitación Pública Abreviada;goods;Alta competencia
1194051;20202510427;MUNICIPALIDAD DISTRITAL DE CAJA ESPIRITU;HUANCAVELICA;ACOBAMBA;MEJORAMIENTO Y AMPLIACIÓN DEL SISTEMA DE AGUA POTABLE Y CREACIÓN DE UNIDADES BÁSICAS DE SANEAMIENTO EN LAS LOCALIDADES DE  OYOCCOCHA, YURACC CANCHA, PISQUIRI, TOCCTO, RURUNMARCA Y CCASANCCA, DISTRITO DE CAJA - ACOBAMBA - HUANCAVELICA;628279.25;PEN;14;Concurso Público para Consultoría;services;Mediana competencia
1200153;20147142197;MUNICIPALIDAD PROVINCIAL DE UCAYALI - CONTAMANA;LORETO;UCAYALI;CREACION DE SERVICIOS DE AGUA POTABLE Y DISPOSICION SANITARIA DE EXCRETAS EN LA COMUNIDAD NATIVA CANAAN DE CHIATIPISHCA DEL DISTRITO DE CONTAMANA - PROVINCIA DE UCAYALI - DEPARTAMENTO DE LORETO;319589.87;PEN;4;Concurso Público Abreviado;services;Baja competencia
1197970;20531375808;GOBIERNO REGIONAL DE SAN MARTIN SEDE CENTRAL;SAN MARTIN;MOYOBAMBA;MEJORAMIENTO DEL SERVICIO DE ACCESIBILIDAD A LA ADQUISICIÓN DE PRODUCTOS DE PRIMERA NECESIDAD EN EN EL CENTRO POBLADO DE PACAYSAPA,   DISTRITO DE ALONSO DE ALVARADO DE LA PROVINCIA DE LAMAS DEL DEPARTAMENTO DE SAN MARTIN;7833010.25;PEN;18;Licitación Pública;works;Mediana competencia
1201372;20147705850;MUNICIPALIDAD PROVINCIAL DE NAZCA;ICA;NAZCA;MEJORAMIENTO DEL SERVICIO DE EDUCACION PRIMARIA EN I.E. 22740 EDELMIRA RAMOS HERENCIA   DISTRITO DE NASCA DE LA PROVINCIA DE NASCA DEL DEPARTAMENTO DE ICA;160000;PEN;17;Concurso Público Abreviado;services;Mediana competencia
1193887;20527147612;GOBIERNO REGIONAL DE CUSCO SEDE CENTRAL;CUSCO;CUSCO;"CONSTRUCCION DE AMBIENTE DE GESTION ADMINISTRATIVA Y PEDAGOGICA, VESTUARIOS Y/O SSHH DE USUARIOS, ESPACIO DEPORTIVO CON COBERTURA Y CERCO PERIMETRICO; ADEMÁS DE OTROS ACTIVOS EN EL(LA) INSTITUTO DE EDUCACIÓN SUPERIOR PEDAGÓGICA PÚBLICO POMACANCHI,  DISTRITO DE POMACANCHI, PROVINCIA ACOMAYO, DEPARTAMENTO CUSCO";68887.5;PEN;19;Subasta Inversa Electrónica;goods;Mediana competencia
1194312;20275817814;MUNICIPALIDAD DISTRITAL DE PATAZ;LA LIBERTAD;PATAZ;CREACION DEL SERVICIO DE TRANSITABILIDAD VIAL INTERURBANA EN EL TRAMO COMPRENDIDO DESDE EL ANEXO DE CHUQUITAMBO HASTA EL ANEXO DE  NIMPANA,   DISTRITO DE PATAZ DE LA PROVINCIA DE PATAZ DEL DEPARTAMENTO DE LA LIBERTAD;6437942.51;PEN;15;Licitación Pública;works;Mediana competencia
1199845;20440374248;GOBIERNO REGIONAL DE LA LIBERTAD Sede Central;LA LIBERTAD;TRUJILLO;MEJORAMIENTO DEL SISTEMA DE PRODUCCIÓN Y LÍNEA DE CONDUCCIÓN CHAVIMOCHIC, PARA EL SERVICIO DE AGUA POTABLE EN 8 DISTRITOS DE LA PROVINCIA DE TRUJILLO - DEPARTAMENTO DE LA LIBERTAD;38292293.82;PEN;29;Licitación Pública Abreviada;works;Alta competencia
1200904;20207429091;MUNICIPALIDAD PROVINCIAL DE POMABAMBA;ANCASH;POMABAMBA;"CONSTRUCCION DE PISTA Y VEREDA; EN EL(LA) JR. MARIANO MELGAR DEL BARRIO CAÑARI EN LA LOCALIDAD POMABAMBA, DISTRITO DE POMABAMBA, PROVINCIA POMABAMBA, DEPARTAMENTO ANCASH";363256.66;PEN;9;Licitación Pública Abreviada;works;Baja competencia
1201235;20527147612;GOBIERNO REGIONAL DE CUSCO SEDE CENTRAL;CUSCO;CUSCO;MEJORAMIENTO DE LOS SERVICIOS DE ADMINISTRACION DE JUSTICIA EN LOS ORGANOS JURISDICCIONALES DE LA PROVINCIA DE QUISPICANCHI, DISTRITO JUDICIAL DE CUSCO;224050;PEN;11;Adjudicación Simplificada;goods;Mediana competencia
1194844;20201842647;MUNICIPALIDAD DISTRITAL DE SAN JOSE DE LOURDES;CAJAMARCA;SAN IGNACIO;MEJORAMIENTO DEL SERVICIO DE MOVILIDAD URBANA EN LAS CALLES DEL CENTRO POBLADO HUARANGUILLO DEL DISTRITO DE SAN JOSE DE LOURDES - PROVINCIA DE SAN IGNACIO - DEPARTAMENTO DE CAJAMARCA;8131238.91;PEN;16;Licitación Pública;works;Mediana competencia
1196991;20323010961;MUNICIPALIDAD DISTRITAL DE CARHUAPAMPA;ANCASH;OCROS;MEJORAMIENTO DEL SERVICIO DE HABITABILIDAD INSTITUCIONAL EN LA MUNICIPALIDAD DISTRITAL DE CARHUAPAMPA DEL   DISTRITO DE CARHUAPAMPA DE LA PROVINCIA DE OCROS DEL DEPARTAMENTO DE ANCASH;182607.96;PEN;9;Licitación Pública Abreviada;works;Baja competencia
1205266;20131365994;INSTITUTO NACIONAL DE INNOVACION AGRARIA - INIA;LIMA;LIMA;MEJORAMIENTO DE LOS SERVICIOS DE INVESTIGACION Y TRANSFERENCIA DE TECNOLOGIA AGRARIA EN LA ESTACION EXPERIMENTAL AGRARIA BAÑOS DEL INCA EN LA LOCALIDAD LOS BAÑOS DEL INCA DEL DISTRITO DE LOS BAÑOS DEL INCA - PROVINCIA DE CAJAMARCA - DEPARTAMENTO DE CAJAMARCA;1963695.91;PEN;56;Licitación Pública Abreviada;works;Alta competencia
1200482;20166544000;MUNICIPALIDAD DISTRITAL DE SAN MARCOS;ANCASH;HUARI;MEJORAMIENTO DEL SERVICIO DE PRÁCTICA DEPORTIVA Y/O RECREATIVA EN LA LOSA MULTIDEPORTIVA EN EL CASERÍO DE VISTA ALEGRE   DISTRITO DE SAN MARCOS DE LA PROVINCIA DE HUARI DEL DEPARTAMENTO DE ANCASH;391324.92;PEN;8;Concurso Público Abreviado;services;Baja competencia
1199030;20190345344;MUNICIPALIDAD PROVINCIAL DE TAYACAJA - PAMPAS;HUANCAVELICA;TAYACAJA;CREACION DEL SERVICIO DE PRÁCTICA DEPORTIVA Y/O RECREATIVA EN LA LOCALIDAD DE CHANGARA DEL   DISTRITO DE HUARIBAMBA DE LA PROVINCIA DE TAYACAJA DEL DEPARTAMENTO DE HUANCAVELICA;336908.25;PEN;4;Licitación Pública Abreviada;works;Baja competencia
1200639;20148183083;MUNICIPALIDAD DISTRITAL DE SORAYA;APURIMAC;AYMARAES;MEJORAMIENTO DEL SERVICIO DE PROVISIÓN DE AGUA PARA RIEGO EN LAS LOCALIDADES DE CCOCHAPAMPA, CHUYCHO, CCARCCANTA DEL   DISTRITO DE SORAYA DE LA PROVINCIA DE AYMARAES DEL DEPARTAMENTO DE APURIMAC;127393.11;PEN;15;Concurso Público Abreviado;services;Mediana competencia
1198121;20406325815;GOBIERNO REGIONAL DE PUNO SEDE CENTRAL;PUNO;PUNO;MEJORAMIENTO DE LOS SERVICIOS EDUCATIVOS EN LA I.E.S. DOS DE MAYO DE CARACOTO, DISTRITO DE CARACOTO - SAN ROMAN - PUNO;429822.5;PEN;57;Licitación Pública Abreviada;goods;Alta competencia
1195862;20484004421;GOBIERNO REGIONAL DE PIURA SEDE CENTRAL;PIURA;PIURA;MEJORAMIENTO DEL SERVICIO EDUCATIVO DEL NIVEL INICIAL DE LA I.E. N°1346 DEL ASENTAMIENTO HUMANO SAGRADO CORAZON DE JESUS DEL DISTRITO DE TAMBO GRANDE - PROVINCIA DE PIURA - DEPARTAMENTO DE PIURA;3525871.01;PEN;17;Licitación Pública Abreviada;works;Mediana competencia
1195757;20159308961;MUNICIPALIDAD DISTRITAL DE SAN SEBASTIAN;CUSCO;CUSCO;CONSTRUCCION DEL COMPLEJO RECREACIONAL TEMATICO EN LA APV CACHIMAYO-LA PLANICIE, DISTRITO DE SAN SEBASTIAN - CUSCO - CUSCO;131984;PEN;54;Licitación Pública Abreviada;goods;Alta competencia
1195511;20186443391;MUNICIPALIDAD DISTRITAL DE MORO;ANCASH;SANTA;"REPARACION DE CALZADA O PISTA; RENOVACION DE SEÑALES DE TRÁFICO; EN VEINTITRES VIAS URBANAS EN EL CENTRO POBLADO MORO, DISTRITO DE MORO, PROVINCIA SANTA, DEPARTAMENTO ANCASH";1512244.74;PEN;11;Licitación Pública Abreviada;works;Mediana competencia
1196592;20185896723;MUNICIPALIDAD PROVINCIAL DE HUANCANE;PUNO;HUANCANE;CREACION DEL SERVICIO DE PRÁCTICA DEPORTIVA Y/O RECREATIVA EN LA I.E.P. Nº 72319 DE LA PARCIALIDAD DE SUSTIA MUNAYPA DEL   DISTRITO DE HUANCANE DE LA PROVINCIA DE HUANCANE DEL DEPARTAMENTO DE PUNO;358013.95;PEN;14;Licitación Pública Abreviada;works;Mediana competencia
1193458;20131377909;MUNICIPALIDAD DISTRITAL DE EL AGUSTINO;LIMA;LIMA;"RENOVACION DE JUEGOS INFANTILES E INCLUSIVOS Y AREA VERDE; EN EL(LA) PARQUE 7 DE JUNIO Y PARQUE SANTOYO  DISTRITO DE EL AGUSTINO, PROVINCIA LIMA, DEPARTAMENTO LIMA";260671.1;PEN;15;Licitación Pública Abreviada;works;Mediana competencia
1201412;20282911915;MUNICIPALIDAD DISTRITAL DE NUEVO CHIMBOTE;ANCASH;SANTA;MEJORAMIENTO DEL SERVICIO DE ESPACIOS PÚBLICOS VERDES EN LA BERMA CENTRAL DE LA PROLONGACION AV JOSE PARDO (TRAMO AV PORTUARIA HASTA LA AV PELICANOS) DEL   DISTRITO DE NUEVO CHIMBOTE DE LA PROVINCIA DE SANTA DEL DEPARTAMENTO DE ANCASH;290579.42;PEN;18;Concurso Público Abreviado;services;Mediana competencia
1192441;20143189415;MUNICIPALIDAD DISTRITAL DE CHETILLA;CAJAMARCA;CAJAMARCA;MEJORAMIENTO DEL SERVICIO DE AGUA POTABLE RURAL Y MEJORAMIENTO DEL SERVICIO DE ALCANTARILLADO U OTRAS FORMAS DE DISPOSICIÓN SANITARIA DE EXCRETAS EN EL CASERIO EL MANZANO   DISTRITO DE CHETILLA DE LA PROVINCIA DE CAJAMARCA DEL DEPARTAMENTO DE CAJAMARCA;275655.62;PEN;12;Concurso Público Abreviado;services;Mediana competencia
1193599;20227623544;MUNICIPALIDAD DISTRITAL DE CIUDAD NUEVA;TACNA;TACNA;MEJORAMIENTO DEL SERVICIO DE EDUCACIÓN SECUNDARIA, SERVICIO DE EDUCACION PRIMARIA Y SERVICIO DE EDUCACIÓN INICIAL EN I.E. 42250 CESAR COHAILA TAMAYO   DISTRITO DE CIUDAD NUEVA DE LA PROVINCIA DE TACNA DEL DEPARTAMENTO DE TACNA;800000;PEN;15;Concurso Público para Consultoría;services;Mediana competencia
1199895;20154491288;MUNICIPALIDAD DISTRITAL DE EL ALGARROBAL;MOQUEGUA;ILO;CREACION DEL SERVICIO DE PRÁCTICA DEPORTIVA Y/O RECREATIVA EN EL PARQUE DE LA MZ 26 LOTE 09 DEL PROMUVI 1   DISTRITO DE EL ALGARROBAL DE LA PROVINCIA DE ILO DEL DEPARTAMENTO DE MOQUEGUA;121873;PEN;10;Licitación Pública Abreviada;goods;Mediana competencia
1197609;20527147612;GOBIERNO REGIONAL DE CUSCO SEDE CENTRAL;CUSCO;CUSCO;MEJORAMIENTO DEL SERVICIO FISCAL, SERVICIO MÉDICO LEGAL Y FORENSE EN LA SEDE FISCAL PROVINCIAL LA CONVENCIÓN   DISTRITO DE SANTA ANA DE LA PROVINCIA DE LA CONVENCION DEL DEPARTAMENTO DE CUSCO,MEJORAMIENTO DEL SERVICIO DE HABITABILIDAD INSTITUCIONAL EN LA UNIDAD DE GESTION EDUCATIVA LOCAL CUSCO,   DISTRITO DE CUSCO DE LA PROVINCIA DE CUSCO DEL DEPARTAMENTO DE CUSCO,MEJORAMIENTO Y AMPLIACION DE LOS SERVICIOS DE SALUD DEL ESTABLECIMIENTO DE SALUD DE BELEMPAMPA - DISTRITO DE SANTIAGO - PROVINCIA DE CUSCO - REGION CUSCO,MEJORAMIENTO DEL SERVICIO DE EDUCACION SECUNDARIA DE LA I.E. JOSE OLAYA DEL CC.PP URBANO DE QUELLOUNO,  DISTRITO DE QUELLOUNO, PROVINCIA LA CONVENCIÓN, DEPARTAMENTO CUSCO,MEJORAMIENTO DE LOS SERVICIOS EDUCATIVOS DEL I.S.P.P  VIRGEN DE LA NATIVIDAD,  DISTRITO DE PARURO - PROVINCIA DE PARURO - DEPARTAMENTO DE CUSCO,MEJORAMIENTO DE LOS SERVICIOS DE SALUD, EN EL CENTRO DE SALUD INDEPENDENCIA DEL DISTRITO DE CUSCO - PROVINCIA DE CUSCO - DEPARTAMENTO DE CUSCO,MEJORAMIENTO DE LA OFERTA DE SERVICIOS EDUCATIVOS EN EL NIVEL PRIMARIO Y SECUNDARIO EN LA INSTITUCIÓN EDUCATIVA INTEGRADA N° 56373 DANIEL ESTRADA PEREZ  DEL POBLADO DE MOSOC LLACTA DEL DISTRITO DE MOSOC LLACTA - PROVINCIA DE ACOMAYO - DEPARTAMENTO DE CUSCO,MEJORAMIENTO DEL SERVICIO  DE CAPACIDADES COMPETITIVAS DE LA CADENA PRODUCTIVA  DE ALPACAS DE LA REGION CUSCO,RECUPERACION DE ECOSISTEMAS BOSQUE ALTIMONTANO (PLUVIAL) DE YUNGA, BOSQUE BASIMONTANO DE YUNGA, BOSQUE MONTANO DE YUNGA, BOSQUE ESTACIONALMENTE SECO ORIENTAL, PAJONAL DE PUNA HÚMEDA (INFRAESTRUCTURA VERDE),\n EN 8 DISTRITOS DE LA  PROVINCIA DE LA CONVENCION - DEPARTAMENTO DE CUSCO,MEJORAMIENTO DE LOS SERVICIOS ECOSISTÉMICOS  EN EL  APOYO AL DESARROLLO PRODUCTIVO FORESTAL SOSTENIBLE EN LA MICROCUENCA PALCCAMAYO   DISTRITO DE OCONGATE DE LA PROVINCIA DE QUISPICANCHI DEL DEPARTAMENTO DE CUSCO,CREACION DE LOS SERVICIOS DE TRANSITABILIDAD VEHICULAR RUTA CU-104 TRAMO PUENTE TAHUIS Y SAN ANTONIO DEL DISTRITO DE YANATILE - PROVINCIA DE CALCA - DEPARTAMENTO DE CUSCO;93680;PEN;4;Concurso Público Abreviado;services;Baja competencia
1198835;20148092282;UNIVERSIDAD NACIONAL MAYOR DE SAN MARCOS;LIMA;LIMA;AMPLIACION, REMODELACION E IMPLEMENTACION DE LA EAP ING. GEOGRAFICA;386589.87;PEN;31;Concurso Público Abreviado;services;Alta competencia
1216255;20527760314;UNIVERSIDAD NACIONAL JOSE MARIA ARGUEDAS;APURIMAC;ANDAHUAYLAS;CREACION DE LOS SERVICIOS DE FORMACIÓN PROFESIONAL EN CONTABILIDAD DE LA UNIVERSIDAD NACIONAL JOSE MARÍA ARGUEDAS DE  DISTRITO DE SAN JERONIMO - PROVINCIA DE ANDAHUAYLAS - DEPARTAMENTO DE APURIMAC;594100;PEN;19;Licitación Pública;goods;Mediana competencia
1201006;20162368533;MUNICIPALIDAD DISTRITAL DE NUEVA ARICA;LAMBAYEQUE;CHICLAYO;MEJORAMIENTO Y AMPLIACION DEL SERVICIO DE EDUCACIÓN PRIMARIA DE LA I.E. N° 10038 DEL C.P. NUEVA ARICA DEL DISTRITO DE NUEVA ARICA - PROVINCIA DE CHICLAYO - DEPARTAMENTO DE LAMBAYEQUE;8415495.77;PEN;16;Licitación Pública;works;Mediana competencia
1192211;20221150733;MUNICIPALIDAD DISTRITAL DE YARABAMBA;AREQUIPA;AREQUIPA;MEJORAMIENTO DEL SERVICIO DE AGUA PARA RIEGO DE CANALES LATERALES UBICADOS ENTRE LA BOCATOMA ALTO SOGAY HASTA LA QUEBRADA EL BORRACHO - PUENTELON DE ACEQUIA ALTO SOGAY EN EL PUEBLO TRADICIONAL SOGAY,  DISTRITO DE YARABAMBA - PROVINCIA DE AREQUIPA - DEPARTAMENTO DE AREQUIPA;324415;PEN;4;Subasta Inversa Electrónica;goods;Baja competencia
1199983;20177662446;MUNICIPALIDAD PROVINCIAL DEL ALTO AMAZONAS - YURIMAGUAS;LORETO;ALTO AMAZONAS;"RENOVACION DE CAPTACION DE AGUA ; CONSTRUCCION DE LINEA DE IMPULSION, PLANTA DE TRATAMIENTO DE AGUA GRADO INYECTABLE (WFI) Y RESERVORIO; ADEMÁS DE OTROS ACTIVOS EN EL(LA) CENTRO POBLADO PUMAYACU,  DISTRITO DE YURIMAGUAS, PROVINCIA ALTO AMAZONAS, DEPARTAMENTO LORETO";713743.74;PEN;6;Licitación Pública Abreviada;works;Baja competencia
1198058;20146657142;MUNICIPALIDAD DISTRITAL DE SAN RAMON;JUNIN;CHANCHAMAYO;"CONSTRUCCION DE NICHO; EN EL(LA) CEMENTERIO GENERAL MUNICIPAL DE SAN RAMÓN DEL  DISTRITO DE SAN RAMON, PROVINCIA CHANCHAMAYO, DEPARTAMENTO JUNIN";395895.38;PEN;8;Licitación Pública Abreviada;works;Baja competencia
1197494;20198250199;MUNICIPALIDAD DISTRITAL DE CHAVIN DE HUANTAR;ANCASH;HUARI;MEJORAMIENTO DEL SERVICIO DE AGUA POTABLE RURAL Y MEJORAMIENTO DEL SERVICIO DE ALCANTARILLADO U OTRAS FORMAS DE DISPOSICIÓN SANITARIA DE EXCRETAS EN EL CASERÍO DE CHUNA DEL CENTRO POBLADO TRES ESTRELLAS DE PUTCOR,   DISTRITO DE CHAVIN DE HUANTAR DE LA PROVINCIA DE HUARI DEL DEPARTAMENTO DE ANCASH;2992900.19;PEN;10;Licitación Pública Abreviada;works;Mediana competencia
1197976;20187362840;MUNICIPALIDAD DISTRITAL DE ELIAS SOPLIN VARGAS;SAN MARTIN;RIOJA;MEJORAMIENTO DEL SERVICIO DE TRANSITABILIDAD URBANA EN LA AV JERUSALEN, AV  DOS OLIVOS, JR AMAZONAS,  JR LIMA Y JR RIOJA DEL  DISTRITO DE ELIAS SOPLIN VARGAS - PROVINCIA DE RIOJA - DEPARTAMENTO DE SAN MARTIN;438663.05;PEN;15;Concurso Público Abreviado;services;Mediana competencia
1199762;20206511053;MUNICIPALIDAD DISTRITAL DE SITABAMBA;LA LIBERTAD;SANTIAGO DE CHUCO;MEJORAMIENTO DEL SERVICIO DE TRANSITABILIDAD VIAL INTERURBANA EN LAS VIAS VECINALES DEL   DISTRITO DE SITABAMBA DE LA PROVINCIA DE SANTIAGO DE CHUCO DEL DEPARTAMENTO DE LA LIBERTAD;786000;PEN;8;Licitación Pública;goods;Baja competencia
1199331;20159386253;MUNICIPALIDAD DISTRITAL DE SAN JERONIMO - CUSCO;CUSCO;CUSCO;"MEJORAMIENTO DEL SERVICIOS DE ESPACIOS PÚBLICOS URBANOS EN ;CATASTRO URBANO Y RURAL   DISTRITO DE SAN JERONIMO DE LA PROVINCIA DE CUSCO DEL DEPARTAMENTO DE CUSCO";89300;PEN;15;Licitación Pública Abreviada;goods;Mediana competencia
1219116;20414868216;PROGRAMA SUBSECTORIAL DE IRRIGACIONES - PSI;LIMA;LIMA;MEJORAMIENTO DEL SERVICIO DE AGUA A NIVEL PARCELARIO CON UN SISTEMA DE RIEGO TECNIFICADO POR MULTICOMPUERTAS PARA EL GRUPO DE GESTION EMPRESARIAL YOCARA DEL DISTRITO DE JULIACA - PROVINCIA DE SAN ROMAN - DEPARTAMENTO DE PUNO;20000;PEN;1;Convenio;services;Baja competencia
1194457;20131369477;INSTITUTO TECNOLOGICO DE LA PRODUCCION;LIMA;LIMA;MEJORAMIENTO Y AMPLIACION SERVICIOS DE INNOVACIÓN PRODUCTIVA Y TRANSFERENCIA TECNOLÓGICA EN LA CADENA DE VALOR DE PRODUCTOS PROCESADOS DE FRUTAS, HORTALIZAS, LEGUMBRES, CEREALES (ARÁNDANOS, MARACUYÁ, PIÑA, PIMIENTO, AJÍ, CHÍA Y QUINUA) Y LÁCTEOS EN EL CITEAGROINDUSTRIAL CHAVIMOCHIC  DISTRITO DE VIRU - PROVINCIA DE VIRU - DEPARTAMENTO DE LA LIBERTAD;2576359.99;PEN;8;Licitación Pública;goods;Baja competencia
1200077;20131376767;MUNICIPALIDAD DISTRITAL DE LURIN;LIMA;LIMA;CREACION DEL SERVICIO DE PROTECCIÓN Y CUIDADO DIURNO PARA POBLACIÓN VULNERABLE EN RIESGO DE DESPROTECCIÓN EN ASOCIACIÓN DE PROPIETARIOS DE LA URBANIZACIÓN LAS VIRREYNAS, MZ.B´ PARTE DE PARCELA B-84-84-A EDF.PIS./REF. ZONA B,   DISTRITO DE LURIN DE LA PROVINCIA DE LIMA DEL DEPARTAMENTO DE LIMA;328057.3;PEN;13;Subasta Inversa Electrónica;goods;Mediana competencia
1194308;20202313435;MUNICIPALIDAD DISTRITAL DE HUANTAN;LIMA;YAUYOS;MEJORAMIENTO DEL SERVICIO DE PROVISIÓN DE AGUA PARA RIEGO EN CANAL DE RIEGO EN EL SECTOR CAYUNA  DE CENTRO POBLADO HUANTAN DISTRITO DE HUANTAN DE LA PROVINCIA DE YAUYOS DEL DEPARTAMENTO DE LIMA;143505.17;PEN;2;Licitación Pública Abreviada;works;Baja competencia
1192689;20611816953;AUTORIDAD NACIONAL DE INFRAESTRUCTURA;LIMA;LIMA;MEJORAMIENTO Y AMPLIACION DEL SERVICIO DE TRANSITABILIDAD VIAL INTERURBANA EN LA VÍA DEPARTAMENTAL LI-114: EMP. PE-10 A (DV. OTUZCO) - OTUZCO - PTE. CARATA - DV. CHARAT - SAHUACHIQUE - USQUIL - EMP. LI-111 (CUYUCHUGO) - DISTRITO DE USQUIL Y   DISTRITO DE OTUZCO DE LA PROVINCIA DE OTUZCO DEL DEPARTAMENTO DE LA LIBERTAD;159833913.3;PEN;3;Contratos Estandarizados;works;Baja competencia
1201868;20131366702;MUNICIPALIDAD DISTRITAL DE PUENTE PIEDRA;LIMA;LIMA;"REPARACION DE PISTA; CONSTRUCCION DE VEREDA; EN EL(LA) AV. SAN MARTIN DE PORRES DESDE LA AV. COPACABANA HASTA CA. LAS FLORES,  DISTRITO DE PUENTE PIEDRA, PROVINCIA LIMA, DEPARTAMENTO LIMA,MEJORAMIENTO Y AMPLIACION DEL SERVICIO DE MOVILIDAD URBANA EN LA VIA COPACABANA DESDE LA AV. LAS VIÑAS HASTA LA AV. PERIMETRICA ¿ SECTOR COPACABANA ¿   DISTRITO DE PUENTE PIEDRA DE LA PROVINCIA DE LIMA DEL DEPARTAMENTO DE LIMA";2829780.2;PEN;19;Licitación Pública Abreviada;works;Mediana competencia
1192743;20143189091;MUNICIPALIDAD DISTRITAL DE HUARANGO;CAJAMARCA;SAN IGNACIO;AMPLIACION DEL SERVICIO DE SUMINISTRO ELÉCTRICO DOMICILIARIO EN ZONAS RURALES EN EL SECTOR LA CATAHUA, SECTOR LAS PALMERAS, SECTOR LA FILA, SECTOR SAN ANTONIO,  SECTOR LA PLAYITA Y SECTOR LA JALQUILLA DE LA LOCALIDAD DE HUARANGO   DISTRITO DE HUARANGO DE LA PROVINCIA DE SAN IGNACIO DEL DEPARTAMENTO DE CAJAMARCA;173374.54;PEN;10;Licitación Pública Abreviada;goods;Mediana competencia
1194641;20148421103;MUNICIPALIDAD PROVINCIAL DE PISCO;ICA;PISCO;"CONSTRUCCION DE SISTEMA DE SUMINISTRO ELECTRICO; EN EL(LA) PARQUE ZONAL  DISTRITO DE PISCO, PROVINCIA PISCO, DEPARTAMENTO ICA";189186.13;PEN;13;Licitación Pública Abreviada;works;Mediana competencia
1195017;20185898343;GOBIERNO REGIONAL DE APURIMAC-CHANKA;APURIMAC;ABANCAY;MEJORAMIENTO DEL SERVICIO DE MOVILIDAD URBANA EN EL BARRIO DE HUASIPARA, TRAMO CCOTOMARCA ¿HUASIPARA   DISTRITO DE SAN JERONIMO DE LA PROVINCIA DE ANDAHUAYLAS DEL DEPARTAMENTO DE APURIMAC;3331834.01;PEN;17;Licitación Pública Abreviada;works;Mediana competencia
1198607;20527147612;GOBIERNO REGIONAL DE CUSCO SEDE CENTRAL;CUSCO;CUSCO;"CONSTRUCCION DE AMBIENTE DE GESTION ADMINISTRATIVA Y PEDAGOGICA, VESTUARIOS Y/O SSHH DE USUARIOS, ESPACIO DEPORTIVO CON COBERTURA Y CERCO PERIMETRICO; ADEMÁS DE OTROS ACTIVOS EN EL(LA) INSTITUTO DE EDUCACIÓN SUPERIOR PEDAGÓGICA PÚBLICO POMACANCHI,  DISTRITO DE POMACANCHI, PROVINCIA ACOMAYO, DEPARTAMENTO CUSCO";96664;PEN;3;Comparación de Precios;goods;Baja competencia
1198137;20159308881;MUNICIPALIDAD DISTRITAL DE WANCHAQ;CUSCO;CUSCO;MEJORAMIENTO DEL SERVICIO DE PRÁCTICA DEPORTIVA Y/O RECREATIVA EN PARQUE DE LA URBANIZACIÓN SAN FRANCISCO   DISTRITO DE WANCHAQ DE LA PROVINCIA DE CUSCO DEL DEPARTAMENTO DE CUSCO;185535;PEN;13;Licitación Pública Abreviada;goods;Mediana competencia
1192736;20519752515;GOBIERNO REGIONAL DE TACNA SEDE CENTRAL;TACNA;TACNA;MEJORAMIENTO DE LOS SERVICIOS DE VIGILANCIA Y CONTROL EN LAS AREAS NATURALES PROTEGIDAS DEL AREA DE CONSERVACION REGIONAL VILACOTA MAURE DE LAS PROVINCIAS DE TARATA, CANDARAVE Y TACNA DEL DEPARTAMENTO TACNA;48180;PEN;5;Subasta Inversa Electrónica;goods;Baja competencia
1195678;20154469941;MUNICIPALIDAD PROVINCIAL DE MARISCAL NIETO - MOQUEGUA;MOQUEGUA;MARISCAL NIETO;MEJORAMIENTO DEL SERVICIO DE TRANSITABILIDAD VIAL DE LA RUTA: R1801258 EN LA JUNTA VECINAL DE CHARSAGUA Y ALTO LA VILLA DEL CENTRO POBLADO LOS ANGELES,  DISTRITO DE MOQUEGUA - PROVINCIA DE MARISCAL NIETO - DEPARTAMENTO DE MOQUEGUA;160000;PEN;20;Concurso Público Abreviado;services;Mediana competencia
1201419;20527056579;UNIVERSIDAD NACIONAL MICAELA BASTIDAS DE APURIMAC;APURIMAC;ABANCAY;MEJORAMIENTO DEL SERVICIO DE FORMACIÓN DE POSGRADO EN EDUCACIÓN SUPERIOR UNIVERSITARIA EN LA UNIDAD DE POSGRADO DE LA FACULTAD DE ADMINISTRACION DE LA UNIVERSIDAD NACIONAL MICAELA BASTIDAS DE APURIMAC   DISTRITO DE TAMBURCO DE LA PROVINCIA DE ABANCAY DEL DEPARTAMENTO DE APURIMAC;172300;PEN;23;Licitación Pública Abreviada;goods;Alta competencia
1197785;20131377810;SERVICIO NACIONAL DE CAPACITACION PARA LA INDUSTRIA DE LA CONSTRUCCION;LIMA;LIMA;CONSTRUCCION DE LA INFRAESTRUCTURA DEL CENTRO DE CAPACITACION SENCICO ZONAL PUNO;752152.11;PEN;2;Contratación Directa;services;Baja competencia
1202107;20131369477;INSTITUTO TECNOLOGICO DE LA PRODUCCION;LIMA;LIMA;MEJORAMIENTO DE LOS SERVICIOS TECNOLOGICOS DEL CENTRO DE INNOVACION TECNOLOGICA DEL CUERO, CALZADO E INDUSTRIAS CONEXAS (CITECCAL) DISTRITO RIMAC, PROVINCIA Y DEPARTAMENTO DE LIMA;95000;PEN;12;Licitación Pública Abreviada;goods;Mediana competencia
1192113;20202072489;MUNICIPALIDAD DISTRITAL DE SUCRE;CAJAMARCA;CELENDIN;"REMODELACION DE INFRAESTRUCTURA DEPORTIVA; RENOVACION DE EQUIPO DEPORTIVO - RECREATIVO; EN EL(LA) I.E. 821013 EN EL CENTRO POBLADO CRUZ CONGA, DISTRITO DE SUCRE, PROVINCIA CELENDIN, DEPARTAMENTO CAJAMARCA";486966.58;PEN;13;Licitación Pública Abreviada;works;Mediana competencia
1202172;20490600842;GOBIERNO REGIONAL DE APURIMAC - UNIDAD EJECUTORA 004: PRO DESARROLLO APURIMAC;APURIMAC;ABANCAY;MEJORAMIENTO DEL SERVICIO DE AGUA PARA EL SISTEMA DE RIEGO CANAL I TINTAY Y CANAL I CAVIRA DE LAS LOCALIDADES DE TINTAY Y CAVIRA, DISTRITO DE KISHUARA - ANDAHUAYLAS - APURIMAC;203575.83;PEN;36;Licitación Pública Abreviada;goods;Alta competencia
1198413;20208070836;MUNICIPALIDAD DISTRITAL DE DANIEL HERNANDEZ;HUANCAVELICA;TAYACAJA;MEJORAMIENTO DE LOS SERVICIOS OPERATIVOS O MISIONALES INSTITUCIONALES EN LA OFICINA DE DESARROLLO SOCIAL DEL   DISTRITO DE DANIEL HERNANDEZ DE LA PROVINCIA DE TAYACAJA DEL DEPARTAMENTO DE HUANCAVELICA;757423.16;PEN;6;Licitación Pública Abreviada;works;Baja competencia
1200317;20169031674;MUNICIPALIDAD DISTRITAL DE ACORA;PUNO;PUNO;MEJORAMIENTO DE LOS SERVICIOS DE APOYO AL DESARROLLO PRODUCTIVO EN LA CADENA PRODUCTIVA DEL CULTIVO DE AJOS EN LA ZONA LAGO DEL   DISTRITO DE ACORA DE LA PROVINCIA DE PUNO DEL DEPARTAMENTO DE PUNO;68270;PEN;3;Comparación de Precios;goods;Baja competencia
1193847;20452393493;GOBIERNO REGIONAL DE AYACUCHO SEDE CENTRAL;AYACUCHO;HUAMANGA;CREACION DE TROCHA CARROZABLE TIQUIHUA - PUMA RUMI DEL DISTRITO DE HUALLA - PROVINCIA DE VICTOR FAJARDO - DEPARTAMENTO DE AYACUCHO;56984.98;PEN;11;Subasta Inversa Electrónica;goods;Mediana competencia
1197859;20164503080;FONDO METROPOLITANO DE INVERSIONES;LIMA;LIMA;"REPARACION DE PISTA; EN EL(LA) JR. LA LIBERTAD  DISTRITO DE SAN MIGUEL, PROVINCIA LIMA, DEPARTAMENTO LIMA";71744.53;PEN;33;Concurso Público Abreviado;services;Alta competencia
1213370;20221107137;GOBIERNO REGIONAL DE PUNO-AGRICULTURA;PUNO;PUNO;MEJORAMIENTO DE CAPACIDADES PRODUCTIVAS PARA PROMOVER LA SEGURIDAD ALIMENTARIA EN LA REACTIVACIÓN  ECONÓMICA DE LAS 13 PROVINCIAS DEL DEPARTAMENTO DE PUNO;261300;PEN;31;Licitación Pública Abreviada;goods;Alta competencia
1200861;20165195290;MUNICIPALIDAD PROVINCIAL DE SAN ROMAN - JULIACA;PUNO;SAN ROMAN;MEJORAMIENTO DE SERVICIO DE TRANSITABILIDAD VEHICULAR Y PEATONAL DE LA URB. SANTA MARIA III DE LA CIUDAD DE JULIACA DEL DISTRITO DE JULIACA - PROVINCIA DE SAN ROMAN - DEPARTAMENTO DE PUNO;156699.34;PEN;18;Concurso Público Abreviado;services;Mediana competencia
1191984;20148421103;MUNICIPALIDAD PROVINCIAL DE PISCO;ICA;PISCO;"REMODELACION DE SISTEMA DE ABASTECIMIENTO DE AGUA POTABLE Y RED DE ALCANTARILLADO; EN EL(LA) SERVICIO DE SANEAMIENTO DEL SECTOR CASALLA  DISTRITO DE TUPAC AMARU INCA, PROVINCIA PISCO, DEPARTAMENTO ICA";2365728;PEN;21;Licitación Pública Abreviada;works;Alta competencia
1201098;20193164677;MUNICIPALIDAD DISTRITAL DE PARAS;AYACUCHO;CANGALLO;MEJORAMIENTO Y AMPLIACION DEL SERVICIO DE EDUCACIÓN INICIAL EN I.E. 373  DE CENTRO POBLADO PARAS DISTRITO DE PARAS DE LA PROVINCIA DE CANGALLO DEL DEPARTAMENTO DE AYACUCHO;3935426.95;PEN;10;Licitación Pública Abreviada;works;Mediana competencia
1201481;20527141762;GOBIERNO REGIONAL DE APURIMAC SEDE CENTRAL;APURIMAC;ABANCAY;MEJORAMIENTO DE LOS SERVICIOS DE SALUD DEL CENTRO DE SALUD TAMBURCO,  DISTRITO DE TAMBURCO - PROVINCIA DE ABANCAY - DEPARTAMENTO DE APURIMAC;374910;PEN;42;Licitación Pública Abreviada;goods;Alta competencia
1201852;20131379600;MUNICIPALIDAD DISTRITAL DE LA PUNTA;CALLAO;CALLAO;"REPARACION DE INFRAESTRUCTURA DEPORTIVA; EN EL(LA) COMPLEJO DEPORTIVO MUNICIPAL FORTUNATO MAROTTA  DISTRITO DE LA PUNTA, PROVINCIA CONSTITUCIONAL DEL CALLAO, DEPARTAMENTO CALLAO";1644240.28;PEN;16;Licitación Pública Abreviada;works;Mediana competencia
1200757;20452393493;GOBIERNO REGIONAL DE AYACUCHO SEDE CENTRAL;AYACUCHO;HUAMANGA;MEJORAMIENTO DE LOS SERVICIOS DE FORMACIÓN PROFESIONAL EN INGENIERÍA AGROINDUSTRIAL DE LA UNIVERSIDAD NACIONAL DE SAN CRISTÓBAL DE HUAMANGA, DISTRITO DE AYACUCHO, PROVINCIA DE HUAMANGA, DEPARTAMENTO DE AYACUCHO;870000;PEN;32;Concurso Público de Servicios;services;Alta competencia
1195671;20519752515;GOBIERNO REGIONAL DE TACNA SEDE CENTRAL;TACNA;TACNA;MEJORAMIENTO DEL SERVICIO EDUCATIVO EN EL NIVEL INICIAL Y PRIMARIO DE LA I.E. N°42259 - ANEXO MORRO SAMA ,  DISTRITO DE SAMA - PROVINCIA DE TACNA - DEPARTAMENTO DE TACNA;292575.65;PEN;20;Licitación Pública Abreviada;goods;Mediana competencia
1200366;20530688390;GOBIERNO REGIONAL DE LIMA SEDE CENTRAL;LIMA;HUAURA;MEJORAMIENTO DE PISTAS, VEREDAS Y HABILITACION DE AREAS VERDES DE LA CALLES SAN MARTIN, PASAJE 1, ESPINAR, BOLOGNESI, CALLE 6 Y SUCRE, DISTRITO DE SUPE - BARRANCA - LIMA;401999.75;PEN;28;Concurso Público Abreviado;services;Alta competencia
1196348;20527056579;UNIVERSIDAD NACIONAL MICAELA BASTIDAS DE APURIMAC;APURIMAC;ABANCAY;MEJORAMIENTO DEL SERVICIO DE FORMACIÓN DE POSGRADO EN EDUCACIÓN SUPERIOR UNIVERSITARIA EN LA UNIDAD DE POSGRADO DE LA FACULTAD DE ADMINISTRACION DE LA UNIVERSIDAD NACIONAL MICAELA BASTIDAS DE APURIMAC   DISTRITO DE TAMBURCO DE LA PROVINCIA DE ABANCAY DEL DEPARTAMENTO DE APURIMAC;237998;PEN;49;Licitación Pública Abreviada;goods;Alta competencia
1193217;20494642078;GOBIERNO REGIONAL DE AYACUCHO - PROGRAMA REGIONAL DE IRRIGACION Y DESARROLLO RURAL INTEGRADO;AYACUCHO;HUAMANGA;AMPLIACION DE LA PRESA ANCASCOCHA Y AFIANZAMIENTO DEL VALLE DE YAUCA (AYACUCHO Y AREQUIPA);60000;PEN;15;Concurso Público Abreviado;services;Mediana competencia
1196125;20406325815;GOBIERNO REGIONAL DE PUNO SEDE CENTRAL;PUNO;PUNO;"ADQUISICION DE EQUIPO DE ANESTESIA, VENTILADOR MECANICO, SISTEMA DE CIRUGIA LAPAROSCOPICA Y SISTEMA DE VIDEO GASTROENDOSCOPIA; ADEMÁS DE OTROS ACTIVOS EN EL(LA) HOSPITAL SAN MARTIN DE PORRES  DISTRITO DE MACUSANI, PROVINCIA CARABAYA, DEPARTAMENTO PUNO";3484000;PEN;23;Licitación Pública;goods;Alta competencia
1192683;20519752515;GOBIERNO REGIONAL DE TACNA SEDE CENTRAL;TACNA;TACNA;MEJORAMIENTO DE LOS SERVICIOS DE VIGILANCIA Y CONTROL EN LAS AREAS NATURALES PROTEGIDAS DEL AREA DE CONSERVACION REGIONAL VILACOTA MAURE DE LAS PROVINCIAS DE TARATA, CANDARAVE Y TACNA DEL DEPARTAMENTO TACNA;72360;PEN;5;Subasta Inversa Electrónica;goods;Baja competencia
1200006;20452393493;GOBIERNO REGIONAL DE AYACUCHO SEDE CENTRAL;AYACUCHO;HUAMANGA;MEJORAMIENTO Y AMPLIACION DE LA CARRETERA EMP. PE ¿ 32A (MINASCUCHO) ¿ LLACHOCCMAYO - ALLPACHACA ¿ MUNAYPATA - EMP. AY-106 (ROSASPATA), DISTRITOS DE CHIARA, LOS MOROCHUCOS Y VINCHOS DE LAS PROVINCIAS DE HUAMANGA Y CANGALLO DEL  DEPARTAMENTO DE AYACUCHO;484500;PEN;17;Concurso Público Abreviado;services;Mediana competencia
1193125;20154491873;MUNICIPALIDAD PROVINCIAL DE ILO;MOQUEGUA;ILO;CREACION DEL SERVICIO DEPORTIVO Y RECREATIVO ENTRE EL PROMUVI V Y PROMUVI VI DE LA PAMPA INALAMBRICA,  DISTRITO DE ILO - PROVINCIA DE ILO - DEPARTAMENTO DE MOQUEGUA;118462.5;PEN;10;Concurso Público Abreviado;services;Mediana competencia
1211876;20177217043;MUNICIPALIDAD PROVINCIAL DEL CUSCO;CUSCO;CUSCO;MEJORAMIENTO DEL SERVICIO DE LA TRANSITABILIDAD VEHICULAR Y PEATONAL ENTRE LA ASOCIACION PRO VIVIENDA CRUZ VERDE - SECTOR CHINCHAYSUYO - SECTOR HUAMPAR Y LA LOCALIDAD DE POROY, DISTRITO DE POROY - CUSCO - CUSCO;235117;PEN;18;Licitación Pública Abreviada;goods;Mediana competencia
1201445;20519610214;MUNICIPALIDAD DISTRITAL DE CORONEL GREGORIO ALBARRACIN LANCHIPA;TACNA;TACNA;CREACION DEL SERVICIO DE SUMINISTRO ELÉCTRICO DOMICILIARIO EN ZONAS URBANAS  EN MEDIANTE REDES PRIMARIAS Y REDES SECUNDARIAS EN EL SECTOR 7 DEL   DISTRITO DE CORONEL GREGORIO ALBARRACIN LANCHIPA DE LA PROVINCIA DE TACNA DEL DEPARTAMENTO DE TACNA;308044.3;PEN;12;Concurso Público Abreviado;services;Mediana competencia
1200036;20185898343;GOBIERNO REGIONAL DE APURIMAC-CHANKA;APURIMAC;ABANCAY;MEJORAMIENTO Y AMPLIACION DEL SERVICIO DE AGUA PARA RIEGO EN ANCCARAYLLA, CCACCE,CHAVELAYOC, PALMA REAL,SANTA ROSA ALTA,UNIÓN CLAVELES,CUNCAYOC,CCACHCCARUMIHUAYCCO, RAYANNIYOC,CCOCHO MOCCO, SANTA ANITA,AÑASORCCO,SACHAYOC MOCCO,CABALLO OCCO,PURMACC WASICUCHO, POTRERO OCCO,CCALLPA MOCCO,CUMANAYLLA,CHECCHE,SACLAYA, ÑAHUINPUQUIO, HUARACCOPATA, CCANCHUPATA Y CHAQUICCOCHAPATA, EN LOS DISTRITOS DE ANDAHUAYLAS, SAN JERONIMO Y JOSE MARIA ARGUEDAS DE LA  PROVINCIA DE ANDAHUAYLAS - DEPARTAMENTO DE APURIMAC;201670;PEN;34;Licitación Pública Abreviada;goods;Alta competencia
1193053;20142747155;MUNICIPALIDAD PROVINCIAL DE HUARMEY;ANCASH;HUARMEY;CREACION  SERVICIO DE MOVILIDAD URBANA EN LAS VIAS LOCALES DE LA P.V.H.U. ZONA ESTE   DISTRITO DE HUARMEY DE LA PROVINCIA DE HUARMEY DEL DEPARTAMENTO DE ANCASH;1257672.45;PEN;22;Licitación Pública Abreviada;works;Alta competencia
1201050;20406325815;GOBIERNO REGIONAL DE PUNO SEDE CENTRAL;PUNO;PUNO;MEJORAMIENTO DEL SERVICIO DE EDUCACIÓN INICIAL EN I.E. 69   DISTRITO DE ANTAUTA DE LA PROVINCIA DE MELGAR DEL DEPARTAMENTO DE PUNO;106231.38;PEN;40;Licitación Pública Abreviada;goods;Alta competencia
1192117;20205141830;MUNICIPALIDAD DISTRITAL DE SOPLIN;LORETO;REQUENA;"REPARACION DE CENTRO MEDICO; ADQUISICION DE EQUIPOS BIOMEDICOS; EN EL(LA) CAPANAHUA EN LA LOCALIDAD NUEVO CAPANAHUA, DISTRITO DE SOPLIN, PROVINCIA REQUENA, DEPARTAMENTO LORETO";1185092.05;PEN;1;Licitación Pública Abreviada;works;Baja competencia
1198761;20163065330;MUNICIPALIDAD PROVINCIAL DE SANTA - CHIMBOTE;ANCASH;SANTA;CREACION DEL SERVICIO DE DRENAJE PLUVIAL EN EL A.H. BARRIO FISCAL N° 5 DEL   DISTRITO DE CHIMBOTE DE LA PROVINCIA DE SANTA DEL DEPARTAMENTO DE ANCASH;2431580.5;PEN;18;Licitación Pública Abreviada;works;Mediana competencia
1219632;20147346434;MUNICIPALIDAD PROVINCIAL DE ESPINAR;CUSCO;ESPINAR;CREACION DEL SERVICIO DE MOVILIDAD URBANA EN LAS VÍAS LOCALES DE LAS CALLES DE LA ADV MOLLOPUCJIO EN EL CENTRO POBLADO DE YAURI  DISTRITO DE ESPINAR - PROVINCIA DE ESPINAR - DEPARTAMENTO DE CUSCO;75295;PEN;17;Concurso Público Abreviado;services;Mediana competencia
1216633;20181009161;MUNICIPALIDAD DISTRITAL DE PUNTA DE BOMBON;AREQUIPA;ISLAY;CREACION DEL SERVICIO DE RECREACIÓN Y DEPORTE DE COMPLEJO POLIDEPORTIVO LA PUNTA EN EL CENTRO POBLADO LA PUNTA,  DISTRITO DE PUNTA DE BOMBON - PROVINCIA DE ISLAY - DEPARTAMENTO DE AREQUIPA;103600.06;PEN;29;Licitación Pública Abreviada;goods;Alta competencia
1194473;20205141830;MUNICIPALIDAD DISTRITAL DE SOPLIN;LORETO;REQUENA;"REPARACION DE CENTRO MEDICO; ADQUISICION DE EQUIPOS BIOMEDICOS; EN EL(LA) CAPANAHUA EN LA LOCALIDAD NUEVO CAPANAHUA, DISTRITO DE SOPLIN, PROVINCIA REQUENA, DEPARTAMENTO LORETO";91844.63;PEN;3;Concurso Público Abreviado;services;Baja competencia
1192158;20229995759;MUNICIPALIDAD DISTRITAL DE SAN PEDRO - LUCANAS;AYACUCHO;LUCANAS;"REPARACION DE CAPTACION DE AGUA  Y LINEA DE CONDUCCION; EN EL(LA) SISTEMA DE AGUA POTABLE EN LAS LOCALIDADES DE PAMPA REDONDA ALTA Y PAMPA REDONDA BAJA,  DISTRITO DE SAN PEDRO, PROVINCIA LUCANAS, DEPARTAMENTO AYACUCHO";132730.6;PEN;4;Licitación Pública Abreviada;works;Baja competencia
1199526;20169031674;MUNICIPALIDAD DISTRITAL DE ACORA;PUNO;PUNO;MEJORAMIENTO DE LOS SERVICIOS DE APOYO AL DESARROLLO PRODUCTIVO EN LA CADENA PRODUCTIVA DEL CULTIVO DE AJOS EN LA ZONA LAGO DEL   DISTRITO DE ACORA DE LA PROVINCIA DE PUNO DEL DEPARTAMENTO DE PUNO;61603;PEN;3;Comparación de Precios;goods;Baja competencia
1198989;20166783501;MUNICIPALIDAD DISTRITAL DE VARGAS GUERRA;LORETO;UCAYALI;AMPLIACION DEL SERVICIO DE MOVILIDAD URBANA EN VIAS LOCALES DEL SECTOR BARRIO ALTO  DE CENTRO POBLADO ORELLANA DISTRITO DE VARGAS GUERRA DE LA PROVINCIA DE UCAYALI DEL DEPARTAMENTO DE LORETO;8997346.62;PEN;3;Licitación Pública;works;Baja competencia
1192392;20205028600;MUNICIPALIDAD DISTRITAL DE COYLLURQUI;APURIMAC;COTABAMBAS;MEJORAMIENTO Y AMPLIACION DEL SISTEMA DE SANEAMIENTO EN LAS COMUNIDADES DE LLAULLIYOC AYAHUILLCA Y SORCCO - 8 LOCALIDADES DEL DISTRITO DE COYLLURQUI - PROVINCIA DE COTABAMBAS - DEPARTAMENTO DE APURIMAC;126150;PEN;41;Licitación Pública Abreviada;goods;Alta competencia
1192701;20177217043;MUNICIPALIDAD PROVINCIAL DEL CUSCO;CUSCO;CUSCO;MEJORAMIENTO Y AMPLIACION DE LA DISPOSICION FINAL DE LOS RESIDUOS SOLIDOS URBANOS MUNICIPALES EN LA LOCALIDAD DE JAQUIRA, DISTRITO SANTIAGO, PROVINCIA DE CUSCO - CUSCO;402566.67;PEN;26;Concurso Público Abreviado;services;Alta competencia
1200863;20393356899;MUNICIPALIDAD DISTRITAL DE MANANTAY;UCAYALI;CORONEL PORTILLO;MEJORAMIENTO DEL SERVICIO DE AGUA POTABLE Y ALCANTARILLADO SANITARIO URBANO EN JR.LAS CAPIRONAS (DESDE AV.SANTA CLARA HASTA JR.SAN FERNANDO) JR.MASISEA (DESDE AV.SANTA CLARA HASTA JR.LOS CLAVELES) JR.LOS MANGOS (DESDE JR.MASISEA HASTA AV.SANTA CLARA) Y JR.LOS NARANJOS (DESDE JR.SAN FERNANDO HASTA AV.SANTA CLARA)  DISTRITO DE MANANTAY - PROVINCIA DE CORONEL PORTILLO - DEPARTAMENTO DE UCAYALI;129800;PEN;7;Concurso Público Abreviado;services;Baja competencia
1197557;20365993671;GOBIERNO REGIONAL DE APURIMAC-AGRICULTURA APURIMAC;APURIMAC;ABANCAY;MEJORAMIENTO DEL MANEJO Y CONSERVACION DE LOS MODULOS DE USO SUSTENTABLE DE LA VICUÑA EN LAS COMUNIDADES CONSERVACIONISTAS DE LAS 6 PROVINCIAS DEL DEPARTAMENTO DE APURIMAC;568750.5;PEN;57;Licitación Pública;goods;Alta competencia
1198081;20146501487;MUNICIPALIDAD DISTRITAL DE MOROCOCHA;JUNIN;YAULI;MEJORAMIENTO Y AMPLIACION DE LOS SERVICIOS DE PROTECCIÓN EN RIBERAS DE RÍO VULNERABLES ANTE EL PELIGRO EN LA MARGEN DERECHA E IZQUIERDA DEL RIO PUCARA   DISTRITO DE MOROCOCHA DE LA PROVINCIA DE YAULI DEL DEPARTAMENTO DE JUNIN;8623864.17;PEN;10;Licitación Pública;works;Mediana competencia
1200613;20406325815;GOBIERNO REGIONAL DE PUNO SEDE CENTRAL;PUNO;PUNO;MEJORAMIENTO DEL SERVICIO EDUCATIVO DE LA I.E.S. LAS MERCEDES DE LA CIUDAD DE JULIACA - DISTRITO DE JULIACA - PROVINCIA DE SAN ROMAN - DEPARTAMENTO DE PUNO;74709.6;PEN;31;Licitación Pública Abreviada;goods;Alta competencia
1198606;20531423624;GOBIERNO REGIONAL DE SAN MARTIN - DIRECCION REGIONAL DE LA PRODUCCION DE SAN MARTIN;SAN MARTIN;MOYOBAMBA;MEJORAMIENTO DEL SERVICIO DE APOYO A LA ADOPCION DE TECNOLOGIAS EN ACUICULTURA CON ESPECIES NATIVAS AMAZONICAS, A ACUICULTORES DE LAS 10 PROVINCIAS DEL DEPARTAMENTO DE SAN MARTIN;1182669.37;PEN;6;Licitación Pública Abreviada;works;Baja competencia
1201329;20166544000;MUNICIPALIDAD DISTRITAL DE SAN MARCOS;ANCASH;HUARI;MEJORAMIENTO DEL SERVICIO DE TRANSITABILIDAD VIAL INTERURBANA EN LA TROCHA CARROZABLE DESDE EL CRUCE DE PUJUN HACIA EL CASERIO CASACANCHA DEL CENTRO POBLADO SAN LUIS DE PUJUN   DISTRITO DE SAN MARCOS DE LA PROVINCIA DE HUARI DEL DEPARTAMENTO DE ANCASH;1200126.98;PEN;14;Licitación Pública Abreviada;works;Mediana competencia
1193882;20164091547;MUNICIPALIDAD DISTRITAL DE LA ESPERANZA - TRUJILLO;LA LIBERTAD;TRUJILLO;MEJORAMIENTO DEL SERVICIO DE MOVILIDAD URBANA EN AVENIDA INDOAMERICA   DISTRITO DE LA ESPERANZA DE LA PROVINCIA DE TRUJILLO DEL DEPARTAMENTO DE LA LIBERTAD;2401625.82;PEN;13;Licitación Pública Abreviada;works;Mediana competencia
1197275;20601625017;MUNICIPALIDAD DISTRITAL DE MEGANTONI;CUSCO;LA CONVENCION;CREACION DEL SERVICIO DE SUMINISTRO ELÉCTRICO DOMICILIARIO EN ZONAS RURALES EN LAS CC.NN. DE PUERTO HUALLANA, MAYAPO Y CAMANA MEDIANTE SISTEMA CONVENCIONAL, DEL   DISTRITO DE MEGANTONI DE LA PROVINCIA DE LA CONVENCION DEL DEPARTAMENTO DE CUSCO;1174022.5;PEN;17;Licitación Pública;goods;Mediana competencia
1197997;20527141762;GOBIERNO REGIONAL DE APURIMAC SEDE CENTRAL;APURIMAC;ABANCAY;MEJORAMIENTO DE LOS SERVICIOS DE SALUD DEL CENTRO DE SALUD TAMBURCO,  DISTRITO DE TAMBURCO - PROVINCIA DE ABANCAY - DEPARTAMENTO DE APURIMAC;135957.03;PEN;52;Licitación Pública Abreviada;goods;Alta competencia
1199084;20189975920;GOBIERNO REGIONAL DE CUSCO - DIRECCION REGIONAL DE TRANSPORTES Y COMUNICACIONES CUSCO;CUSCO;CUSCO;MEJORAMIENTO DEL SERVICIO DE TRANSITABILIDAD VIAL INTERURBANA EN LA CARRETERA DEPARTAMENTAL  CU-105 TRAMO: EMP. PE-28 B (DV. QUELLOUNO) - QUELLOUNO - LOROHUACHANA - PTE. SANTIAGO - PTE.QUESQUENTO - TURIJHUAY - YANATILE - COLCA , PTE. PACCHAC - PTE. MANTO - PAUCARPATA - QUELLOPUITO   DISTRITOS DE QUELLOUNO, CALCA DE LAS PROVINCIAS DE LA CONVENCION, CALCA DEL DEPARTAMENTO DE CUSCO;99000;PEN;3;Comparación de Precios;services;Baja competencia
1201286;20147346434;MUNICIPALIDAD PROVINCIAL DE ESPINAR;CUSCO;ESPINAR;CREACION DEL SERVICIO DE MOVILIDAD URBANA EN LAS VÍAS LOCALES DE LAS CALLES DE LA ADV MOLLOPUCJIO EN EL CENTRO POBLADO DE YAURI  DISTRITO DE ESPINAR - PROVINCIA DE ESPINAR - DEPARTAMENTO DE CUSCO;75295;PEN;17;Concurso Público Abreviado;services;Mediana competencia
1192960;20187459258;MUNICIPALIDAD PROVINCIAL DE LA CONVENCION - SANTA ANA;CUSCO;LA CONVENCION;MEJORAMIENTO DEL SERVICIO DE ESPACIO PÚBLICO DEPORTIVO DEL COLISEO JORGE ALTAMIRANO ANDRADE DE LA CIUDAD DE QUILLABAMBA  DISTRITO DE SANTA ANA - PROVINCIA DE LA CONVENCION - DEPARTAMENTO DE CUSCO;142360;PEN;8;Subasta Inversa Electrónica;goods;Baja competencia
1198589;20174909157;MUNICIPALIDAD DISTRITAL DE COISHCO;ANCASH;SANTA;"CONSTRUCCION DE AULA DE EDUCACION SECUNDARIA; EN EL(LA) I.E. 88025 RAMON CASTILLA DEL DISTRITO DE COISHCO, PROVINCIA SANTA, DEPARTAMENTO ANCASH";249992.99;PEN;7;Licitación Pública Abreviada;works;Baja competencia
1194899;20498390570;GOBIERNO REGIONAL DE AREQUIPA Sede Central;AREQUIPA;AREQUIPA;MEJORAMIENTO Y AMPLIACION DEL SERVICIO EDUCATIVO DEL NIVEL SECUNDARIA DE LA I.E. N°40236 CESAR VALLEJO EN EL CENTRO POBLADO PUCCHUN DEL DISTRITO DE MARISCAL CACERES - PROVINCIA DE CAMANA - DEPARTAMENTO DE AREQUIPA;169911.88;PEN;22;Licitación Pública Abreviada;goods;Alta competencia
1200830;20393356899;MUNICIPALIDAD DISTRITAL DE MANANTAY;UCAYALI;CORONEL PORTILLO;MEJORAMIENTO DEL SERVICIO DE AGUA POTABLE Y ALCANTARILLADO SANITARIO URBANO EN EL  JR. LAS ORQUÍDEAS (DE AV. SAN FERNANDO HASTA CA. CARMEN), JR. LAS ROSAS (DE CA. CARMEN HASTA PJE RITA, JR. WASHINGTON (DEL PJE RITA, HASTA AV. SANTA CLARA), JR. LOS CLAVELES (DEL JR. MASISEA HASTA AV. SANTA CLARA), JR. LAS PALMERAS (DE AV. SAN FERNANDO HASTA CA. CARMEN) Y CA. CARMEN (DEL JR. LOS CLAVELES HASTA JR. LAS ORQUÍDEAS  DISTRITO DE MANANTAY - PROVINCIA DE CORONEL PORTILLO - DEPARTAMENTO DE UCAYALI;129800;PEN;8;Concurso Público Abreviado;services;Baja competencia
1219434;20414868216;PROGRAMA SUBSECTORIAL DE IRRIGACIONES - PSI;LIMA;LIMA;MEJORAMIENTO DEL SERVICIO DE AGUA A NIVEL PARCELARIO CON UN SISTEMA DE RIEGO TECNIFICADO POR MULTICOMPUERTAS PARA EL GRUPO DE GESTION EMPRESARIAL YOCARA DEL DISTRITO DE JULIACA - PROVINCIA DE SAN ROMAN - DEPARTAMENTO DE PUNO;24000;PEN;1;Convenio;services;Baja competencia
1191303;20368999726;GOBIERNO REGIONAL DE CAJAMARCA - GERENCIA SUB REGIONAL CHOTA;CAJAMARCA;CHOTA;MEJORAMIENTO DE LOS SERVICIOS DE SALUD DEL CENTRO DE SALUD I - 4 TACABAMBA - DISTRITO DE TACABAMBA - PROVINCIA DE CHOTA - REGIÓN CAJAMARCA;449580;PEN;1;Contratación Directa;services;Baja competencia
1192521;20214061474;MUNICIPALIDAD DISTRITAL DE MARCAPATA;CUSCO;QUISPICANCHI;MEJORAMIENTO Y AMPLIACION DE LOS SERVICIOS EDUCATIVOS DEL NIVEL SECUNDARIO DE  LA  I.E. SAN FRANCISCO DE ASIS DEL CENTRO POBLADO DE MARCAPATA DEL, DISTRITO DE MARCAPATA - QUISPICANCHI - CUSCO;173312.83;PEN;34;Concurso Público Abreviado;services;Alta competencia
1199477;20527143200;GOBIERNO REGIONAL DE MADRE DE DIOS SEDE CENTRAL;MADRE DE DIOS;TAMBOPATA;MEJORAMIENTO Y AMPLIACION DE LOS SERVICIOS EDUCATIVOS DEL NIVEL PRIMARIA DE LA I.E. N°52072 MARIO VARGAS LLOSA DEL CENTRO POBLADO DOS DE MAYO DEL DISTRITO DE INAMBARI - PROVINCIA DE TAMBOPATA - DEPARTAMENTO DE MADRE DE DIOS;210487.5;PEN;6;Licitación Pública Abreviada;goods;Baja competencia
1198892;20452393493;GOBIERNO REGIONAL DE AYACUCHO SEDE CENTRAL;AYACUCHO;HUAMANGA;CREACION DEL SERVICIO DE TRANSITABILIDAD VEHICULAR DEL TRAMO TIRCUS ¿ MEJORADA,  DISTRITO DE SIVIA - PROVINCIA DE HUANTA - DEPARTAMENTO DE AYACUCHO;638750;PEN;4;Subasta Inversa Electrónica;goods;Baja competencia
1198280;20154441779;MUNICIPALIDAD PROVINCIAL DE ANGARAES - LIRCAY;HUANCAVELICA;ANGARAES;MEJORAMIENTO DEL SERVICIO DE EDUCACIÓN INICIAL EN I.E. 617  DE CENTRO POBLADO JATUMPATA DISTRITO DE LIRCAY DE LA PROVINCIA DE ANGARAES DEL DEPARTAMENTO DE HUANCAVELICA;642948;PEN;4;Licitación Pública Abreviada;works;Baja competencia
1201711;20408299382;GOBIERNO REGIONAL DE APURIMAC-TRANSPORTES APURIMAC;APURIMAC;ABANCAY;MEJORAMIENTO DEL SERVICIO DE TRANSITABILIDAD DE LA RUTA YACA-OCOBAMBA-TACCACCA-RUNAHUAÑUSCCA, DE LOS DISTRIOS DE CIRCA Y CHUQUIBAMBILLA DE LAS PROVINCIAS DE ABANCAY Y GRAU DEL  DEPARTAMENTO DE APURIMAC;2274280.32;PEN;38;Concurso Público de Servicios;services;Alta competencia
1197980;20206591065;MUNICIPALIDAD DISTRITAL DE TAPACOCHA;ANCASH;RECUAY;MEJORAMIENTO DE LA TRANSITABILIDAD VEHICULAR Y PEATONAL URBANA EN LAS CALLES DEL  DISTRITO DE TAPACOCHA - PROVINCIA DE RECUAY - DEPARTAMENTO DE ANCASH;5982493.94;PEN;13;Licitación Pública Abreviada;works;Mediana competencia
1199313;20205876791;MUNICIPALIDAD DISTRITAL DE SINSICAP;LA LIBERTAD;OTUZCO;"RENOVACION DE CANAL DE RIEGO; EN EL(LA) CANAL (RAMAL URCUPAMPA) EN EL CENTRO POBLADO MAYMALL, DISTRITO DE SINSICAP, PROVINCIA OTUZCO, DEPARTAMENTO LA LIBERTAD";574098.8;PEN;4;Licitación Pública Abreviada;works;Baja competencia
1193240;20601625017;MUNICIPALIDAD DISTRITAL DE MEGANTONI;CUSCO;LA CONVENCION;CREACION DEL SERVICIO DE TELEFONIA MOVIL EN LA COMUNIDAD NATIVA DE CASHIRIARI EN EL  DISTRITO DE MEGANTONI - PROVINCIA DE LA CONVENCION - DEPARTAMENTO DE CUSCO;471970;PEN;12;Licitación Pública Abreviada;goods;Mediana competencia
1195291;20142701597;MUNICIPALIDAD PROVINCIAL DE BARRANCA;LIMA;BARRANCA;AMPLIACION DEL SERVICIO DE AGUA POTABLE URBANO Y AMPLIACION DEL SERVICIO DE ALCANTARILLADO Y MEJORAMIENTO DEL SERVICIO DE TRATAMIENTO DE AGUAS RESIDUALES PARA DISPOSICIÓN FINAL EN LOS CENTROS POBLADOS GALPÓN Y EL MILAGRO   DISTRITO DE PATIVILCA DE LA PROVINCIA DE BARRANCA DEL DEPARTAMENTO DE LIMA;1517356.37;PEN;18;Licitación Pública Abreviada;works;Mediana competencia
1200174;20166544000;MUNICIPALIDAD DISTRITAL DE SAN MARCOS;ANCASH;HUARI;"RENOVACION DE PUENTE; EN EL(LA) SERVICIO DE TRÁNSITO PEATONAL INTERURBANO O RURAL EN EL CASERIO DE CONIN EN EL CENTRO POBLADO PICHIU SAN PEDRO, DISTRITO DE SAN MARCOS, PROVINCIA HUARI, DEPARTAMENTO ANCASH";115781.6;PEN;11;Concurso Público Abreviado;services;Mediana competencia
1193299;20183984196;MUNICIPALIDAD DISTRITAL DE YAULI - HUANCAVELICA;HUANCAVELICA;HUANCAVELICA;CREACION DEL SERVICIO DE PROVISIÓN DE AGUA PARA RIEGO EN EL CENTRO POBLADO DE MOSOCC CANCHA DEL   DISTRITO DE YAULI DE LA PROVINCIA DE HUANCAVELICA DEL DEPARTAMENTO DE HUANCAVELICA;13258090.8;PEN;14;Licitación Pública;works;Mediana competencia
1219147;20414868216;PROGRAMA SUBSECTORIAL DE IRRIGACIONES - PSI;LIMA;LIMA;MEJORAMIENTO DEL SERVICIO DE AGUA A NIVEL PARCELARIO CON UN SISTEMA DE RIEGO TECNIFICADO POR MULTICOMPUERTAS PARA EL GRUPO DE GESTION EMPRESARIAL YOCARA DEL DISTRITO DE JULIACA - PROVINCIA DE SAN ROMAN - DEPARTAMENTO DE PUNO;24000;PEN;1;Convenio;services;Baja competencia
1203027;20190685102;MUNICIPALIDAD DISTRITAL DE CORTEGANA;CAJAMARCA;CELENDIN;CREACION DEL SERVICIO DE PRÁCTICA DEPORTIVA Y/O RECREATIVA EN EL CENTRO POBLADO DE YAGEN   DISTRITO DE CORTEGANA DE LA PROVINCIA DE CELENDIN DEL DEPARTAMENTO DE CAJAMARCA;597657.76;PEN;12;Licitación Pública Abreviada;works;Mediana competencia
1199732;20530688390;GOBIERNO REGIONAL DE LIMA SEDE CENTRAL;LIMA;HUAURA;AMPLIACION DEL SERVICIOS DE ESPACIOS PÚBLICOS URBANOS EN SERVICIO DE TRANSITABILIDAD VEHICULAR Y PEATONAL  AV. GRAU, AV. CIRCUNVALACION, AV. JOSE PARDO, AV. LIMA, AV. ALFONSO UGARTE, AV. LOS LAURELES, PASAJE 1, 2, 3, CALLE LOS ANGELES LA  MERCED DE CHAUTE   DISTRITO DE SAN BARTOLOME DE LA PROVINCIA DE HUAROCHIRI DEL DEPARTAMENTO DE LIMA;3693494.42;PEN;26;Licitación Pública Abreviada;works;Alta competencia
1201603;20198250199;MUNICIPALIDAD DISTRITAL DE CHAVIN DE HUANTAR;ANCASH;HUARI;MEJORAMIENTO DEL SERVICIO DE EDUCACION PRIMARIA EN I.E. 86981  DE CENTRO POBLADO PACCHANGA DISTRITO DE CHAVIN DE HUANTAR DE LA PROVINCIA DE HUARI DEL DEPARTAMENTO DE ANCASH;103385.7;PEN;14;Concurso Público Abreviado;services;Mediana competencia
1195972;20203837632;MUNICIPALIDAD DISTRITAL DE OROPESA - ANTABAMBA;APURIMAC;ANTABAMBA;MEJORAMIENTO DE LOS SERVICIOS DE APOYO AL DESARROLLO PRODUCTIVO EN LOS 11 SECTORES EN TECNOLOGÍAS APROPIADAS PARA LA GENERACIÓN DE VALOR AGREGADO DE LA ALPACA   DISTRITO DE OROPESA DE LA PROVINCIA DE ANTABAMBA DEL DEPARTAMENTO DE APURIMAC;753920;PEN;32;Licitación Pública;goods;Alta competencia
1203586;20166544000;MUNICIPALIDAD DISTRITAL DE SAN MARCOS;ANCASH;HUARI;CREACION DE LOS SERVICIOS DE PROTECCIÓN EN RIBERAS DE RÍO VULNERABLES ANTE EL PELIGRO EN EL MARGEN DERECHO E IZQUIERDO DEL RIO PUJUN BADO EN EL TRAMO PUENTE PALTA HASTA EL PUENTE PUJUN  DE CENTRO POBLADO CARHUAYOC DISTRITO DE SAN MARCOS DE LA PROVINCIA DE HUARI DEL DEPARTAMENTO DE ANCASH;4329209.83;PEN;11;Licitación Pública Abreviada;works;Mediana competencia
1201042;20148445037;MUNICIPALIDAD DISTRITAL DE MORROPON;PIURA;MORROPON;"REPARACION DE ESTACION DE BOMBEO DE AGUA, LÍNEA DE ADUCCIÓN Y RESERVORIO; EN EL(LA) SISTEMA DE AGUA POTABLE EN LA LOCALIDAD EL CHORRO  DISTRITO DE MORROPON, PROVINCIA MORROPON, DEPARTAMENTO PIURA";318453.85;PEN;10;Licitación Pública Abreviada;works;Mediana competencia
1197341;20154470108;MUNICIPALIDAD DISTRITAL DE SAMEGUA;MOQUEGUA;MARISCAL NIETO;MEJORAMIENTO DEL SERVICIO DE TRANSITABILIDAD VEHICULAR Y PEATONAL EN LAS ASOCIACIONES DE VIVIENDA SAN MARTIN DE PORRES, LOS CIPRECES Y MINISTERIO DE TRANSPORTES DE LA JUNTA VECINAL CERRILLOS SANTA FORTUNATA DEL  DISTRITO DE SAMEGUA - PROVINCIA DE MARISCAL NIETO - DEPARTAMENTO DE MOQUEGUA;207900;PEN;13;Subasta Inversa Electrónica;goods;Mediana competencia
1204193;20185157921;MUNICIPALIDAD DISTRITAL DE SANTIAGO DE CAO;LA LIBERTAD;ASCOPE;AMPLIACION DE LOS SERVICIOS FUNERARIOS Y DE SEPULTURA EN EL CEMENTERIO MUNICIPAL DIVINO MAESTRO DEL CENTRO POBLADO DE SANTIAGO DE CAO DEL DISTRITO DE SANTIAGO DE CAO - PROVINCIA DE ASCOPE - DEPARTAMENTO DE LA LIBERTAD;239512.4;PEN;13;Licitación Pública Abreviada;works;Mediana competencia
1200412;20527147612;GOBIERNO REGIONAL DE CUSCO SEDE CENTRAL;CUSCO;CUSCO;MEJORAMIENTO Y AMPLIACION DE LOS SERVICIOS DE SALUD DEL ESTABLECIMIENTO DE SALUD DE BELEMPAMPA - DISTRITO DE SANTIAGO - PROVINCIA DE CUSCO - REGION CUSCO;218550;PEN;39;Licitación Pública Abreviada;goods;Alta competencia
1205402;20408560137;GOBIERNO REGIONAL DE LORETO - GERENCIA SUB REGIONAL ALTO AMAZONAS YURIMAGUAS;LORETO;ALTO AMAZONAS;MEJORAMIENTO DEL SERVICIO DE APOYO AL DESARROLLO PRODUCTIVO PISCÍCOLA EN EN EL SECTOR CARRETERO YURIMAGUAS - JEBERILLOS DEL DISTRITO DE YURIMAGUAS - PROVINCIA DE ALTO AMAZONAS - DEPARTAMENTO DE LORETO;1671225.57;PEN;10;Concurso Público de Servicios;services;Mediana competencia
1196846;20195485209;MUNICIPALIDAD DISTRITAL DE CUSIPATA;CUSCO;QUISPICANCHI;MEJORAMIENTO DEL SERVICIOS DE ESPACIOS PÚBLICOS URBANOS EN LA PLAZA DE ARMAS DE LA LOCALIDAD DE CUSIPATA   DISTRITO DE CUSIPATA DE LA PROVINCIA DE QUISPICANCHI DEL DEPARTAMENTO DE CUSCO;53375;PEN;8;Subasta Inversa Electrónica;goods;Baja competencia
1198447;20205141163;MUNICIPALIDAD DISTRITAL DE JEBEROS;LORETO;ALTO AMAZONAS;"REPARACION DE CALZADA; RENOVACION DE PUENTE; EN EL(LA) CAMINO VECINAL NUEVA JORDANIA - BELLAVISTA EN EL CENTRO POBLADO NUEVA JORDANIA, DISTRITO DE JEBEROS, PROVINCIA ALTO AMAZONAS, DEPARTAMENTO LORETO";63401.14;PEN;6;Concurso Público Abreviado;services;Baja competencia
1201648;20177429229;MUNICIPALIDAD DISTRITAL DE YANATILE;CUSCO;CALCA;AMPLIACION DEL SERVICIO DE AGUA POTABLE E INSTALACIÓN DE LETRINAS EN LA COMUNIDAD CAMPESINA DE MUYUPAY DEL DISTRITO DE YANATILE - PROVINCIA DE CALCA - DEPARTAMENTO DE CUSCO;152230.32;PEN;8;Subasta Inversa Electrónica;goods;Baja competencia
1209225;20148421103;MUNICIPALIDAD PROVINCIAL DE PISCO;ICA;PISCO;"CONSTRUCCION DE COBERTURA; EN EL(LA) I.E. 22462 HILDA BRINGAS QUINTANILLA  DISTRITO DE PISCO, PROVINCIA PISCO, DEPARTAMENTO ICA";695905.15;PEN;13;Licitación Pública Abreviada;works;Mediana competencia
1193620;20489250731;GOBIERNO REGIONAL DE HUANUCO SEDE CENTRAL;HUANUCO;HUANUCO;"REPARACION DE LINEA DE CONDUCCION, OBRAS DE ARTE Y DESARENADOR; EN EL(LA) SITEMA DE RIEGO EN LAS LOCALIDADES DE GARBANZO, CUYAO, INGENIO, ROSAPAMPA, PACHABAMBA, CONCHUMAYO Y DESPENSA  DISTRITO DE SANTA MARIA DEL VALLE, PROVINCIA HUANUCO, DEPARTAMENTO HUANUCO";101634;PEN;9;Concurso Público Abreviado;services;Baja competencia
1200603;20406325815;GOBIERNO REGIONAL DE PUNO SEDE CENTRAL;PUNO;PUNO;MEJORAMIENTO DEL SERVICIO DE TRANSITABILIDAD VIAL INTERURBANA EN LA CARRETERA TRAMO ACHAYA ¿ EMP. PU 113(ARAPA) , DE LOS   DISTRITOS DE ACHAYA, ARAPA DE LA PROVINCIA DE AZANGARO DEL DEPARTAMENTO DE PUNO;519250;PEN;39;Concurso Público de Servicios;services;Alta competencia
1199979;20205367994;MUNICIPALIDAD DISTRITAL DE CHUGAY;LA LIBERTAD;SANCHEZ CARRION;"CONSTRUCCION DE COBERTURA; EN EL(LA) MERCADO DE ABASTOS EN EL CENTRO POBLADO CHUGAY, DISTRITO DE CHUGAY, PROVINCIA SANCHEZ CARRION, DEPARTAMENTO LA LIBERTAD";226397;PEN;6;Licitación Pública Abreviada;works;Baja competencia
1198284;20163051118;MUNICIPALIDAD DISTRITAL DE CHANCAY - HUARAL;LIMA;HUARAL;CREACION DEL SERVICIO DE MOVILIDAD URBANA EN C.P FRANCISCO BOLOGNESI   DISTRITO DE CHANCAY DE LA PROVINCIA DE HUARAL DEL DEPARTAMENTO DE LIMA;716997.17;PEN;16;Licitación Pública Abreviada;works;Mediana competencia
1197009;20156954986;MUNICIPALIDAD DISTRITAL DE PAPAPLAYA;SAN MARTIN;SAN MARTIN;MEJORAMIENTO DE A INFRAESTRUCTURA VIAL URBANA DEL JR. FERNANDO BELAUNDE TERRY  C-01 A LA C-04, JR. PALMERAS C-01 A LA C-02, JR. SAN MARTIN C-01 A LA C-03, C-05, JR. UNION TARAPOTO C-01 A LA C-03, JR. DOS DE MAYO C-01 A LA C-03, JR. LAMAS C-01- A LA C-05, JR SAN MARCOS C-01 A LA C-03, JR MALECON C-01 A LA C-03, JR SARGENTO LORES C-01, C-07,  DISTRITO DE PAPAPLAYA - PROVINCIA DE SAN MARTIN - DEPARTAMENTO DE SAN MARTIN;408511.55;PEN;7;Concurso Público Abreviado;services;Baja competencia
1194973;20311886879;MUNICIPALIDAD DISTRITAL DE ALTO SELVA ALEGRE;AREQUIPA;AREQUIPA;CREACION DE LOS SERVICIOS OPERATIVOS O MISIONALES INSTITUCIONALES EN EL SERVICIO DE VETERINARIA MUNICIPAL   DISTRITO DE ALTO SELVA ALEGRE DE LA PROVINCIA DE AREQUIPA DEL DEPARTAMENTO DE AREQUIPA;53000;PEN;9;Concurso Público Abreviado;services;Baja competencia
1193809;20206075997;MUNICIPALIDAD DISTRITAL DE EMILIO SAN MARTIN;LORETO;REQUENA;MEJORAMIENTO DEL SERVICIO DE SUMINISTRO ELÉCTRICO DOMICILIARIO EN ZONAS RURALES EN EL CENTRO POBLADO DE ZAPATILLA II ZONA DEL   DISTRITO DE EMILIO SAN MARTIN DE LA PROVINCIA DE REQUENA DEL DEPARTAMENTO DE LORETO;982813;PEN;9;Licitación Pública Abreviada;works;Baja competencia
1192411;20230401820;MUNICIPALIDAD DISTRITAL DE HUANDO;HUANCAVELICA;HUANCAVELICA;MEJORAMIENTO DE TRANSITABILIDAD VEHICULAR Y PEATONAL EN LA LOCALIDAD DE TINYACLLA, DISTRITO DE HUANDO - HUANCAVELICA - HUANCAVELICA;354025;PEN;18;Concurso Público Abreviado;services;Mediana competencia
1196182;20177217043;MUNICIPALIDAD PROVINCIAL DEL CUSCO;CUSCO;CUSCO;MEJORAMIENTO Y AMPLIACIÓN DE LA PRESTACIÓN DEL SERVICIO DE SALUD DEL ESTABLECIMIENTO  DE SALUD DE SAN PEDRO APV.  PICCHU ALTO, DISTRITO DE CUSCO, PROVINCIA DE CUSCO - CUSCO;454182.33;PEN;42;Licitación Pública Abreviada;goods;Alta competencia
1194330;20194118342;MUNICIPALIDAD DISTRITAL DE MONZON;HUANUCO;HUAMALIES;MEJORAMIENTO Y AMPLIACION DEL SERVICIO DE AGUA POTABLE Y CREACION DEL SERVICIO DE ALCANTARILLADO EN EL C.P DE CHIPACO DEL DISTRITO DE MONZON - PROVINCIA DE HUAMALIES - DEPARTAMENTO DE HUANUCO;324303.21;PEN;11;Concurso Público Abreviado;services;Mediana competencia
1195264;20288774553;MUNICIPALIDAD DISTRITAL DE CHALLHUAHUACHO;APURIMAC;COTABAMBAS;MEJORAMIENTO Y AMPLIACION DE LAS CAPACIDADES PRODUCTIVAS Y COMPETITIVAS EN LA CRIANZA DE GANADO OVINO EN EL  DISTRITO DE CHALLHUAHUACHO - PROVINCIA DE COTABAMBAS - DEPARTAMENTO DE APURIMAC;283398;PEN;15;Licitación Pública Abreviada Homologación;goods;Mediana competencia
1194842;20221770871;MUNICIPALIDAD DISTRITAL DE SALLIQUE;CAJAMARCA;JAEN;MEJORAMIENTO Y AMPLIACION DEL SERVICIO DE AGUA POTABLE E INSTALACION DEL SANEAMIENTO BASICO EN LAS LOCALIDADES DE BUENOS AIRES, DOS DE MAYO, CATALA, MOCHICA, SANTA ROSA, HUAYOPAMPA, BUENA VISTA Y ANEXOS, DISTRITO DE SALLIQUE DE LA PROVINCIA DE JAEN DEL DEPARTAMENTO DE CAJAMARCA;30467189.15;PEN;14;Licitación Pública;works;Mediana competencia
1195422;20452393493;GOBIERNO REGIONAL DE AYACUCHO SEDE CENTRAL;AYACUCHO;HUAMANGA;MEJORAMIENTO DE LOS SERVICIOS DE PROMOCIÓN DEL COMERCIO INTERNO DEL CAMPO FERIAL CANAÁN BAJO DEL  DISTRITO DE ANDRES AVELINO CACERES - PROVINCIA DE HUAMANGA - DEPARTAMENTO DE AYACUCHO;115900;PEN;14;Subasta Inversa Electrónica;goods;Mediana competencia
1194322;20519610214;MUNICIPALIDAD DISTRITAL DE CORONEL GREGORIO ALBARRACIN LANCHIPA;TACNA;TACNA;CREACION DE UN CAMPO DEPORTIVO E INSTALACION DE JUEGOS INFANTILES EN LA  ASOCIACION DE VIVIENDA 6 DE ENERO, DISTRITO DE CORONEL GREGORIO ALBARRACIN LANCHIPA - TACNA - TACNA;315258.86;PEN;13;Concurso Público Abreviado;services;Mediana competencia
1199620;20143189091;MUNICIPALIDAD DISTRITAL DE HUARANGO;CAJAMARCA;SAN IGNACIO;AMPLIACION DEL SERVICIO DE SUMINISTRO ELÉCTRICO DOMICILIARIO EN ZONAS RURALES EN EL SECTOR LA CATAHUA, SECTOR LAS PALMERAS, SECTOR LA FILA, SECTOR SAN ANTONIO,  SECTOR LA PLAYITA Y SECTOR LA JALQUILLA DE LA LOCALIDAD DE HUARANGO   DISTRITO DE HUARANGO DE LA PROVINCIA DE SAN IGNACIO DEL DEPARTAMENTO DE CAJAMARCA;115118.12;PEN;5;Concurso Público Abreviado;services;Baja competencia
1201198;20226560824;MUNICIPALIDAD DISTRITAL DE CCATCCA;CUSCO;QUISPICANCHI;MEJORAMIENTO DEL SERVICIO DE TRANSITABILIDAD DEL CAMINO VECINAL CU-1034: EMP. PE-30C-ANDAYAJE-EMP. CU-1005(LLACHI)-AUSARAY-EMP.PE-30C,  DISTRITO DE CCATCA - PROVINCIA DE QUISPICANCHI - DEPARTAMENTO DE CUSCO;868333.33;PEN;46;Concurso Público de Servicios;services;Alta competencia
1202080;20103845590;MUNICIPALIDAD PROVINCIAL DE MAYNAS - IQUITOS;LORETO;MAYNAS;MEJORAMIENTO Y AMPLIACION DEL SERVICIO DE PRÁCTICA DEPORTIVA Y/O RECREATIVA EN LOSA DEPORTIVA 02 DE MAYO/PALMERAS   DISTRITO DE IQUITOS DE LA PROVINCIA DE MAYNAS DEL DEPARTAMENTO DE LORETO;2947936.04;PEN;5;Licitación Pública Abreviada;works;Baja competencia
1201237;20147705850;MUNICIPALIDAD PROVINCIAL DE NAZCA;ICA;NAZCA;MEJORAMIENTO DEL SERVICIO DE EDUCACION PRIMARIA EN I.E. 22417  DE CENTRO POBLADO ORCONA DISTRITO DE NASCA DE LA PROVINCIA DE NASCA DEL DEPARTAMENTO DE ICA;143900;PEN;13;Concurso Público Abreviado;services;Mediana competencia
1198144;20527141762;GOBIERNO REGIONAL DE APURIMAC SEDE CENTRAL;APURIMAC;ABANCAY;MEJORAMIENTO Y AMPLIACION DEL SERVICIO DE AGUA DE RIEGO EN LAS COMUNIDADES DE CHULLCUISA, SANTA ROSA, CUPISA, CHAMPACCOCHA, ANCATIRA, CHOCCECANCHA Y ARGAMA ALTA, DISTRITOS DE SAN JERONIMO Y PACUCHA, PROVINCIA DE ANDAHUAYLAS - APURIMAC;401760;PEN;9;Concurso Público Abreviado;services;Baja competencia
1219131;20414868216;PROGRAMA SUBSECTORIAL DE IRRIGACIONES - PSI;LIMA;LIMA;MEJORAMIENTO DEL SERVICIO DE AGUA A NIVEL PARCELARIO CON UN SISTEMA DE RIEGO TECNIFICADO PARA EL GRUPO DE GESTIÓN EMPRESARIAL SUMAC WIÑAY TUSINI GRANDE,  DISTRITO DE LAMPA - PROVINCIA DE LAMPA - DEPARTAMENTO DE PUNO;20000;PEN;1;Convenio;services;Baja competencia
1193670;20527141762;GOBIERNO REGIONAL DE APURIMAC SEDE CENTRAL;APURIMAC;ABANCAY;MEJORAMIENTO Y AMPLIACION DEL SERVICIO DE AGUA DE RIEGO EN LAS COMUNIDADES DE CHULLCUISA, SANTA ROSA, CUPISA, CHAMPACCOCHA, ANCATIRA, CHOCCECANCHA Y ARGAMA ALTA, DISTRITOS DE SAN JERONIMO Y PACUCHA, PROVINCIA DE ANDAHUAYLAS - APURIMAC;352388.85;PEN;57;Licitación Pública Abreviada;goods;Alta competencia
1201040;20489250731;GOBIERNO REGIONAL DE HUANUCO SEDE CENTRAL;HUANUCO;HUANUCO;MEJORAMIENTO DE LA CAPACIDAD RESOLUTIVA DEL HOSPITAL DE TINGO MARIA;110000;PEN;3;Concurso Público Abreviado;services;Baja competencia
1199299;20166544000;MUNICIPALIDAD DISTRITAL DE SAN MARCOS;ANCASH;HUARI;"REPARACION DE PTAR; EN EL(LA) LOCALIDAD DE HUARIPAMPA BAJO DEL CENTRO POBLADO DE HUARIPAMPA  DISTRITO DE SAN MARCOS, PROVINCIA HUARI, DEPARTAMENTO ANCASH";2178848.81;PEN;9;Licitación Pública Abreviada;works;Baja competencia
1201022;20402597918;GOBIERNO REGIONAL DE JUNIN-AGRICULTURA;JUNIN;HUANCAYO;"MEJORAMIENTO DEL SERVICIO DE CATASTRO, TITULACIÓN Y REGISTRO DE PREDIOS RURALES EN TODAS LAS PROVINCIAS Y DISTRITOS DEL DEPARTAMENTO DE JUNÍN;  DISTRITO DE CHANCHAMAYO - PROVINCIA DE CHANCHAMAYO - DEPARTAMENTO DE JUNIN";640000;PEN;2;Concurso Público de Servicios;services;Baja competencia
1198674;20530688390;GOBIERNO REGIONAL DE LIMA SEDE CENTRAL;LIMA;HUAURA;MEJORAMIENTO Y AMPLIACION DE PISTAS Y VEREDAS EN EL CENTRO POBLADO CARHUAPAMPA DE PARIAC DEL DISTRITO DE SAN JUAN DE TANTARANCHE - PROVINCIA DE HUAROCHIRI - DEPARTAMENTO DE LIMA;189619.58;PEN;34;Concurso Público Abreviado;services;Alta competencia
1200869;20170327391;MUNICIPALIDAD DISTRITAL DE VILCABAMBA - LA CONVENCION;CUSCO;LA CONVENCION;MEJORAMIENTO DE LAS CAPACIDADES PRODUCTIVAS Y COMPETITIVAS EN LA CRIANZA DE GANADO VACUNO DE LA CUENCA DE VILCABAMBA, DEL  DISTRITO DE VILCABAMBA - PROVINCIA DE LA CONVENCION - DEPARTAMENTO DE CUSCO;120700;PEN;36;Licitación Pública Abreviada;goods;Alta competencia
1201069;20354264936;MUNICIPALIDAD DISTRITAL DE ONGON;LA LIBERTAD;PATAZ;"CONSTRUCCION DE PUENTE; EN EL(LA) CAMINO VECINAL ENTRE EL CENTRO POBLADO DE ONGÒN Y BELLAVISTA  DISTRITO DE ONGON, PROVINCIA PATAZ, DEPARTAMENTO LA LIBERTAD";360000;PEN;7;Concurso Público Abreviado;services;Baja competencia
1199069;20317337150;MUNICIPALIDAD DISTRITAL DE PICHARI;CUSCO;LA CONVENCION;MEJORAMIENTO DE PALACIO MUNICIPAL DE PICHARI DEL DISTRITO DE PICHARI - PROVINCIA DE LA CONVENCION - DEPARTAMENTO DE CUSCO;180000;PEN;26;Concurso Público Abreviado;services;Alta competencia
1218902;20414868216;PROGRAMA SUBSECTORIAL DE IRRIGACIONES - PSI;LIMA;LIMA;MEJORAMIENTO DEL SERVICIO DE PROVISION DE AGUA PARA RIEGO DEL SISTEMA DE RIEGO PARCELARIO DEL GRUPO DE GESTION EMPRESARIAL KERGUER, EN LA LOCALIDAD DE KERGUER DEL DISTRITO DE SALAS - PROVINCIA DE LAMBAYEQUE - DEPARTAMENTO DE LAMBAYEQUE;20000;PEN;1;Convenio;services;Baja competencia
1195826;20452393493;GOBIERNO REGIONAL DE AYACUCHO SEDE CENTRAL;AYACUCHO;HUAMANGA;MEJORAMIENTO DE LOS SERVICIOS DE FORMACIÓN PROFESIONAL EN INGENIERÍA AGRÍCOLA DE LA UNIVERSIDAD NACIONAL DE SAN CRISTÓBAL DE HUAMANGA, DISTRITO DE AYACUCHO, PROVINCIA DE HUAMANGA, DEPARTAMENTO DE AYACUCHO;357128.8;PEN;39;Licitación Pública Abreviada;goods;Alta competencia
1196451;20140080471;MUNICIPALIDAD DISTRITAL DE ASIA - CAÑETE;LIMA;CAÑETE;MEJORAMIENTO Y AMPLIACION DEL SERVICIO DE ALCANTARILLADO EN ANEXO 9 DE OCTUBRE , ANEXO SANTA CRUZ DE ASIA   DISTRITO DE ASIA DE LA PROVINCIA DE CAÑETE DEL DEPARTAMENTO DE LIMA;312422.74;PEN;22;Concurso Público Abreviado;services;Alta competencia
1197190;20406325815;GOBIERNO REGIONAL DE PUNO SEDE CENTRAL;PUNO;PUNO;"ADQUISICION DE ANALIZADOR DE GASES Y ELECTROLITOS, ASPIRADOR DE SECRECIONES, BOMBA DE INFUSION Y COCHE DE PARO EQUIPADO; ADEMÁS DE OTROS ACTIVOS EN EL(LA) CARLOS MONJE MEDRANO  DISTRITO DE JULIACA, PROVINCIA SAN ROMAN, DEPARTAMENTO PUNO";302000;PEN;27;Licitación Pública Abreviada;goods;Alta competencia
1218551;20414868216;PROGRAMA SUBSECTORIAL DE IRRIGACIONES - PSI;LIMA;LIMA;MEJORAMIENTO DEL SERVICIO DE PROVISIÓN DE AGUA PARA RIEGO DEL SISTEMA DE RIEGO PARCELARIO DEL GRUPO DE GESTIÓN EMPRESARIAL MASCAPAMPA, EN LA LOCALIDAD DE HUARIO ¿ ONGORO DEL DISTRITO DE APLAO - PROVINCIA DE CASTILLA - DEPARTAMENTO DE AREQUIPA;54000;PEN;1;Convenio;services;Baja competencia
1207003;20131372699;MUNICIPALIDAD DISTRITAL DE PUCUSANA;LIMA;LIMA;"ADQUISICION DE CAMION COMPACTADOR; EN EL(LA) SERVICIO DE LIMPIEZA PUBLICA Y GESTION DE RESIDUOS SOLIDOS DEL  DISTRITO DE PUCUSANA, PROVINCIA LIMA, DEPARTAMENTO LIMA";761500;PEN;24;Licitación Pública;goods;Alta competencia
1192435;20195410373;MUNICIPALIDAD DISTRITAL DE PUEBLO LIBRE - HUAYLAS;ANCASH;HUAYLAS;MEJORAMIENTO DEL SERVICIO DE PROVISION DE AGUA PARA RIEGO EN SECTOR DE SHITUCATAC CASERIO DE COCHATANCA, DISTRITO DE PUEBLO LIBRE - PROVINCIA DE HUAYLAS - DEPARTAMENTO DE ANCASH;922600.1;PEN;16;Licitación Pública Abreviada;works;Mediana competencia
1197328;20452393493;GOBIERNO REGIONAL DE AYACUCHO SEDE CENTRAL;AYACUCHO;HUAMANGA;MEJORAMIENTO 1DE ACCESOS E INSTALACION DE SERVICIOS TURISTICOS DE ESTACIONAMIENTO DE TRANSPORTE, INTERPRETACION CULTURAL Y DISFRUTE DEL PAISAJE EN EL SITIO ARQUEOLOGICO DE PIKIMACHAY, DISTRITO DE PACAYCASA, PROVINCIA DE HUAMANGA, REGION AYACUCHO;162562.5;PEN;17;Subasta Inversa Electrónica;goods;Mediana competencia
1199439;20221107137;GOBIERNO REGIONAL DE PUNO-AGRICULTURA;PUNO;PUNO;MEJORAMIENTO DE CAPACIDADES PARA LA CONSERVACIÓN Y MANEJO DE CAMÉLIDOS SUDAMERICANOS DOMÉSTICOS DE LAS RAZAS SURI Y HUACAYA DE COLOR EN ZONAS ALTOANDINAS 6 PROVINCIAS DEL DEPARTAMENTO DE PUNO;224000;PEN;20;Licitación Pública Abreviada;goods;Mediana competencia
1200918;20174691267;MUNICIPALIDAD PROVINCIAL DE CUTERVO;CAJAMARCA;CUTERVO;MEJORAMIENTO DEL SERVICIO DE MOVILIDAD URBANA EN LAS VIAS URBANAS DEL JR. BENJAMÍN DUBLE  CUADRA 01 Y PROLONGACIÓN BENJAMÍN DUBLE CUADRA 01  DE CENTRO POBLADO CUTERVO DISTRITO DE CUTERVO DE LA PROVINCIA DE CUTERVO DEL DEPARTAMENTO DE CAJAMARCA;809579.9;PEN;14;Licitación Pública Abreviada;works;Mediana competencia
1199218;20489250731;GOBIERNO REGIONAL DE HUANUCO SEDE CENTRAL;HUANUCO;HUANUCO;MEJORAMIENTO DE LA CAPACIDAD RESOLUTIVA DEL HOSPITAL DE TINGO MARIA;84000;PEN;7;Concurso Público Abreviado;services;Baja competencia
1200624;20282911915;MUNICIPALIDAD DISTRITAL DE NUEVO CHIMBOTE;ANCASH;SANTA;CREACION DEL SERVICIO DE PRÁCTICA DEPORTIVA Y/O RECREATIVA EN LA MZ F DEL LOTE 3 DEL A.H.NUEVO PARAISO DEL   DISTRITO DE NUEVO CHIMBOTE DE LA PROVINCIA DE SANTA DEL DEPARTAMENTO DE ANCASH;107573.23;PEN;14;Concurso Público Abreviado;services;Mediana competencia
1198035;20166164789;MUNICIPALIDAD PROVINCIAL DE ISLAY - MOLLENDO;AREQUIPA;ISLAY;CREACION DE LOS SERVICIOS DEPORTIVOS DE NATACIÓN Y RECREACIÓN EN EL CENTRO POBLADO DE AVIS CESAR VALLEJO - DISTRITO DE MOLLENDO - PROVINCIA DE ISLAY - REGIÓN AREQUIPA;77500;PEN;9;Licitación Pública Abreviada;goods;Baja competencia
1193322;20181709066;MUNICIPALIDAD PROVINCIAL DE CHUMBIVILCAS - SANTO TOMAS;CUSCO;CHUMBIVILCAS;MEJORAMIENTO DE LOS SERVICIOS DE APOYO AL DESARROLLO PRODUCTIVO EN LA CADENA PRODUCTIVA DE VACUNOS EN LAS COMUNIDADES DEL   DISTRITO DE SANTO TOMAS DE LA PROVINCIA DE CHUMBIVILCAS DEL DEPARTAMENTO DE CUSCO;57440;PEN;1;Subasta Inversa Electrónica;goods;Baja competencia
1198739;20393066386;GOBIERNO REGIONAL DE UCAYALI SEDE CENTRAL;UCAYALI;CORONEL PORTILLO;MEJORAMIENTO DEL SERVICIO DE ATENCIÓN DE SALUD BÁSICOS EN ESPERANZA DE PANAILLO   DISTRITO DE YARINACOCHA DE LA PROVINCIA DE CORONEL PORTILLO DEL DEPARTAMENTO DE UCAYALI;1107425.15;PEN;21;Concurso Público para Consultoría;services;Alta competencia
1192741;20190345344;MUNICIPALIDAD PROVINCIAL DE TAYACAJA - PAMPAS;HUANCAVELICA;TAYACAJA;MEJORAMIENTO Y AMPLIACION DE LA INSTITUCION EDUCATIVA DE NIVEL SECUNDARIA DE NAVIO COMUN GAVILAN DEL CENTRO POBLADO DE SACHACOTO  DISTRITO DE SURCUBAMBA - PROVINCIA DE TAYACAJA - DEPARTAMENTO DE HUANCAVELICA;14475765.52;PEN;6;Licitación Pública;works;Baja competencia
1193422;20192146641;MUNICIPALIDAD PROVINCIAL DE YUNGUYO;PUNO;YUNGUYO;MEJORAMIENTO DEL SERVICIO DE TRANSITABILIDAD VEHICULAR Y PEATONAL DE LOS BARRIOS SAN BORJA, PACIFICO Y PROGRESO DE LA CIUDAD DE YUNGUYO DISTRITO DE YUNGUYO, PROVINCIA DE YUNGUYO - PUNO;4887156.57;PEN;18;Licitación Pública Abreviada;works;Mediana competencia
1197155;20213749031;MUNICIPALIDAD DISTRITAL DE CAPELO;LORETO;REQUENA;MEJORAMIENTO Y AMPLIACION DEL SERVICIO DE MOVILIDAD URBANA EN LAS CALLES Y VIAS DE LA LOCALIDAD DE HUATAPI   DISTRITO DE CAPELO DE LA PROVINCIA DE REQUENA DEL DEPARTAMENTO DE LORETO;3101189.87;PEN;11;Licitación Pública Abreviada;works;Mediana competencia
1201705;20131369477;INSTITUTO TECNOLOGICO DE LA PRODUCCION;LIMA;LIMA;MEJORAMIENTO Y AMPLIACION SERVICIOS DE INNOVACIÓN PRODUCTIVA Y TRANSFERENCIA TECNOLÓGICA EN LA CADENA DE VALOR DE PRODUCTOS PROCESADOS DE FRUTAS, HORTALIZAS, LEGUMBRES, CEREALES (ARÁNDANOS, MARACUYÁ, PIÑA, PIMIENTO, AJÍ, CHÍA Y QUINUA) Y LÁCTEOS EN EL CITEAGROINDUSTRIAL CHAVIMOCHIC  DISTRITO DE VIRU - PROVINCIA DE VIRU - DEPARTAMENTO DE LA LIBERTAD;185000;PEN;9;Licitación Pública Abreviada;goods;Baja competencia
1197499;20154491288;MUNICIPALIDAD DISTRITAL DE EL ALGARROBAL;MOQUEGUA;ILO;MEJORAMIENTO Y AMPLIACION DEL SERVICIO DE HABITABILIDAD INSTITUCIONAL EN LA INFRAESTRUCTURA DEL TALLER MECANICO MUNICIPAL Y MAESTRANZA INSTITUCIONAL DE LA MUNICIPALIDAD DEL   DISTRITO DE EL ALGARROBAL DE LA PROVINCIA DE ILO DEL DEPARTAMENTO DE MOQUEGUA;605000;PEN;22;Concurso Público Abreviado;services;Alta competencia
1200237;20154491288;MUNICIPALIDAD DISTRITAL DE EL ALGARROBAL;MOQUEGUA;ILO;CREACION DEL SERVICIO DE PROTECCIÓN CONTRA INUNDACIONES CON DEFENSAS RIBEREÑAS EN LA DESEMBOCADURA DEL RIO OSMORE, SECTORES FUNDICIÓN, CHIVIQUINA Y LA FLORIDA, DEL  DISTRITO DE EL ALGARROBAL - PROVINCIA DE ILO - DEPARTAMENTO DE MOQUEGUA;187304.93;PEN;20;Concurso Público Abreviado;services;Mediana competencia
1201493;20519610214;MUNICIPALIDAD DISTRITAL DE CORONEL GREGORIO ALBARRACIN LANCHIPA;TACNA;TACNA;CREACION DEL SERVICIO DE PRÁCTICA DEPORTIVA Y/O RECREATIVA EN LA ASOCIACION DE VIVIENDA 29 DE MAYO  MZ 424-A LOTE 2 DEL   DISTRITO DE CORONEL GREGORIO ALBARRACIN LANCHIPA DE LA PROVINCIA DE TACNA DEL DEPARTAMENTO DE TACNA;221171.53;PEN;9;Concurso Público Abreviado;services;Baja competencia
1201095;20480108222;UNIDAD EJECUTORA 005 NAYLAMP-LAMBAYEQUE;LAMBAYEQUE;CHICLAYO;AMPLIACION Y MEJORAMIENTO DEL MUSEO NACIONAL DE SICAN - DISTRITO DE FERREÑAFE - PROVINCIA DE FERREÑAFE - LAMBAYEQUE;15288082.98;PEN;13;Licitación Pública Abreviada;works;Mediana competencia
1197086;20147796715;MUNICIPALIDAD DISTRITAL DE ALTO DE LA ALIANZA;TACNA;TACNA;"RENOVACION DE CAMPO DEPORTIVO Y BARANDA; REPARACION DE CERCO PERIMETRICO Y SUMINISTRO DE ENERGIA ELECTRICA; ADEMÁS DE OTROS ACTIVOS EN EL(LA) CAMPO DEPORTIVO LOS DEFENSORES DEL  DISTRITO DE ALTO DE LA ALIANZA, PROVINCIA TACNA, DEPARTAMENTO TACNA";100000;PEN;31;Concurso Público Abreviado;services;Alta competencia
1194514;20452393493;GOBIERNO REGIONAL DE AYACUCHO SEDE CENTRAL;AYACUCHO;HUAMANGA;CREACION DE  TROCHA CARROZABLE EN EL MARGEN  IZQUIERDO DEL RIO PARARCA , TRAMO AULLA - MIRMACA,  DISTRITO DE PARARCA - PROVINCIA DE PAUCAR DEL SARA SARA - DEPARTAMENTO DE AYACUCHO;88000;PEN;14;Concurso Público Abreviado;services;Mediana competencia
1189916;20527147612;GOBIERNO REGIONAL DE CUSCO SEDE CENTRAL;CUSCO;CUSCO;MEJORAMIENTO Y AMPLIACION DE LOS SERVICIOS DE SALUD DEL ESTABLECIMIENTO DE SALUD DE BELEMPAMPA - DISTRITO DE SANTIAGO - PROVINCIA DE CUSCO - REGION CUSCO;265000;PEN;22;Licitación Pública Abreviada;goods;Alta competencia
1198224;20282911915;MUNICIPALIDAD DISTRITAL DE NUEVO CHIMBOTE;ANCASH;SANTA;"CONSTRUCCION DE COBERTURA; EN EL(LA) I.E. 88302 ENRIQUE MORALES PUMARICA  DISTRITO DE NUEVO CHIMBOTE, PROVINCIA SANTA, DEPARTAMENTO ANCASH";388675.6;PEN;14;Licitación Pública Abreviada;works;Mediana competencia
1201036;20166915181;MUNICIPALIDAD DISTRITAL DE CHINCHAO;HUANUCO;HUANUCO;"RENOVACION DE SUPERFICIE DE RODADURA; EN EL(LA) TRAMO MACORA BAJA A MACORA ALTA DEL  DISTRITO DE CHINCHAO, PROVINCIA HUANUCO, DEPARTAMENTO HUANUCO";443499.19;PEN;6;Licitación Pública Abreviada;works;Baja competencia
1193017;20171880115;MUNICIPALIDAD DISTRITAL DE TORATA;MOQUEGUA;MARISCAL NIETO;MEJORAMIENTO DE LOS SERVICIOS DE APOYO AL DESARROLLO PRODUCTIVO EN CADENA PRODUCTIVA DE PALTO EN LA GERENCIA DE DESARROLLO ECONOMICO SOCIAL Y SERVICIOS PUBLICOS   DISTRITO DE TORATA DE LA PROVINCIA DE MARISCAL NIETO DEL DEPARTAMENTO DE MOQUEGUA;82600;PEN;17;Licitación Pública Abreviada;goods;Mediana competencia
1202086;20154477374;MUNICIPALIDAD PROVINCIAL DE PIURA;PIURA;PIURA;MEJORAMIENTO DEL SERVICIO DE EDUCACIÓN BÁSICA ESPECIAL - CEBE EN I.E. PAUL HARRIS   DISTRITO DE PIURA DE LA PROVINCIA DE PIURA DEL DEPARTAMENTO DE PIURA;6258394.83;PEN;20;Licitación Pública;works;Mediana competencia
1198402;20200650442;MUNICIPALIDAD DISTRITAL DE LIMATAMBO;CUSCO;ANTA;CREACION DEL SERVICIO DE PRÁCTICA DEPORTIVA Y/O RECREATIVA EN EL ESTADIO MUNICIPAL DEL   DISTRITO DE LIMATAMBO DE LA PROVINCIA DE ANTA DEL DEPARTAMENTO DE CUSCO;89234.17;PEN;13;Subasta Inversa Electrónica;goods;Mediana competencia
1195849;20154491288;MUNICIPALIDAD DISTRITAL DE EL ALGARROBAL;MOQUEGUA;ILO;MEJORAMIENTO Y AMPLIACION DEL SERVICIO DE HABITABILIDAD INSTITUCIONAL EN LA INFRAESTRUCTURA DEL TALLER MECANICO MUNICIPAL Y MAESTRANZA INSTITUCIONAL DE LA MUNICIPALIDAD DEL   DISTRITO DE EL ALGARROBAL DE LA PROVINCIA DE ILO DEL DEPARTAMENTO DE MOQUEGUA;96126.33;PEN;42;Concurso Público Abreviado;services;Alta competencia
1197177;20187172129;MUNICIPALIDAD PROVINCIAL DE QUISPICANCHIS - URCOS;CUSCO;QUISPICANCHI;MEJORAMIENTO Y AMPLIACION DE LOS SERVICIOS DE SALUD DEL ESTABLECIMIENTO DE SALUD DE URCOS DEL DISTRITO DE URCOS - PROVINCIA DE QUISPICANCHI - DEPARTAMENTO DE CUSCO;60890231.27;PEN;11;Licitación Pública Abreviada;works;Mediana competencia
1192940;20171662631;MUNICIPALIDAD DISTRITAL DE BUENOS AIRES - MORROPON;PIURA;MORROPON;RECUPERACION POR DESASTRES DEL SERVICIO DE EDUCACION SECUNDARIA EN LA INSTITUCIÓN EDUCATIVA CIRO ALEGRIA, EN LA LOCALIDAD DE BUENOS AIRES DEL DISTRITO DE BUENOS AIRES - PROVINCIA DE MORROPON - DEPARTAMENTO DE PIURA;1185361.16;PEN;44;Concurso Público para Consultoría;services;Alta competencia
1193580;20190242961;MUNICIPALIDAD PROVINCIAL DE OXAPAMPA;PASCO;OXAPAMPA;CREACION DEL SERVICIO DE MOVILIDAD URBANA EN VÍAS LOCALES DEL SECTOR 02 DE LA CIUDAD DE OXAPAMPA   DISTRITO DE OXAPAMPA DE LA PROVINCIA DE OXAPAMPA DEL DEPARTAMENTO DE PASCO;286176.24;PEN;8;Concurso Público Abreviado;services;Baja competencia
1195793;20173809663;MUNICIPALIDAD DISTRITAL DE YURA;AREQUIPA;AREQUIPA;MEJORAMIENTO Y AMPLIACION DEL SERVICIO DE EDUCACIÓN BÁSICA ESPECIAL - CEBE EN I.E. PRITE YURA   DISTRITO DE YURA DE LA PROVINCIA DE AREQUIPA DEL DEPARTAMENTO DE AREQUIPA;1353194.15;PEN;1;Contratación Directa;services;Baja competencia
1200274;20143189091;MUNICIPALIDAD DISTRITAL DE HUARANGO;CAJAMARCA;SAN IGNACIO;AMPLIACION DEL SERVICIO DE SUMINISTRO ELÉCTRICO DOMICILIARIO EN ZONAS RURALES EN EL SECTOR LA CATAHUA, SECTOR LAS PALMERAS, SECTOR LA FILA, SECTOR SAN ANTONIO,  SECTOR LA PLAYITA Y SECTOR LA JALQUILLA DE LA LOCALIDAD DE HUARANGO   DISTRITO DE HUARANGO DE LA PROVINCIA DE SAN IGNACIO DEL DEPARTAMENTO DE CAJAMARCA;86626.67;PEN;7;Concurso Público Abreviado;services;Baja competencia
1197012;20131371455;MUNICIPALIDAD DISTRITAL DE LURIGANCHO (CHOSICA);LIMA;LIMA;MEJORAMIENTO DEL SERVICIO DE MOVILIDAD URBANA EN LA TRANSITABILIDAD VEHICULAR Y PEATONAL EN LA ASOCIACION SEÑOR DE LOS MILAGROS   DISTRITO DE LURIGANCHO DE LA PROVINCIA DE LIMA DEL DEPARTAMENTO DE LIMA;232285.1;PEN;20;Licitación Pública Abreviada;works;Mediana competencia
1195005;20143122850;MINAG - PROYECTO ESPECIAL SIERRA CENTRO SUR;AYACUCHO;HUAMANGA;CREACION DEL SERVICIO DE AGUA DEL SISTEMA DE RIEGO INTEGRADO TACCATA - UMASI - CHACRALLA, DISTRITO CANARIA, PROVINCIA DE VICTOR FAJARDO - DISTRITO DE AUCARA - PROVINCIA DE LUCANAS - DEPARTAMENTO DE AYACUCHO;167875;PEN;10;Subasta Inversa Electrónica;goods;Mediana competencia
1193990;20414868216;PROGRAMA SUBSECTORIAL DE IRRIGACIONES - PSI;LIMA;LIMA;MEJORAMIENTO DEL CANAL DE RIEGO  JESUS - CHUCO, DISTRITO DE JESUS - CAJAMARCA - CAJAMARCA;239291.79;PEN;1;Contratación Directa;services;Baja competencia
1200721;20608305808;MUNICIPALIDAD DISTRITAL DE UNIÓN ASHÁNINKA;CUSCO;LA CONVENCION;MEJORAMIENTO Y AMPLIACION DE LOS SERVICIOS DE APOYO AL DESARROLLO PRODUCTIVO EN LA PRODUCCIÓN, COSECHA Y POST COSECHA Y ARTICULACIÓN COMERCIAL DE CACAO FINO AROMA   DISTRITO DE UNION ASHANINKA DE LA PROVINCIA DE LA CONVENCION DEL DEPARTAMENTO DE CUSCO;213000;PEN;11;Concurso Público Abreviado;services;Mediana competencia
1197052;20141897935;MUNICIPALIDAD PROVINCIAL DE SANCHEZ CARRION - HUAMACHUCO;LA LIBERTAD;SANCHEZ CARRION;MEJORAMIENTO DEL SERVICIO DE TRANSITABILIDAD VIAL DEL JIRON ATAHUALPA Y LOS PASAJES NESTOR MORALES, LORETO, AMERICA Y LOS ROSALES - JUNTA VECINAL N 02, DISTRITO DE HUAMACHUCO, PROVINCIA DE SANCHEZ CARRION - LA LIBERTAD;2124849.8;PEN;14;Licitación Pública Abreviada;works;Mediana competencia
1199868;20166028842;MUNICIPALIDAD PROVINCIAL DE VIRU;LA LIBERTAD;VIRU;MEJORAMIENTO DEL SERVICIO DE AGUA POTABLE URBANO EN SISTEMA DE AGUA POTABLE  DE CENTRO POBLADO  SAN IGNACIO DISTRITO DE GUADALUPITO DE LA PROVINCIA DE VIRU DEL DEPARTAMENTO DE LA LIBERTAD;854606.76;PEN;8;Licitación Pública Abreviada;works;Baja competencia
1198510;20166544000;MUNICIPALIDAD DISTRITAL DE SAN MARCOS;ANCASH;HUARI;MEJORAMIENTO DEL SERVICIOS DE ESPACIOS PÚBLICOS URBANOS EN LA PLAZUELA DEL CASERIO DE TUPEC EN EL CENTRO POBLADO SAN ANDRES DE RUNTU   DISTRITO DE SAN MARCOS DE LA PROVINCIA DE HUARI DEL DEPARTAMENTO DE ANCASH;211444.2;PEN;11;Concurso Público Abreviado;services;Mediana competencia
1198738;20489250731;GOBIERNO REGIONAL DE HUANUCO SEDE CENTRAL;HUANUCO;HUANUCO;MEJORAMIENTO DE LA CAPACIDAD RESOLUTIVA DEL HOSPITAL DE TINGO MARIA;97200;PEN;2;Concurso Público Abreviado;services;Baja competencia
1201460;20519610214;MUNICIPALIDAD DISTRITAL DE CORONEL GREGORIO ALBARRACIN LANCHIPA;TACNA;TACNA;"RENOVACION DE COLECTOR SECUNDARIO, BUZON Y CONEXION DOMICILIARIA DE ALCANTARILLADO; EN EL(LA) SISTEMA DE ALCANTARILLADO DE LA ASOC. DE VIV. LAS VIÑAS PARCELA 1 Y LA ASOC. DE VIV. LOS EDILES (SECTOR CONO SUR ESTE),  DISTRITO DE CORONEL GREGORIO ALBARRACIN LANCHIPA, PROVINCIA TACNA, DEPARTAMENTO TACNA";341989.65;PEN;7;Concurso Público Abreviado;services;Baja competencia
1198464;20207736261;MINAG - PROYECTO ESPECIAL BINACIONAL DESARROLLO INTEGRAL DE LA CUENCA DEL RIO PUTUMAYO;LORETO;MAYNAS;MEJORAMIENTO DEL SERVICIO DE APOYO AL DESARROLLO PRODUCTIVO FORESTAL SOSTENIBLE EN EN MANEJO, APROVECHAMIENTO, PRODUCCIÓN Y ARTICULACIÓN COMERCIAL EN LA CCNN SANTA MERCEDES DEL   DISTRITO DE ROSA PANDURO DE LA PROVINCIA DE PUTUMAYO DEL DEPARTAMENTO DE LORETO;84960;PEN;7;Concurso Público Abreviado;services;Baja competencia
1196984;20154440373;MUNICIPALIDAD PROVINCIAL DE CAÑETE - SAN VICENTE DE CAÑETE;LIMA;CAÑETE;CREACION DE MURO DE CONTENCION EN LA ASOCIACION DE VIVIENDA LOS OLIVOS EN EL DEL DISTRITO DE SAN VICENTE DE CAÑETE - PROVINCIA DE CAÑETE - DEPARTAMENTO DE LIMA;67533.62;PEN;12;Concurso Público Abreviado;services;Mediana competencia
1201083;20131379863;BIBLIOTECA NACIONAL DEL PERU;LIMA;LIMA;"CONSTRUCCION DE AMBIENTE COMPLEMENTARIO; ADQUISICION DE SISTEMA DE ARCHIVOS MOVILES Y EQUIPO DE LABORATORIO Y/O TALLER; REMODELACION DE TALLER; ADEMÁS DE OTROS ACTIVOS EN EL(LA) BIBLIOTECA NACIONAL DEL PERU (SEDE SAN BORJA)  DISTRITO DE SAN BORJA, PROVINCIA LIMA, DEPARTAMENTO LIMA";198710.09;PEN;30;Concurso Público Abreviado;services;Alta competencia
1196192;20479569861;GOBIERNO REGIONAL DE AMAZONAS SEDE CENTRAL;AMAZONAS;CHACHAPOYAS;MEJORAMIENTO Y AMPLIACION DEL SERVICIO DE TRANSITABILIDAD VIAL INTERURBANA EN EL CAMINO VECINAL LA LIBERTAD DE TINLAPE - SURU,   DISTRITO DE SAN FRANCISCO DEL YESO DE LA PROVINCIA DE LUYA DEL DEPARTAMENTO DE AMAZONAS;259131.68;PEN;19;Concurso Público Abreviado;services;Mediana competencia
1198764;20163065330;MUNICIPALIDAD PROVINCIAL DE SANTA - CHIMBOTE;ANCASH;SANTA;CREACION DE LA PLATAFORMA DE ATENCION AL CIUDADANO DE LA MUNICIPALIDAD PROVINCIAL DEL SANTA  DISTRITO DE CHIMBOTE - PROVINCIA DE SANTA - DEPARTAMENTO DE ANCASH;2952971.46;PEN;15;Licitación Pública Abreviada;works;Mediana competencia
1195665;20162368703;MUNICIPALIDAD DISTRITAL DE MOTUPE;LAMBAYEQUE;LAMBAYEQUE;CREACION DE LOS SERVICIOS CULTURALES PARA LA PARTICIPACIÓN DE LA POBLACIÓN EN LAS INDUSTRIAS CULTURALES Y LAS ARTES EN EL DISTRITO DE MOTUPE,   DISTRITO DE MOTUPE DE LA PROVINCIA DE LAMBAYEQUE DEL DEPARTAMENTO DE LAMBAYEQUE;1866403.11;PEN;22;Licitación Pública Abreviada;works;Alta competencia
1200845;20154440373;MUNICIPALIDAD PROVINCIAL DE CAÑETE - SAN VICENTE DE CAÑETE;LIMA;CAÑETE;CREACION DEL SERVICIO DE AGUA POTABLE URBANO Y DEL SERVICIO DE ALCANTARILLADO EN EL C.P. SAN BERNARDITO DEL DISTRITO DE SAN VICENTE DE CAÑETE - PROVINCIA DE CAÑETE - DEPARTAMENTO DE LIMA;94869.48;PEN;6;Concurso Público Abreviado;services;Baja competencia
1196975;20174691267;MUNICIPALIDAD PROVINCIAL DE CUTERVO;CAJAMARCA;CUTERVO;MEJORAMIENTO DE LOS SERVICIOS DE APOYO AL DESARROLLO PRODUCTIVO EN LA CADENA PRODUCTIVA DEL GANADO VACUNO EN LOS DISTRITOS DE CUTERVO, CALLAYUC, PINPINGOS , QUEROCOTILLO , SANTA CRUZ, TORIBIO CASANOVA ,   DISTRITO DE CUTERVO DE LA PROVINCIA DE CUTERVO DEL DEPARTAMENTO DE CAJAMARCA;192000;PEN;3;Concurso Público Abreviado;services;Baja competencia
1200653;20194735384;MUNICIPALIDAD PROVINCIAL DE JORGE BASADRE - LOCUMBA;TACNA;JORGE BASADRE;MEJORAMIENTO DEL SERVICIO DE PRÁCTICA DEPORTIVA Y/O RECREATIVA EN EL ESPACIO DEPORTIVO DEL ANEXO DE CHIPE TRAPICHE,   DISTRITO DE LOCUMBA DE LA PROVINCIA DE JORGE BASADRE DEL DEPARTAMENTO DE TACNA;229978.67;PEN;52;Concurso Público Abreviado;services;Alta competencia
1197018;20181709066;MUNICIPALIDAD PROVINCIAL DE CHUMBIVILCAS - SANTO TOMAS;CUSCO;CHUMBIVILCAS;CREACION DEL CAMINO VECINAL  COLLPA CCASIAHUI- QQUEHUAYLLO -CHACCO ORCCONA - YURACCANCHA DEL DISTRITO DE LLUSCO, PROVINCIA DE CHUMBIVILCAS - CUSCO;288633;PEN;29;Concurso Público Abreviado;services;Alta competencia
1201523;20131378204;MUNICIPALIDAD DISTRITAL DE SAN JUAN DE MIRAFLORES;LIMA;LIMA;"RENOVACION DE CALZADA O PISTA; EN EL(LA) PASAJE 3, ASOC. MARTIRES DE SAN JUAN, ZONA MARIA AUXILIADORA,  DISTRITO DE SAN JUAN DE MIRAFLORES, PROVINCIA LIMA, DEPARTAMENTO LIMA";116588.73;PEN;20;Licitación Pública Abreviada;works;Mediana competencia
1201720;20527147612;GOBIERNO REGIONAL DE CUSCO SEDE CENTRAL;CUSCO;CUSCO;MEJORAMIENTO DE LOS SERVICIOS DE SALUD, EN EL CENTRO DE SALUD INDEPENDENCIA DEL DISTRITO DE CUSCO - PROVINCIA DE CUSCO - DEPARTAMENTO DE CUSCO;310000;PEN;17;Licitación Pública Abreviada;goods;Mediana competencia
1192129;20527147612;GOBIERNO REGIONAL DE CUSCO SEDE CENTRAL;CUSCO;CUSCO;MEJORAMIENTO Y AMPLIACION DE LOS SERVICIOS DE SALUD DEL ESTABLECIMIENTO DE SALUD DE BELEMPAMPA - DISTRITO DE SANTIAGO - PROVINCIA DE CUSCO - REGION CUSCO;429293;PEN;18;Licitación Pública Abreviada;goods;Mediana competencia
1199949;20175229907;MUNICIPALIDAD DISTRITAL DE SUBTANJALLA;ICA;ICA;MEJORAMIENTO Y AMPLIACION DEL SERVICIO DE AGUA POTABLE URBANO Y MEJORAMIENTO Y AMPLIACION DEL SERVICIO DE ALCANTARILLADO EN EL SISTEMA DE AGUA POTABLE ARRABALES , SISTEMA DE ALCANTARILLADO ARRABALES  EN EL SECTOR ARRABALES PROLONGACION CALLE 1  DE CENTRO POBLADO ARRABALES DISTRITO DE SUBTANJALLA DE LA PROVINCIA DE ICA DEL DEPARTAMENTO DE ICA;717129.87;PEN;18;Licitación Pública Abreviada;works;Mediana competencia
1200553;20207736261;MINAG - PROYECTO ESPECIAL BINACIONAL DESARROLLO INTEGRAL DE LA CUENCA DEL RIO PUTUMAYO;LORETO;MAYNAS;MEJORAMIENTO DEL SERVICIO DE APOYO AL DESARROLLO PRODUCTIVO FORESTAL SOSTENIBLE EN EN MANEJO, APROVECHAMIENTO, PRODUCCIÓN Y ARTICULACIÓN COMERCIAL EN LA CCNN SANTA MERCEDES DEL   DISTRITO DE ROSA PANDURO DE LA PROVINCIA DE PUTUMAYO DEL DEPARTAMENTO DE LORETO;84960;PEN;10;Concurso Público Abreviado;services;Mediana competencia
1199081;20519610214;MUNICIPALIDAD DISTRITAL DE CORONEL GREGORIO ALBARRACIN LANCHIPA;TACNA;TACNA;MEJORAMIENTO DEL SERVICIO DE PRÁCTICA DEPORTIVA Y/O RECREATIVA EN JUNTA VECINAL ALFONSO UGARTE III ETAPA   DISTRITO DE CORONEL GREGORIO ALBARRACIN LANCHIPA DE LA PROVINCIA DE TACNA DEL DEPARTAMENTO DE TACNA;248501.96;PEN;10;Concurso Público Abreviado;services;Mediana competencia
1198014;20146008845;MUNICIPALIDAD PROVINCIAL DE HUANUCO;HUANUCO;HUANUCO;"REPARACION DE VEREDA O ACERA; EN EL(LA) JR DAMASO B CDRA5 6 JR HCO CDRA8 9 10 JR AGUILAR CDRA1 JR TARAPACA CDRA1 2 3 4 JR HUALLAYCO CDRA11 JR HERMILIO VAL CDRA1 2 JR 28 D JULIO CDRA6 7 JR ABTAO CDRA10 11 12 S. CRISTOBAL CDRAS 2 3  4 JR BOLIVAR CDRAS 1 2 3 4 5 JR MAYR Y OTROS JIRONES, DEL  DISTRITO DE HUANUCO, PROVINCIA HUANUCO, DEPARTAMENTO HUANUCO";2536678.84;PEN;17;Licitación Pública Abreviada;works;Mediana competencia
1201020;20207736261;MINAG - PROYECTO ESPECIAL BINACIONAL DESARROLLO INTEGRAL DE LA CUENCA DEL RIO PUTUMAYO;LORETO;MAYNAS;MEJORAMIENTO DE LOS SERVICIOS DE APOYO AL DESARROLLO PRODUCTIVO EN AGRICULTURA FAMILIAR, EN LA CUENCA BAJA DEL PUTUMAYO   DISTRITO DE YAGUAS DE LA PROVINCIA DE PUTUMAYO DEL DEPARTAMENTO DE LORETO;70800;PEN;5;Concurso Público Abreviado;services;Baja competencia
1196800;20207736261;MINAG - PROYECTO ESPECIAL BINACIONAL DESARROLLO INTEGRAL DE LA CUENCA DEL RIO PUTUMAYO;LORETO;MAYNAS;MEJORAMIENTO DE SERVICIOS DE ASISTENCIA TÉCNICA DEL CULTIVO DE CACAO EN SISTEMAS AGROFORESTALES Y PROCESAMIENTO EN GRANO SECO DE CACAO PARA LA REACTIVACIÓN ECONÓMICA AFECTADAS POR EL COVID-19 EN 5 LOCALIDADES DEL DISTRITO DE RAMON CASTILLA - PROVINCIA DE MARISCAL RAMON CASTILLA - DEPARTAMENTO DE LORETO;113280;PEN;14;Concurso Público Abreviado;services;Mediana competencia
1195654;20406325815;GOBIERNO REGIONAL DE PUNO SEDE CENTRAL;PUNO;PUNO;MEJORAMIENTO Y AMPLIACION DE LOS SERVICIOS DE SALUD EN EL ESTABLECIMIENTO DE SALUD UMACHIRI CATEGORÍA I-2 DEL  DISTRITO DE UMACHIRI - PROVINCIA DE MELGAR - DEPARTAMENTO DE PUNO;153499.5;PEN;45;Licitación Pública Abreviada;goods;Alta competencia
1198165;20452393493;GOBIERNO REGIONAL DE AYACUCHO SEDE CENTRAL;AYACUCHO;HUAMANGA;MEJORAMIENTO Y AMPLIACION DE LA CARRETERA EMP. PE ¿ 32A (MINASCUCHO) ¿ LLACHOCCMAYO - ALLPACHACA ¿ MUNAYPATA - EMP. AY-106 (ROSASPATA), DISTRITOS DE CHIARA, LOS MOROCHUCOS Y VINCHOS DE LAS PROVINCIAS DE HUAMANGA Y CANGALLO DEL  DEPARTAMENTO DE AYACUCHO;299500;PEN;11;Concurso Público Abreviado;services;Mediana competencia
1187944;20141897935;MUNICIPALIDAD PROVINCIAL DE SANCHEZ CARRION - HUAMACHUCO;LA LIBERTAD;SANCHEZ CARRION;MEJORAMIENTO Y AMPLIACION DEL SERVICIO DE AGUA POTABLE Y SANEAMIENTO RURAL EN LOS SECTORES TOGANGA Y PAMPATAC CENTRO DEL CASERIO PAMPATAC, DISTRITO DE HUAMACHUCO, PROVINCIA DE SANCHEZ CARRION - LA LIBERTAD;6654141.65;PEN;18;Licitación Pública;works;Mediana competencia
1196924;20204176681;MUNICIPALIDAD DISTRITAL DE USICAYOS;PUNO;CARABAYA;CREACION DEL SERVICIO DE PROVISIÓN DE AGUA PARA RIEGO EN LA COMUNIDAD CAMPESINA DE QUETAPALO SECTORES BELLAVISTA, PHUTOPATA, SURAPATA Y CCOTAÑANI DEL   DISTRITO DE USICAYOS DE LA PROVINCIA DE CARABAYA DEL DEPARTAMENTO DE PUNO;221999.5;PEN;36;Licitación Pública Abreviada;goods;Alta competencia
1199181;20166544000;MUNICIPALIDAD DISTRITAL DE SAN MARCOS;ANCASH;HUARI;CREACION DEL SERVICIO DE PRÁCTICA DEPORTIVA Y/O RECREATIVA EN EL MINI COMPLEJO DEPORTIVO DEL CASERÍO DE CONIN  DE CENTRO POBLADO PICHIU SAN PEDRO DISTRITO DE SAN MARCOS DE LA PROVINCIA DE HUARI DEL DEPARTAMENTO DE ANCASH;223437.72;PEN;4;Concurso Público Abreviado;services;Baja competencia
1201099;20207736261;MINAG - PROYECTO ESPECIAL BINACIONAL DESARROLLO INTEGRAL DE LA CUENCA DEL RIO PUTUMAYO;LORETO;MAYNAS;MEJORAMIENTO DE LOS SERVICIOS DE APOYO AL DESARROLLO PRODUCTIVO EN AGRICULTURA FAMILIAR, EN LA CUENCA BAJA DEL PUTUMAYO   DISTRITO DE YAGUAS DE LA PROVINCIA DE PUTUMAYO DEL DEPARTAMENTO DE LORETO;99120;PEN;6;Concurso Público Abreviado;services;Baja competencia
1191844;20147705850;MUNICIPALIDAD PROVINCIAL DE NAZCA;ICA;NAZCA;CREACION DEL SERVICIO DE PRÁCTICA DEPORTIVA Y/O RECREATIVA EN LA LOSA DEPORTIVA DEL ASENTAMIENTO HUMANO LOS GIRASOLES   DISTRITO DE VISTA ALEGRE DE LA PROVINCIA DE NASCA DEL DEPARTAMENTO DE ICA;165058.3;PEN;11;Concurso Público Abreviado;services;Mediana competencia
1199989;20220889042;MUNICIPALIDAD DISTRITAL DE VITOR;AREQUIPA;AREQUIPA;MEJORAMIENTO DEL SERVICIO DE SEGURIDAD CIUDADANA LOCAL EN LA LOCALIDAD DE VITOR,   DISTRITO DE VITOR DE LA PROVINCIA DE AREQUIPA DEL DEPARTAMENTO DE AREQUIPA;83627.4;PEN;6;Concurso Público Abreviado;services;Baja competencia
1198166;20406325815;GOBIERNO REGIONAL DE PUNO SEDE CENTRAL;PUNO;PUNO;MEJORAMIENTO DEL SERVICIO DE SALUD EN EL CENTRO DE SALUD YANAPATA DE LA MICRO RED COPANI, RED DE SALUD YUNGUYO,  DISTRITO DE YUNGUYO - PROVINCIA DE YUNGUYO - DEPARTAMENTO DE PUNO;208600.5;PEN;29;Licitación Pública Abreviada;goods;Alta competencia
1192693;20201315949;MUNICIPALIDAD DISTRITAL DE PUINAHUA;LORETO;REQUENA;CREACION DEL SERVICIO DE AGUA POTABLE Y SANEAMIENTO BÁSICO EN EL CENTRO POBLADO BELLAVISTA DEL DISTRITO DE PUINAHUA - PROVINCIA DE REQUENA - DEPARTAMENTO DE LORETO;585867.92;PEN;16;Concurso Público para Consultoría;services;Mediana competencia
1196254;20206511053;MUNICIPALIDAD DISTRITAL DE SITABAMBA;LA LIBERTAD;SANTIAGO DE CHUCO;MEJORAMIENTO DEL SERVICIO DE LIMPIEZA PÚBLICA EN MUNICIPALIDAD DISTRITAL DE SITABAMBA   DISTRITO DE SITABAMBA DE LA PROVINCIA DE SANTIAGO DE CHUCO DEL DEPARTAMENTO DE LA LIBERTAD;184000;PEN;10;Licitación Pública Abreviada;goods;Mediana competencia
1200681;20207736261;MINAG - PROYECTO ESPECIAL BINACIONAL DESARROLLO INTEGRAL DE LA CUENCA DEL RIO PUTUMAYO;LORETO;MAYNAS;MEJORAMIENTO DE LOS SERVICIOS DE APOYO AL DESARROLLO PRODUCTIVO EN AGRICULTURA FAMILIAR, EN LA CUENCA BAJA DEL PUTUMAYO   DISTRITO DE YAGUAS DE LA PROVINCIA DE PUTUMAYO DEL DEPARTAMENTO DE LORETO;99120;PEN;4;Concurso Público Abreviado;services;Baja competencia
1196759;20207736261;MINAG - PROYECTO ESPECIAL BINACIONAL DESARROLLO INTEGRAL DE LA CUENCA DEL RIO PUTUMAYO;LORETO;MAYNAS;MEJORAMIENTO DE SERVICIOS DE ASISTENCIA TÉCNICA DEL CULTIVO DE CACAO EN SISTEMAS AGROFORESTALES Y PROCESAMIENTO EN GRANO SECO DE CACAO PARA LA REACTIVACIÓN ECONÓMICA AFECTADAS POR EL COVID-19 EN 5 LOCALIDADES DEL DISTRITO DE RAMON CASTILLA - PROVINCIA DE MARISCAL RAMON CASTILLA - DEPARTAMENTO DE LORETO;84960;PEN;6;Concurso Público Abreviado;services;Baja competencia
1193285;20486021692;GOBIERNO REGIONAL DE JUNIN SEDE CENTRAL;JUNIN;HUANCAYO;"CONSTRUCCION DE CAPTACION DE AGUA , RESERVORIO, PTAP Y PTAR; ADEMÁS DE OTROS ACTIVOS EN EL(LA) CIUDAD DE SATIPO  DISTRITO DE SATIPO, PROVINCIA SATIPO, DEPARTAMENTO JUNIN";297266.34;PEN;11;Concurso Público Abreviado;services;Mediana competencia
1194775;20406325815;GOBIERNO REGIONAL DE PUNO SEDE CENTRAL;PUNO;PUNO;MEJORAMIENTO DEL SERVICIO EDUCATIVO DE LAS CARRERAS DE PRODUCCIÓN, AUTOMOTRIZ, MINERÍA, CONTABILIDAD, COMPUTACIÓN,  SECRETARIADO, ENFERMERÍA, LABORATORIO CLÍNICO Y PRÓTESIS DENTAL DEL IST MANUEL NÚÑEZ  BUTRÓN, JULIACA, SAN ROMÁN - PUNO;206000;PEN;11;Licitación Pública Abreviada;goods;Mediana competencia
1196802;20452393493;GOBIERNO REGIONAL DE AYACUCHO SEDE CENTRAL;AYACUCHO;HUAMANGA;MEJORAMIENTO CAMINO VECINAL  LIMONCHAYOCC-SAN JUAN DE MATUCANA-TRIBOLINE-AY519-GRANJA SIVIA BAJA-SIVIA DE LAS PROVINCIAS DE LA MAR Y HUANTA DEL  DEPARTAMENTO DE AYACUCHO;343187.5;PEN;10;Subasta Inversa Electrónica;goods;Mediana competencia
1200432;20165711727;MUNICIPALIDAD DISTRITAL DE HUAROCONDO;CUSCO;ANTA;MEJORAMIENTO Y AMPLIACION DEL SERVICIO DE AGUA POTABLE RURAL Y MEJORAMIENTO Y AMPLIACION DEL SERVICIO DE ALCANTARILLADO U OTRAS FORMAS DE DISPOSICIÓN SANITARIA DE EXCRETAS EN 3 UNIDADES PRODUCTORAS  DE CENTRO POBLADO CHAQUEPAY DISTRITO DE HUAROCONDO DE LA PROVINCIA DE ANTA DEL DEPARTAMENTO DE CUSCO;134892;PEN;14;Subasta Inversa Electrónica;goods;Mediana competencia
1197265;20206179695;MUNICIPALIDAD DISTRITAL DE ANRA;ANCASH;HUARI;"RENOVACION DE CANAL DE RIEGO; EN EL(LA) SISTEMA DE RIEGO DE ALTO CASCAY A PIRKECANCHA EN EL CENTRO POBLADO CASCAY, DISTRITO DE ANRA, PROVINCIA HUARI, DEPARTAMENTO ANCASH";213628.26;PEN;10;Licitación Pública Abreviada;works;Mediana competencia
1195460;20406325815;GOBIERNO REGIONAL DE PUNO SEDE CENTRAL;PUNO;PUNO;MEJORAMIENTO DE LA CARRETERA (EMP 34B) AZANGARO - (EMP PU-102) JILA PURINA DE LOS DISTRITO DE AZÁNGARO - DISTRITO DE TIRAPATA - PROVINCIA DE AZANGARO - REGIÓN PUNO;406000;PEN;24;Licitación Pública Abreviada;goods;Alta competencia
1201458;20172268430;MUNICIPALIDAD PROVINCIAL DE HUARAZ;ANCASH;HUARAZ;MEJORAMIENTO Y AMPLIACION DE LOS SERVICIOS DE AGUA POTABLE Y ALCANTARILLADO EN EL CASERÍO DE YANACOSHCA  DISTRITO DE HUARAZ - PROVINCIA DE HUARAZ - DEPARTAMENTO DE ANCASH;2416201.26;PEN;14;Licitación Pública Abreviada;works;Mediana competencia
1200392;20600171390;MUNICIPALIDAD DISTRITAL DE ANDAYMARCA;HUANCAVELICA;TAYACAJA;MEJORAMIENTO DEL SERVICIO DE PRÁCTICA DEPORTIVA Y/O RECREATIVA EN ESCENARIOS DEPORTIVOS  DE CENTRO POBLADO ANDAYMARCA DISTRITO DE ANDAYMARCA DE LA PROVINCIA DE TAYACAJA DEL DEPARTAMENTO DE HUANCAVELICA;1247146.45;PEN;4;Licitación Pública Abreviada;works;Baja competencia
1201309;20207736261;MINAG - PROYECTO ESPECIAL BINACIONAL DESARROLLO INTEGRAL DE LA CUENCA DEL RIO PUTUMAYO;LORETO;MAYNAS;MEJORAMIENTO DE LOS SERVICIOS DE APOYO AL DESARROLLO PRODUCTIVO EN AGRICULTURA FAMILIAR, EN LA CUENCA BAJA DEL PUTUMAYO   DISTRITO DE YAGUAS DE LA PROVINCIA DE PUTUMAYO DEL DEPARTAMENTO DE LORETO;70800;PEN;7;Concurso Público Abreviado;services;Baja competencia
1200225;20228707261;MUNICIPALIDAD DISTRITAL DE HUABAL;CAJAMARCA;JAEN;MEJORAMIENTO, ISTALACION DE LOS SERVICIOS DE AGUA POTABLE Y DESAGUE, EN LA LOCALIDAD DE SAN RAMON, DISTRITO DE HUABAL - JAEN - CAJAMARCA;5589348.14;PEN;13;Licitación Pública;works;Mediana competencia
1201167;20154491288;MUNICIPALIDAD DISTRITAL DE EL ALGARROBAL;MOQUEGUA;ILO;CREACION DEL SERVICIO DE MOVILIDAD URBANA EN LA AVENIDA 06 DEL PROMUVI I ETAPA,   DISTRITO DE EL ALGARROBAL DE LA PROVINCIA DE ILO DEL DEPARTAMENTO DE MOQUEGUA;372345.22;PEN;16;Concurso Público Abreviado;services;Mediana competencia
1197343;20192145831;MUNICIPALIDAD PROVINCIAL DE SANDIA;PUNO;SANDIA;MEJORAMIENTO Y AMPLIACION DEL SISTEMA DE AGUA POTABLE Y SANEAMIENTO EN LAS LOCALIDADES DE LLAMANI, ARAPA, MORORIA CENTRAL, CAQUENE, HUAYLLABAMBA, PAJCHA, SAJHUATA, CHURINGA HUANCALUQUE Y YUCAYUCANI DE 9 LOCALIDADES DEL DISTRITO DE SANDIA - PROVINCIA DE SANDIA - DEPARTAMENTO DE PUNO;988086.25;PEN;13;Concurso Público Abreviado;services;Mediana competencia
1202014;20186443391;MUNICIPALIDAD DISTRITAL DE MORO;ANCASH;SANTA;MEJORAMIENTO DEL SERVICIO DE TRANSITABILIDAD VIAL INTERURBANA EN CAMINO VECINAL RUTA N° AN-944 TRAYECTORIA: EMP. AN-104 -POCOS-TAMBAR-WINTON-BREÑA   DISTRITO DE MORO DE LA PROVINCIA DE SANTA DEL DEPARTAMENTO DE ANCASH;250000;PEN;9;Concurso Público Abreviado;services;Baja competencia
1192845;20200965192;MUNICIPALIDAD DISTRITAL DE SAN NICOLAS;ANCASH;CARLOS FERMIN FITZCARRALD;CREACION DEL SERVICIO DE TRANSITABILIDAD VIAL INTERURBANA EN EL CAMINO VECINAL TRAMO: YANAMAYO - PONTO   DISTRITO DE SAN NICOLAS DE LA PROVINCIA DE CARLOS FERMIN FITZCARRALD DEL DEPARTAMENTO DE ANCASH;386302.5;PEN;12;Licitación Pública Abreviada;works;Mediana competencia
1201421;20207736261;MINAG - PROYECTO ESPECIAL BINACIONAL DESARROLLO INTEGRAL DE LA CUENCA DEL RIO PUTUMAYO;LORETO;MAYNAS;MEJORAMIENTO DE LOS SERVICIOS DE APOYO AL DESARROLLO PRODUCTIVO EN AGRICULTURA FAMILIAR, EN LA CUENCA BAJA DEL PUTUMAYO   DISTRITO DE YAGUAS DE LA PROVINCIA DE PUTUMAYO DEL DEPARTAMENTO DE LORETO;141600;PEN;9;Concurso Público Abreviado;services;Baja competencia
1198592;20527147612;GOBIERNO REGIONAL DE CUSCO SEDE CENTRAL;CUSCO;CUSCO;RECUPERACION DEL USO SOSTENIBLE DE LA AGROBIODIVERSIDAD EN LOS CULTIVOS ANDINOS DE LA PAPA, OCA, MASHUA, OLLUCO, MAÍZ, TARWI, QUINÚA, CCAÑIHUA, FRIJOL, KIWICHA  (ANTA, PARURO, CANAS Y ACOMAYO) EN 4 PROVINCIAS DEL DEPARTAMENTO DE CUSCO;87948;PEN;15;Licitación Pública Abreviada;goods;Mediana competencia
1196366;20498390570;GOBIERNO REGIONAL DE AREQUIPA Sede Central;AREQUIPA;AREQUIPA;MEJORAMIENTO Y AMPLIACION DE LOS SERVICIOS DE SALUD DEL PUESTO DE SALUD SANTA ROSA,  DISTRITO DE ATIQUIPA - PROVINCIA DE CARAVELI - DEPARTAMENTO DE AREQUIPA;506185.46;PEN;8;Concurso Público Abreviado;services;Baja competencia
1205763;20368999726;GOBIERNO REGIONAL DE CAJAMARCA - GERENCIA SUB REGIONAL CHOTA;CAJAMARCA;CHOTA;MEJORAMIENTO DEL SERVICIO DE TRANSITABILIDAD VIAL INTERURBANA EN EL CAMINO VECINAL, CA-899, TRAMO KM 2+628 - COLPA HUACARIZ - EMP. CA-938 (CHULIT BAJO)   DISTRITO DE CHOTA DE LA PROVINCIA DE CHOTA DEL DEPARTAMENTO DE CAJAMARCA;15255398.01;PEN;18;Licitación Pública;works;Mediana competencia
1198184;20207736261;MINAG - PROYECTO ESPECIAL BINACIONAL DESARROLLO INTEGRAL DE LA CUENCA DEL RIO PUTUMAYO;LORETO;MAYNAS;MEJORAMIENTO DEL SERVICIO DE APOYO AL DESARROLLO PRODUCTIVO FORESTAL SOSTENIBLE EN EN MANEJO, APROVECHAMIENTO, PRODUCCIÓN Y ARTICULACIÓN COMERCIAL EN LA CCNN SANTA MERCEDES DEL   DISTRITO DE ROSA PANDURO DE LA PROVINCIA DE PUTUMAYO DEL DEPARTAMENTO DE LORETO;127440;PEN;15;Concurso Público Abreviado;services;Mediana competencia
1195764;20154491288;MUNICIPALIDAD DISTRITAL DE EL ALGARROBAL;MOQUEGUA;ILO;MEJORAMIENTO Y AMPLIACION DEL SERVICIO DE HABITABILIDAD INSTITUCIONAL EN LA INFRAESTRUCTURA DEL TALLER MECANICO MUNICIPAL Y MAESTRANZA INSTITUCIONAL DE LA MUNICIPALIDAD DEL   DISTRITO DE EL ALGARROBAL DE LA PROVINCIA DE ILO DEL DEPARTAMENTO DE MOQUEGUA;169266.67;PEN;23;Concurso Público Abreviado;services;Alta competencia
1199007;20213370210;MUNICIPALIDAD DISTRITAL DE RANRAHIRCA;ANCASH;YUNGAY;"RENOVACION DE LINEA DE CONDUCCION; EN EL(LA) EN EL SISTEMA DE AGUA POTABLE DE LAS LOCALIDADES DE INDEPENDENCIA, LA FLORIDA Y LADRILLOPAMPA  DISTRITO DE RANRAHIRCA, PROVINCIA YUNGAY, DEPARTAMENTO ANCASH";448737.82;PEN;4;Licitación Pública Abreviada;works;Baja competencia
1201395;20185655441;MUNICIPALIDAD DISTRITAL DE ACOBAMBA - TARMA;JUNIN;TARMA;MEJORAMIENTO Y AMPLIACION DEL MERCADO DE ABASTOS DE LA LOCALIDAD DE ACOBAMBA  DISTRITO DE ACOBAMBA - PROVINCIA DE TARMA - DEPARTAMENTO DE JUNIN;55400;PEN;17;Concurso Público Abreviado;services;Mediana competencia
1194368;20564327019;GOBIERNO REGIONAL DE APURIMAC  - UNIDAD EJECUTORA GERENCIA SUB REGIONAL DE COTABAMBAS;APURIMAC;COTABAMBAS;MEJORAMIENTO DEL SERVICIO EDUCATIVO DEL INSTITUTO DE EDUCACIÓN SUPERIOR TECNOLÓGICO PUBLICO DE HAQUIRA, DEL DISTRITO DE HAQUIRA, PROVINCIA DE ABANCAY - APURÍMAC;473185;PEN;25;Licitación Pública Abreviada;goods;Alta competencia
1191973;20143189091;MUNICIPALIDAD DISTRITAL DE HUARANGO;CAJAMARCA;SAN IGNACIO;MEJORAMIENTO Y AMPLIACIÓN DEL SERVICIO DE AGUA POTABLE Y CREACIÓN DEL SERVICIO DE SANEAMIENTO EN LAS LOCALIDADES DE HUADUILLO, MACAS Y SANTA CLARA, DISTRITO DE HUARANGO - SAN IGNACIO - CAJAMARCA;405112.87;PEN;16;Concurso Público Abreviado;services;Mediana competencia
1201076;20207736261;MINAG - PROYECTO ESPECIAL BINACIONAL DESARROLLO INTEGRAL DE LA CUENCA DEL RIO PUTUMAYO;LORETO;MAYNAS;MEJORAMIENTO DE LOS SERVICIOS DE APOYO AL DESARROLLO PRODUCTIVO EN AGRICULTURA FAMILIAR, EN LA CUENCA BAJA DEL PUTUMAYO   DISTRITO DE YAGUAS DE LA PROVINCIA DE PUTUMAYO DEL DEPARTAMENTO DE LORETO;70800;PEN;3;Concurso Público Abreviado;services;Baja competencia
1197789;20156959783;MUNICIPALIDAD PROVINCIAL DE ANDAHUAYLAS;APURIMAC;ANDAHUAYLAS;MEJORAMIENTO DEL SERVICIO DE MOVILIDAD URBANA EN AV. ANDAHUAYLAS, AV.PERU (1ERA, 2DA Y 3RA) JR. JUAN ANTONIO TRELLES 6TA Y 7MA, JR. GUILLERMO CACERES 6TA, PSJ. CALVARIO JR. RESURECCION 3RA Y 4TA CUADRA   DISTRITO DE ANDAHUAYLAS DE LA PROVINCIA DE ANDAHUAYLAS DEL DEPARTAMENTO DE APURIMAC;86494.45;PEN;15;Subasta Inversa Electrónica;goods;Mediana competencia
1194603;20226560824;MUNICIPALIDAD DISTRITAL DE CCATCCA;CUSCO;QUISPICANCHI;MEJORAMIENTO DEL SERVICIO DE TRANSITABILIDAD DEL CAMINO VECINAL CU-1034: EMP. PE-30C-ANDAYAJE-EMP. CU-1005(LLACHI)-AUSARAY-EMP.PE-30C,  DISTRITO DE CCATCA - PROVINCIA DE QUISPICANCHI - DEPARTAMENTO DE CUSCO;777252;PEN;5;Subasta Inversa Electrónica;goods;Baja competencia
1200532;20185898343;GOBIERNO REGIONAL DE APURIMAC-CHANKA;APURIMAC;ABANCAY;MEJORAMIENTO Y AMPLIACION DEL SERVICIO DE AGUA PARA RIEGO EN ANCCARAYLLA, CCACCE,CHAVELAYOC, PALMA REAL,SANTA ROSA ALTA,UNIÓN CLAVELES,CUNCAYOC,CCACHCCARUMIHUAYCCO, RAYANNIYOC,CCOCHO MOCCO, SANTA ANITA,AÑASORCCO,SACHAYOC MOCCO,CABALLO OCCO,PURMACC WASICUCHO, POTRERO OCCO,CCALLPA MOCCO,CUMANAYLLA,CHECCHE,SACLAYA, ÑAHUINPUQUIO, HUARACCOPATA, CCANCHUPATA Y CHAQUICCOCHAPATA, EN LOS DISTRITOS DE ANDAHUAYLAS, SAN JERONIMO Y JOSE MARIA ARGUEDAS DE LA  PROVINCIA DE ANDAHUAYLAS - DEPARTAMENTO DE APURIMAC;152556.5;PEN;26;Licitación Pública Abreviada;goods;Alta competencia
1196197;20168014962;UNIVERSIDAD NACIONAL DE HUANCAVELICA;HUANCAVELICA;HUANCAVELICA;MEJORAMIENTO DE LOS SERVICIOS ACADÉMICOS  DE EDUCACIÓN SUPERIOR UNIVERSITARIA Y ADMINISTRATIVO  EN LA EAP DE INGENIERIA AMBIENTAL Y SANITARIA  DE LA UNIVERSIDAD NACIONAL DE HUANCAVELICA - DISTRITO DE HUANCAVELICA - REGIÓN HUANCAVELICA;172575;PEN;9;Concurso Público Abreviado;services;Baja competencia
1196795;20207736261;MINAG - PROYECTO ESPECIAL BINACIONAL DESARROLLO INTEGRAL DE LA CUENCA DEL RIO PUTUMAYO;LORETO;MAYNAS;MEJORAMIENTO DE SERVICIOS DE ASISTENCIA TÉCNICA DEL CULTIVO DE CACAO EN SISTEMAS AGROFORESTALES Y PROCESAMIENTO EN GRANO SECO DE CACAO PARA LA REACTIVACIÓN ECONÓMICA AFECTADAS POR EL COVID-19 EN 5 LOCALIDADES DEL DISTRITO DE RAMON CASTILLA - PROVINCIA DE MARISCAL RAMON CASTILLA - DEPARTAMENTO DE LORETO;77880;PEN;6;Concurso Público Abreviado;services;Baja competencia
1196814;20207736261;MINAG - PROYECTO ESPECIAL BINACIONAL DESARROLLO INTEGRAL DE LA CUENCA DEL RIO PUTUMAYO;LORETO;MAYNAS;MEJORAMIENTO DE SERVICIOS DE ASISTENCIA TÉCNICA DEL CULTIVO DE CACAO EN SISTEMAS AGROFORESTALES Y PROCESAMIENTO EN GRANO SECO DE CACAO PARA LA REACTIVACIÓN ECONÓMICA AFECTADAS POR EL COVID-19 EN 5 LOCALIDADES DEL DISTRITO DE RAMON CASTILLA - PROVINCIA DE MARISCAL RAMON CASTILLA - DEPARTAMENTO DE LORETO;99120;PEN;10;Concurso Público Abreviado;services;Mediana competencia
1198664;20162298659;MUNICIPALIDAD PROVINCIAL DE TAMBOPATA;MADRE DE DIOS;TAMBOPATA;MEJORAMIENTO DEL SERVICIO DE TRANSITABILIDAD VIAL INTERURBANA EN MD-566 LA JOYA - CHONTA (TRAMO ÓVALO ARPÍA - JR. LOS CONQUISTADORES)   DISTRITO DE TAMBOPATA DE LA PROVINCIA DE TAMBOPATA DEL DEPARTAMENTO DE MADRE DE DIOS;342000;PEN;2;Subasta Inversa Electrónica;goods;Baja competencia
1201440;20452393493;GOBIERNO REGIONAL DE AYACUCHO SEDE CENTRAL;AYACUCHO;HUAMANGA;MEJORAMIENTO Y AMPLIACION DEL SERVICIO DE TRANSITABILIDAD VIAL ENTRE EL TRAMO AY-728(PENAL DE YANAMILLA) HASTA EL TRAMO AY-729(PTAR) LONGITUD 2.38 KM EN EL  DISTRITO DE ANDRES AVELINO CACERES - PROVINCIA DE HUAMANGA - DEPARTAMENTO DE AYACUCHO;885950;PEN;5;Subasta Inversa Electrónica;goods;Baja competencia
1201502;20207736261;MINAG - PROYECTO ESPECIAL BINACIONAL DESARROLLO INTEGRAL DE LA CUENCA DEL RIO PUTUMAYO;LORETO;MAYNAS;MEJORAMIENTO DE LA CAPACIDAD PRODUCTIVA DEL CULTIVO DE MAIZ EN HOGARES EN PROCESO DE INCLUSION EN LA CUENCA DEL RIO AMAZONAS ENTRE RONDIÑA I ZONA Y YAHUMA II ZONA, DISTRITO DE YAVARI - MARISCAL RAMON CASTILLA - LORETO;134520;PEN;9;Concurso Público Abreviado;services;Baja competencia
1197748;20148420719;MUNICIPALIDAD DISTRITAL DE MARCONA;ICA;NAZCA;CREACION DEL SERVICIOS DE ESPACIOS PÚBLICOS URBANOS EN EL PARQUE OSCAR CARRION DEL AA.HH. SAN MARTIN DE PORRES DEL   DISTRITO DE MARCONA DE LA PROVINCIA DE NASCA DEL DEPARTAMENTO DE ICA;908218.29;PEN;9;Licitación Pública Abreviada;works;Baja competencia
1196697;20452393493;GOBIERNO REGIONAL DE AYACUCHO SEDE CENTRAL;AYACUCHO;HUAMANGA;CREACION DEL SERVICIO DE TRANSITABILIDAD VEHICULAR DEL TRAMO TIRCUS ¿ MEJORADA,  DISTRITO DE SIVIA - PROVINCIA DE HUANTA - DEPARTAMENTO DE AYACUCHO;612000;PEN;14;Concurso Público de Servicios;services;Mediana competencia
1197122;20519752515;GOBIERNO REGIONAL DE TACNA SEDE CENTRAL;TACNA;TACNA;"MEJORAMIENTO DEL SERVICIO EDUCATIVO DEL NIVEL PRIMARIO EN  LA I.E. N°42200 ""OMAR ZILBERT SALAS"",  DISTRITO DE LA YARADA LOS PALOS - PROVINCIA DE TACNA - DEPARTAMENTO DE TACNA";245124;PEN;25;Licitación Pública Abreviada;goods;Alta competencia
1201026;20282911915;MUNICIPALIDAD DISTRITAL DE NUEVO CHIMBOTE;ANCASH;SANTA;CREACION DEL SERVICIO DE PRÁCTICA DEPORTIVA Y/O RECREATIVA EN LA MZ K LOTE 5 DEL A.H. JUAN BAUTISTA ALVAREZ VERA DEL   DISTRITO DE NUEVO CHIMBOTE DE LA PROVINCIA DE SANTA DEL DEPARTAMENTO DE ANCASH;2801561;PEN;11;Licitación Pública Abreviada;works;Mediana competencia
1201294;20207736261;MINAG - PROYECTO ESPECIAL BINACIONAL DESARROLLO INTEGRAL DE LA CUENCA DEL RIO PUTUMAYO;LORETO;MAYNAS;MEJORAMIENTO DEL SERVICIO DE APOYO AL DESARROLLO PRODUCTIVO FORESTAL SOSTENIBLE EN EN MANEJO, APROVECHAMIENTO, PRODUCCIÓN Y ARTICULACIÓN COMERCIAL EN LA CCNN SANTA MERCEDES DEL   DISTRITO DE ROSA PANDURO DE LA PROVINCIA DE PUTUMAYO DEL DEPARTAMENTO DE LORETO;84960;PEN;8;Concurso Público Abreviado;services;Baja competencia
1201116;20207736261;MINAG - PROYECTO ESPECIAL BINACIONAL DESARROLLO INTEGRAL DE LA CUENCA DEL RIO PUTUMAYO;LORETO;MAYNAS;MEJORAMIENTO DEL SERVICIO DE APOYO AL DESARROLLO PRODUCTIVO FORESTAL SOSTENIBLE EN EN MANEJO, APROVECHAMIENTO, PRODUCCIÓN Y ARTICULACIÓN COMERCIAL EN LA CCNN SANTA MERCEDES DEL   DISTRITO DE ROSA PANDURO DE LA PROVINCIA DE PUTUMAYO DEL DEPARTAMENTO DE LORETO;84960;PEN;8;Concurso Público Abreviado;services;Baja competencia
1201118;20207736261;MINAG - PROYECTO ESPECIAL BINACIONAL DESARROLLO INTEGRAL DE LA CUENCA DEL RIO PUTUMAYO;LORETO;MAYNAS;MEJORAMIENTO DE LA CAPACIDAD PRODUCTIVA DEL CULTIVO DE MAIZ EN HOGARES EN PROCESO DE INCLUSION EN LA CUENCA DEL RIO AMAZONAS ENTRE RONDIÑA I ZONA Y YAHUMA II ZONA, DISTRITO DE YAVARI - MARISCAL RAMON CASTILLA - LORETO;77880;PEN;1;Concurso Público Abreviado;services;Baja competencia
1200245;20527760314;UNIVERSIDAD NACIONAL JOSE MARIA ARGUEDAS;APURIMAC;ANDAHUAYLAS;CREACION DE LOS SERVICIOS DE FORMACION PRE GRADO DE LA ESCUELA POFESIONAL DE INGENIERIA AMBIENTAL DE LA UNIVERSIDAD NACIONAL JOSE MARIA  DISTRITO DE TALAVERA - PROVINCIA DE ANDAHUAYLAS - DEPARTAMENTO DE APURIMAC;480000;PEN;38;Licitación Pública Abreviada;goods;Alta competencia
1201117;20207736261;MINAG - PROYECTO ESPECIAL BINACIONAL DESARROLLO INTEGRAL DE LA CUENCA DEL RIO PUTUMAYO;LORETO;MAYNAS;MEJORAMIENTO DEL SERVICIO DE APOYO AL DESARROLLO PRODUCTIVO FORESTAL SOSTENIBLE EN EN MANEJO, APROVECHAMIENTO, PRODUCCIÓN Y ARTICULACIÓN COMERCIAL EN LA CCNN SANTA MERCEDES DEL   DISTRITO DE ROSA PANDURO DE LA PROVINCIA DE PUTUMAYO DEL DEPARTAMENTO DE LORETO;84960;PEN;9;Concurso Público Abreviado;services;Baja competencia
1201101;20189975920;GOBIERNO REGIONAL DE CUSCO - DIRECCION REGIONAL DE TRANSPORTES Y COMUNICACIONES CUSCO;CUSCO;CUSCO;MEJORAMIENTO DE LA TRANSITABILIDAD VEHICULAR DE LA CARRETERA  PAUCARTAMBO ¿ ABRA ACJANACU, EN LOS TRAMOS: PAUCARTAMBO (DESVIO CU 113) ¿ LLAYCHU ¿ KAPACHI (EMP CU ¿ 989), KAPACHI (EMP CU ¿ 989) ¿ SUNCHUBAMBA ¿ JAJAHUANA ¿ CHALLABAMBA- DESVIO CU990, EMP. CU-989 (CHALLABAMBA) ¿ EMP CU- 113 (ABRA ACJANACU), EN LOS DISTRITOS DE PAUCARTAMBO Y CHALLABAMBA DE LA  PROVINCIA DE PAUCARTAMBO - DEPARTAMENTO DE CUSCO;98000;PEN;3;Comparación de Precios;services;Baja competencia
1196785;20222952256;MUNICIPALIDAD DISTRITAL DE QUILLO;ANCASH;YUNGAY;MEJORAMIENTO Y AMPLIACION DEL SERVICIO DE AGUA POTABLE RURAL Y CREACION DEL SERVICIO DE ALCANTARILLADO U OTRAS FORMAS DE DISPOSICIÓN SANITARIA DE EXCRETAS EN EL ANEXO CRUZ PUNTA DEL   DISTRITO DE QUILLO DE LA PROVINCIA DE YUNGAY DEL DEPARTAMENTO DE ANCASH;115938.42;PEN;13;Concurso Público Abreviado;services;Mediana competencia
1193994;20192245461;MUNICIPALIDAD DISTRITAL DE LA COIPA;CAJAMARCA;SAN IGNACIO;MEJORAMIENTO DE LOS SERVICOS DE EDUCACION EN LA I.E.I.P.S.M. DE ÁREAS TÉCNICAS DE AGROPECUARIA E INDUSTRIA DEL VESTIDO, SAGRADO CORAZON DE JESUS N 16484 EL REJO, DISTRITO DE LA COIPA - SAN IGNACIO - CAJAMARCA;32961372.97;PEN;9;Licitación Pública;works;Baja competencia
1195378;20172618864;MUNICIPALIDAD DISTRITAL DE CASTILLA;PIURA;PIURA;MEJORAMIENTO DEL SERVICIO DE AGUA POTABLE URBANO Y MEJORAMIENTO DEL SERVICIO DE ALCANTARILLADO EN LA APV 15 DE SETIEMBRE,   DISTRITO DE CASTILLA DE LA PROVINCIA DE PIURA DEL DEPARTAMENTO DE PIURA;137160.86;PEN;18;Concurso Público Abreviado;services;Mediana competencia
1194018;20452393493;GOBIERNO REGIONAL DE AYACUCHO SEDE CENTRAL;AYACUCHO;HUAMANGA;CREACION DE  TROCHA CARROZABLE EN EL MARGEN  IZQUIERDO DEL RIO PARARCA , TRAMO AULLA - MIRMACA,  DISTRITO DE PARARCA - PROVINCIA DE PAUCAR DEL SARA SARA - DEPARTAMENTO DE AYACUCHO;112000;PEN;17;Concurso Público Abreviado;services;Mediana competencia
1194025;20168007168;MUNICIPALIDAD PROVINCIAL DE CHACHAPOYAS;AMAZONAS;CHACHAPOYAS;MEJORAMIENTO DEL SERVICIO DE MOVILIDAD URBANA EN 4 UNIDADES PRODUCTORAS   DISTRITO DE CHACHAPOYAS DE LA PROVINCIA DE CHACHAPOYAS DEL DEPARTAMENTO DE AMAZONAS;80114;PEN;11;Subasta Inversa Electrónica;goods;Mediana competencia
1193206;20143189091;MUNICIPALIDAD DISTRITAL DE HUARANGO;CAJAMARCA;SAN IGNACIO;MEJORAMIENTO DEL SERVICIO DE TRANSITABILIDAD VEHICULAR Y PEATONAL DEL CENTRO POBLADO HUARANGO DEL DISTRITO DE HUARANGO - PROVINCIA DE SAN IGNACIO - DEPARTAMENTO DE CAJAMARCA;6839884.63;PEN;16;Licitación Pública;works;Mediana competencia
1197464;20197196000;MUNICIPALIDAD DISTRITAL DE POROTO;LA LIBERTAD;TRUJILLO;MEJORAMIENTO DEL SERVICIO DE PRÁCTICA DEPORTIVA Y/O RECREATIVA EN CAMPO DEPORTIVO  DE CENTRO POBLADO CUSHMUN DISTRITO DE POROTO DE LA PROVINCIA DE TRUJILLO DEL DEPARTAMENTO DE LA LIBERTAD;423015.85;PEN;15;Licitación Pública Abreviada;works;Mediana competencia
1200656;20207736261;MINAG - PROYECTO ESPECIAL BINACIONAL DESARROLLO INTEGRAL DE LA CUENCA DEL RIO PUTUMAYO;LORETO;MAYNAS;MEJORAMIENTO DE LOS SERVICIOS DE APOYO AL DESARROLLO PRODUCTIVO EN AGRICULTURA FAMILIAR, EN LA CUENCA BAJA DEL PUTUMAYO   DISTRITO DE YAGUAS DE LA PROVINCIA DE PUTUMAYO DEL DEPARTAMENTO DE LORETO;127440;PEN;9;Concurso Público Abreviado;services;Baja competencia
1194778;20531290306;MUNICIPALIDAD DISTRITAL DE BAJO BIAVO;SAN MARTIN;BELLAVISTA;"REPARACION DE SISTEMA DE ABASTECIMIENTO DE AGUA POTABLE; CONSTRUCCION DE SISTEMA DE ABASTECIMIENTO DE AGUA POTABLE; EN EL(LA) LOCALIDADES DE PARAISO, LOS OLIVOS, MIRAFLORES, PLANTANILLO DEL VALLE DEL PAVO  DISTRITO DE BAJO BIAVO, PROVINCIA BELLAVISTA, DEPARTAMENTO SAN MARTIN";191367.57;PEN;5;Concurso Público Abreviado;services;Baja competencia
1200446;20147706155;MUNICIPALIDAD DISTRITAL DE VISTA ALEGRE - NAZCA;ICA;NAZCA;"ADQUISICION DE PARQUE PFV / PANEL FOTOVOLTAICO DOMICILIARIO; EN EL(LA) CALLE PROLONGACION YAHUAR HUACA DEL AA.HH. NUEVA VILLA DEL  DISTRITO DE VISTA ALEGRE, PROVINCIA NASCA, DEPARTAMENTO ICA";324824.63;PEN;12;Licitación Pública Abreviada;works;Mediana competencia
1193126;20180001051;MUNICIPALIDAD PROVINCIAL DE CHINCHEROS;APURIMAC;CHINCHEROS;MEJORAMIENTO DEL SERVICIO DE TRANSITABILIDAD VIAL INTERURBANA EN LA VÍA DE EVITAMIENTO DE LOS SECTORES DE LLIMPE, NUEVO CHOCCEPUQUIO, LIMONIYUQ, QUISPIMARCA, VISTA ALEGRE, LAMBRASHUAYCCO Y CCOLLPACCASA DEL DISTRITO DE ANCO HUALLO Y   DISTRITO DE CHINCHEROS DE LA PROVINCIA DE CHINCHEROS DEL DEPARTAMENTO DE APURIMAC;163566.18;PEN;9;Concurso Público Abreviado;services;Baja competencia
1198804;20131367008;INSTITUTO GEOFISICO DEL PERU;LIMA;LIMA;MEJORAMIENTO DEL SERVICIO DE LABORATORIO NACIONAL DE INSTRUMENTACION GEOFISICA PARA LA GENERACION DE INFORMACION BASE EN GESTION DE RIESGOS DE DESASTRES CAUSADOS POR SISMOS, TSUNAMIS, FALLAS ACTIVAS Y GEODINAMICA DE SUPERFICIE,  LA MOLINA,  LIMA;105000;PEN;11;Licitación Pública Abreviada;goods;Mediana competencia
1194784;20406325815;GOBIERNO REGIONAL DE PUNO SEDE CENTRAL;PUNO;PUNO;MEJORAMIENTO DE LOS SERVICIOS DE APOYO AL DESARROLLO PRODUCTIVO EN 19 UNIDADES PRODUCTORAS 19 DISTRITOS DE 7 PROVINCIAS DEL DEPARTAMENTO DE PUNO;64163.3;PEN;3;Comparación de Precios;goods;Baja competencia
1198192;20185898343;GOBIERNO REGIONAL DE APURIMAC-CHANKA;APURIMAC;ABANCAY;MEJORAMIENTO Y AMPLIACION DEL SERVICIO DE AGUA PARA RIEGO EN ANCCARAYLLA, CCACCE,CHAVELAYOC, PALMA REAL,SANTA ROSA ALTA,UNIÓN CLAVELES,CUNCAYOC,CCACHCCARUMIHUAYCCO, RAYANNIYOC,CCOCHO MOCCO, SANTA ANITA,AÑASORCCO,SACHAYOC MOCCO,CABALLO OCCO,PURMACC WASICUCHO, POTRERO OCCO,CCALLPA MOCCO,CUMANAYLLA,CHECCHE,SACLAYA, ÑAHUINPUQUIO, HUARACCOPATA, CCANCHUPATA Y CHAQUICCOCHAPATA, EN LOS DISTRITOS DE ANDAHUAYLAS, SAN JERONIMO Y JOSE MARIA ARGUEDAS DE LA  PROVINCIA DE ANDAHUAYLAS - DEPARTAMENTO DE APURIMAC;51330;PEN;7;Subasta Inversa Electrónica;goods;Baja competencia
1196763;20322944722;MUNICIPALIDAD DISTRITAL DE PAROBAMBA;ANCASH;POMABAMBA;MEJORAMIENTO DEL SERVICIOS DE ESPACIOS PÚBLICOS URBANOS EN EL SECTOR CACHIPAMPA DE LA LOCALIDAD DE PAROBAMBA,   DISTRITO DE PAROBAMBA DE LA PROVINCIA DE POMABAMBA DEL DEPARTAMENTO DE ANCASH;473083.63;PEN;12;Licitación Pública Abreviada;works;Mediana competencia
1200983;20177901963;MUNICIPALIDAD DISTRITAL DE SUPE;LIMA;BARRANCA;"REPARACION DE CANAL DE RIEGO; EN EL(LA) LATERAL DE CUARTO ORDEN TOMA N°2 SECTOR HUARANGAL EN LAS PROGRESIVAS 0+000 KM AL 0+900 KM DEL C.P. SAN NICOLAS  DISTRITO DE SUPE, PROVINCIA BARRANCA, DEPARTAMENTO LIMA";532312.5;PEN;14;Licitación Pública Abreviada;works;Mediana competencia
1190173;20147705850;MUNICIPALIDAD PROVINCIAL DE NAZCA;ICA;NAZCA;MEJORAMIENTO DEL SERVICIO DE EDUCACION PRIMARIA EN I.E. 22740 EDELMIRA RAMOS HERENCIA   DISTRITO DE NASCA DE LA PROVINCIA DE NASCA DEL DEPARTAMENTO DE ICA;2081591.13;PEN;21;Licitación Pública Abreviada;works;Alta competencia
1197001;20527147612;GOBIERNO REGIONAL DE CUSCO SEDE CENTRAL;CUSCO;CUSCO;RECUPERACION DEL USO SOSTENIBLE DE LA AGROBIODIVERSIDAD EN LOS CULTIVOS ANDINOS DE LA PAPA, OCA, MASHUA, OLLUCO, MAÍZ, TARWI, QUINÚA, CCAÑIHUA, FRIJOL, KIWICHA  (ANTA, PARURO, CANAS Y ACOMAYO) EN 4 PROVINCIAS DEL DEPARTAMENTO DE CUSCO;120780;PEN;36;Licitación Pública Abreviada;goods;Alta competencia
1199049;20159345573;MUNICIPALIDAD DISTRITAL DE PITUMARCA;CUSCO;CANCHIS;MEJORAMIENTO DE LOS SERVICIOS DE INTERCAMBIO INTERCULTURAL EN FORTALECIMIENTO DE COMPETENCIAS INTERCULTURALES,EDUCATIVAS Y HABILIDADES DEPORTIVAS   DISTRITO DE PITUMARCA DE LA PROVINCIA DE CANCHIS DEL DEPARTAMENTO DE CUSCO;195000;PEN;7;Licitación Pública Abreviada;goods;Baja competencia
1195166;20453744168;GOBIERNO REGIONAL DE CAJAMARCA SEDE CENTRAL;CAJAMARCA;CAJAMARCA;CONSTRUCCION CARRETERA CORTEGANA - SAN ANTONIO - EL CALVARIO - TRES CRUCES - CANDEN, DISTRITO DE CORTEGANA, PROVINCIA DE CELENDIN - CAJAMARCA;6299777.77;PEN;1;Contratación Directa;works;Baja competencia
1200019;20207352871;MUNICIPALIDAD DISTRITAL DE AJOYANI;PUNO;CARABAYA;"CONSTRUCCION DE COBERTURA DE INSTALACIONES DEPORTIVAS; REMODELACION DE CAMPO MENOR (MULTIDEPORTIVO RECREATIVO); EN EL(LA) I.E. 74  DISTRITO DE AJOYANI, PROVINCIA CARABAYA, DEPARTAMENTO PUNO";139333.33;PEN;26;Licitación Pública Abreviada;goods;Alta competencia
1200373;20527147612;GOBIERNO REGIONAL DE CUSCO SEDE CENTRAL;CUSCO;CUSCO;AMPLIACION DEL SERVICIO DEL SISTEMA DE DISTRIBUCIÓN, LÍNEA PRIMARIA, RED PRIMARIA, SUBESTACIÓN DE DISTRIBUCIÓN, REDES SECUNDARIAS Y ACOMETIDAS DOMICILIARIAS, II ETAPA EN LAS COMUNIDADES NATIVAS DE QUEROS, WACHIPAIRE-HARAKBUT, COMUNIDADES NATIVAS ,  SECTORES Y APVS DEL DISTRITO DE KOSÑIPATA - PROVINCIA DE PAUCARTAMBO - DEPARTAMENTO DE CUSCO;474100;PEN;6;Subasta Inversa Electrónica;goods;Baja competencia
1201483;20199860551;GOBIERNO REGIONAL DE PUNO-PROGRAMA REGIONAL DE RIEGO Y DRENAJE;PUNO;PUNO;MEJORAMIENTO Y AMPLIACION DEL SERVICIO DE AGUA PARA LOS SISTEMAS DE RIEGO HUALLATIRI, HUAYRAPATA Y HUARANCA GRANDE DEL DISTRITO DE HUAYRAPATA - PROVINCIA DE MOHO - DEPARTAMENTO DE PUNO;47600;PEN;2;Subasta Inversa Electrónica;goods;Baja competencia
1196278;20166604347;MUNICIPALIDAD DISTRITAL DE CAJAY;ANCASH;HUARI;"REPARACION DE VIAS VECINALES; EN EL(LA) TROCHA CARROZABLE DEL TRAMO LLANTU HASTA EL PUENTE COLCAS DEL CASERÍO DE CAYAS,  DISTRITO DE CAJAY, PROVINCIA HUARI, DEPARTAMENTO ANCASH";1093420.24;PEN;12;Licitación Pública Abreviada;works;Mediana competencia
1201881;20527147612;GOBIERNO REGIONAL DE CUSCO SEDE CENTRAL;CUSCO;CUSCO;MEJORAMIENTO Y AMPLIACION DEL SERVICIO DE SUMINISTRO ELÉCTRICO DOMICILIARIO EN ZONAS RURALES EN 14 SECTORES (FUERA DE AREA DE CONCESION)   DISTRITO DE LAYO DE LA PROVINCIA DE CANAS DEL DEPARTAMENTO DE CUSCO;283050;PEN;9;Licitación Pública Abreviada;goods;Baja competencia
1199499;20193063218;MUNICIPALIDAD PROVINCIAL DE SANCHEZ CERRO - OMATE;MOQUEGUA;GENERAL SANCHEZ CERRO;CREACION DEL SERVICIO DE MOVILIDAD URBANA EN LAS VÍAS LOCALES DE LA ASOCIACIÓN DE VIVIENDA SAN ISIDRO II ETAPA DEL ANEXO COGRI DEL   DISTRITO DE OMATE DE LA PROVINCIA DE GENERAL SANCHEZ CERRO DEL DEPARTAMENTO DE MOQUEGUA;95575;PEN;4;Subasta Inversa Electrónica;goods;Baja competencia
1193823;20486021692;GOBIERNO REGIONAL DE JUNIN SEDE CENTRAL;JUNIN;HUANCAYO;"RENOVACION DE BOCATOMA - DESARENADOR; EN EL(LA) SISTEMA DE RIEGO SACSA -  CORICOCHA - CHUNAN  DISTRITO DE SAN PEDRO DE CHUNAN, PROVINCIA JAUJA, DEPARTAMENTO JUNIN";4703626.13;PEN;12;Licitación Pública Abreviada;works;Mediana competencia
1196694;20181009161;MUNICIPALIDAD DISTRITAL DE PUNTA DE BOMBON;AREQUIPA;ISLAY;CREACION DEL SERVICIO DE RECREACIÓN Y DEPORTE DE COMPLEJO POLIDEPORTIVO LA PUNTA EN EL CENTRO POBLADO LA PUNTA,  DISTRITO DE PUNTA DE BOMBON - PROVINCIA DE ISLAY - DEPARTAMENTO DE AREQUIPA;103600.06;PEN;27;Licitación Pública Abreviada;goods;Alta competencia
1193230;20161096068;MUNICIPALIDAD PROVINCIAL DE COTABAMBAS - TAMBOBAMBA;APURIMAC;COTABAMBAS;MEJORAMIENTO DEL SERVICIO DE  AGUA DEL SISTEMA DE RIEGO EN LOS SECTORES DE ANTAPAMPA,OCRAÑAHUÑIN,SIMACCHI Y CCONCHAYOCC DE LA LOCALIDAD DE CCAYAU,  DISTRITO DE HAQUIRA - PROVINCIA DE COTABAMBAS - DEPARTAMENTO DE APURIMAC;114918.53;PEN;11;Concurso Público Abreviado;services;Mediana competencia
1193898;20161244512;MUNICIPALIDAD PROVINCIAL DE CHUCUITO - JULI;PUNO;CHUCUITO;MEJORAMIENTO DEL CAMINO VECINAL 680: EMP. PE - 3S (DV. SIHUAYRO) ¿ 1+410 SIHUAYRO DEL CENTRO POBLADO DE SIHUAYRO DEL DISTRITO DE JULI - PROVINCIA DE CHUCUITO - DEPARTAMENTO DE PUNO;174610;PEN;2;Subasta Inversa Electrónica;goods;Baja competencia
1202181;20205390201;MUNICIPALIDAD DISTRITAL DE QUEROCOTILLO;CAJAMARCA;CUTERVO;CREACION DEL SERVICIO DE AGUA POTABLE Y SANEAMIENTO EN EL CASERIO EL  TAYME , DISTRITO DE QUEROCOTILLO - CUTERVO - CAJAMARCA;1650076.88;PEN;15;Licitación Pública Abreviada;works;Mediana competencia
1198529;20406325815;GOBIERNO REGIONAL DE PUNO SEDE CENTRAL;PUNO;PUNO;MEJORAMIENTO DEL SERVICIO DE TRANSITABILIDAD VIAL INTERURBANA EN LA CARRETERA TRAMO ACHAYA ¿ EMP. PU 113(ARAPA) , DE LOS   DISTRITOS DE ACHAYA, ARAPA DE LA PROVINCIA DE AZANGARO DEL DEPARTAMENTO DE PUNO;350000;PEN;19;Concurso Público Abreviado;services;Mediana competencia
1196239;20315880069;GOBIERNO REGIONAL DE PIURA - GERENCIA SUBREGIONAL  LUCIANO CASTILLO COLONNA;PIURA;SULLANA;MEJORAMIENTO DEL SERVICIO DE PRÁCTICA DEPORTIVA Y/O RECREATIVA EN DOS INSTALACIONES DEPORTIVAS DEL DISTRITO DE SICCHEZ Y DEL   DISTRITO DE PAIMAS DE LA PROVINCIA DE AYABACA DEL DEPARTAMENTO DE PIURA;203264.72;PEN;18;Concurso Público Abreviado;services;Mediana competencia
1193885;20214364612;MUNICIPALIDAD DISTRITAL DE HUACULLANI;PUNO;CHUCUITO;MEJORAMIENTO DE LOS SERVICIOS DE APOYO AL DESARROLLO PRODUCTIVO EN LA DELIMITACIÓN DE AREAS GANADERAS EN LA COMUNIDAD CAMPESINA MARKA AYLLU HUACASUMA DEL   DISTRITO DE HUACULLANI DE LA PROVINCIA DE CHUCUITO DEL DEPARTAMENTO DE PUNO;181828;PEN;24;Licitación Pública Abreviada;goods;Alta competencia
1200389;20406325815;GOBIERNO REGIONAL DE PUNO SEDE CENTRAL;PUNO;PUNO;MEJORAMIENTO DEL SERVICIO EDUCATIVO EN LA IES POLITÉCNICO REGIONAL LOS ANDES, DISTRITO DE JULIACA, PROVINCIA DE SAN ROMÁN - PUNO;995746.25;PEN;6;Subasta Inversa Electrónica;goods;Baja competencia
1194032;20489250731;GOBIERNO REGIONAL DE HUANUCO SEDE CENTRAL;HUANUCO;HUANUCO;MEJORAMIENTO DE LA CAPACIDAD RESOLUTIVA DEL HOSPITAL DE TINGO MARIA;80000;PEN;6;Concurso Público Abreviado;services;Baja competencia
1193135;20142747155;MUNICIPALIDAD PROVINCIAL DE HUARMEY;ANCASH;HUARMEY;CREACION  SERVICIO DE MOVILIDAD URBANA EN LAS VIAS LOCALES DE LA P.V.H.U. ZONA ESTE   DISTRITO DE HUARMEY DE LA PROVINCIA DE HUARMEY DEL DEPARTAMENTO DE ANCASH;62883.62;PEN;17;Concurso Público Abreviado;services;Mediana competencia
1196735;20601625017;MUNICIPALIDAD DISTRITAL DE MEGANTONI;CUSCO;LA CONVENCION;MEJORAMIENTO Y AMPLIACION DE LOS SERVICIOS DE SALUD DEL CENTRO DE SALUD DE TIMPIA, EN LA ZONA SUR DEL BAJO URUBAMBA, DISTRITO DE ECHARATE - LA CONVENCION - CUSCO;715530;PEN;19;Concurso Público Abreviado;services;Mediana competencia
1194441;20168014962;UNIVERSIDAD NACIONAL DE HUANCAVELICA;HUANCAVELICA;HUANCAVELICA;MEJORAMIENTO Y AMPLIACION DEL SERVICIO ACADÉMICO A NIVEL DE EDUCACIÓN SUPERIOR UNIVERSITARIA EN LA FACULTAD DE EDUCACIÓN DE LA UNIVERSIDAD NACIONAL DE HUANCAVELICA  DISTRITO DE HUANCAVELICA - PROVINCIA DE HUANCAVELICA - DEPARTAMENTO DE HUANCAVELICA;24185517.88;PEN;6;Licitación Pública Abreviada;works;Baja competencia
1195393;20354264936;MUNICIPALIDAD DISTRITAL DE ONGON;LA LIBERTAD;PATAZ;MEJORAMIENTO Y AMPLIACION DEL SERVICIO DEPORTIVO RECREATIVO EN EL ANEXO SAN FRANCISCO DEL DISTRITO DE ONGON - PROVINCIA DE PATAZ - DEPARTAMENTO DE LA LIBERTAD;1655110.14;PEN;9;Licitación Pública Abreviada;works;Baja competencia
1192110;20154491288;MUNICIPALIDAD DISTRITAL DE EL ALGARROBAL;MOQUEGUA;ILO;CREACION  SERVICIOS DE ESPACIOS PÚBLICOS URBANOS EN EL AREA DE RECREACION Y ESPARCIMIENTO DE LA MZ 100 LOTE 11 DEL PARQUE 36 DE LA JUNTA VECINAL LA ALAMEDA DEL PROMUVI I   DISTRITO DE EL ALGARROBAL DE LA PROVINCIA DE ILO DEL DEPARTAMENTO DE MOQUEGUA;410341.79;PEN;22;Licitación Pública Abreviada;works;Alta competencia
1193487;20205028600;MUNICIPALIDAD DISTRITAL DE COYLLURQUI;APURIMAC;COTABAMBAS;MEJORAMIENTO DEL SERVICIO DE ATENCIÓN DE SALUD BÁSICOS EN PFACO   DISTRITO DE COYLLURQUI DE LA PROVINCIA DE COTABAMBAS DEL DEPARTAMENTO DE APURIMAC;353088.08;PEN;11;Concurso Público Abreviado;services;Mediana competencia
1198119;20527760314;UNIVERSIDAD NACIONAL JOSE MARIA ARGUEDAS;APURIMAC;ANDAHUAYLAS;CREACION DE LOS SERVICIOS DE FORMACIÓN PROFESIONAL EN CONTABILIDAD DE LA UNIVERSIDAD NACIONAL JOSE MARÍA ARGUEDAS DE  DISTRITO DE SAN JERONIMO - PROVINCIA DE ANDAHUAYLAS - DEPARTAMENTO DE APURIMAC;594100;PEN;19;Licitación Pública;goods;Mediana competencia
1198030;20165870361;MUNICIPALIDAD DISTRITAL DE DEAN VALDIVIA;AREQUIPA;ISLAY;CREACION DEL SERVICIO DE TRATAMIENTO DE AGUAS RESIDUALES PARA DISPOSICIÓN FINAL EN EL CENTRO POBLADO ALTO ENSENADA, A.H. EL MIRADOR Y A.H. VILLA EL PARAISO   DISTRITO DE DEAN VALDIVIA DE LA PROVINCIA DE ISLAY DEL DEPARTAMENTO DE AREQUIPA;4164257.43;PEN;8;Licitación Pública Abreviada;works;Baja competencia
1199660;20221556365;MUNICIPALIDAD DISTRITAL DE APONGO;AYACUCHO;VICTOR FAJARDO;MEJORAMIENTO DEL CANAL DE RIEGO EN LOS SECTORES AGRÍCOLAS DE LA COMUNIDAD DE PAYRE DEL DISTRITO DE APONGO - PROVINCIA DE VICTOR FAJARDO - DEPARTAMENTO DE AYACUCHO;290000;PEN;7;Licitación Pública Abreviada;works;Baja competencia
1193471;20189975920;GOBIERNO REGIONAL DE CUSCO - DIRECCION REGIONAL DE TRANSPORTES Y COMUNICACIONES CUSCO;CUSCO;CUSCO;MEJORAMIENTO DE LA TRANSITABILIDAD VEHICULAR DE LA CARRETERA  PAUCARTAMBO ¿ ABRA ACJANACU, EN LOS TRAMOS: PAUCARTAMBO (DESVIO CU 113) ¿ LLAYCHU ¿ KAPACHI (EMP CU ¿ 989), KAPACHI (EMP CU ¿ 989) ¿ SUNCHUBAMBA ¿ JAJAHUANA ¿ CHALLABAMBA- DESVIO CU990, EMP. CU-989 (CHALLABAMBA) ¿ EMP CU- 113 (ABRA ACJANACU), EN LOS DISTRITOS DE PAUCARTAMBO Y CHALLABAMBA DE LA  PROVINCIA DE PAUCARTAMBO - DEPARTAMENTO DE CUSCO;99400;PEN;3;Comparación de Precios;services;Baja competencia
1198006;20188808817;MUNICIPALIDAD DISTRITAL DE GROCIO PRADO;ICA;CHINCHA;CREACION DEL SERVICIO DE MOVILIDAD URBANA EN EN LAS VIAS PRINCIPALES DEL CC.PP. FUNDO AMARILLO   DISTRITO DE GROCIO PRADO DE LA PROVINCIA DE CHINCHA DEL DEPARTAMENTO DE ICA;1535786.3;PEN;26;Licitación Pública Abreviada;works;Alta competencia
1194945;20166544000;MUNICIPALIDAD DISTRITAL DE SAN MARCOS;ANCASH;HUARI;MEJORAMIENTO DEL SERVICIO DE TRÁNSITO PEATONAL INTERURBANO O RURAL EN EL CAMINO DE HERRADURA DEL TRAMO CASHAUCRO HASTA TINGO GRANDE EN EL CENTRO POBLADO SAN LUIS DE PUJUN   DISTRITO DE SAN MARCOS DE LA PROVINCIA DE HUARI DEL DEPARTAMENTO DE ANCASH;2493689.8;PEN;5;Licitación Pública Abreviada;works;Baja competencia
1193460;20189975920;GOBIERNO REGIONAL DE CUSCO - DIRECCION REGIONAL DE TRANSPORTES Y COMUNICACIONES CUSCO;CUSCO;CUSCO;MEJORAMIENTO DE LA TRANSITABILIDAD VEHICULAR DE LA CARRETERA  PAUCARTAMBO ¿ ABRA ACJANACU, EN LOS TRAMOS: PAUCARTAMBO (DESVIO CU 113) ¿ LLAYCHU ¿ KAPACHI (EMP CU ¿ 989), KAPACHI (EMP CU ¿ 989) ¿ SUNCHUBAMBA ¿ JAJAHUANA ¿ CHALLABAMBA- DESVIO CU990, EMP. CU-989 (CHALLABAMBA) ¿ EMP CU- 113 (ABRA ACJANACU), EN LOS DISTRITOS DE PAUCARTAMBO Y CHALLABAMBA DE LA  PROVINCIA DE PAUCARTAMBO - DEPARTAMENTO DE CUSCO;98000;PEN;3;Comparación de Precios;services;Baja competencia
1199407;20212196810;MUNICIPALIDAD DISTRITAL DE YUNGAR;ANCASH;CARHUAZ;"CONSTRUCCION DE RED PRIMARIA; EN EL(LA) COMITÉ DE ELECTRIFICACIÓN DE LA LOCALIDAD DE URAN EN EL CENTRO POBLADO YUNGAR, DISTRITO DE YUNGAR, PROVINCIA CARHUAZ, DEPARTAMENTO ANCASH";261146.9;PEN;16;Licitación Pública Abreviada;works;Mediana competencia
1198261;20166604347;MUNICIPALIDAD DISTRITAL DE CAJAY;ANCASH;HUARI;MEJORAMIENTO Y AMPLIACION DEL SERVICIOS DE ESPACIOS PÚBLICOS URBANOS EN LA PLAZA DE ARMAS DE SAN PEDRO EN LA LOCALIDAD DE CAJAY,   DISTRITO DE CAJAY DE LA PROVINCIA DE HUARI DEL DEPARTAMENTO DE ANCASH;3825826.82;PEN;9;Licitación Pública Abreviada;works;Baja competencia
1198141;20103845590;MUNICIPALIDAD PROVINCIAL DE MAYNAS - IQUITOS;LORETO;MAYNAS;CREACION DE VEREDA PEATONAL EN EL CENTRO POBLADO DE SAN JOSE DE LUPUNA DEL DISTRITO DE IQUITOS - PROVINCIA DE MAYNAS - DEPARTAMENTO DE LORETO;4025158.62;PEN;10;Licitación Pública Abreviada;works;Mediana competencia
1195804;20148289825;MUNICIPALIDAD PROVINCIAL DE CELENDIN;CAJAMARCA;CELENDIN;"RENOVACION DE RESERVORIO, LINEA DE CONDUCCION, CAPTACION DE AGUA  Y CERCO PERIMETRICO; EN EL(LA) LOCALIDAD DE SAN ANTONIO  DISTRITO DE CELENDIN, PROVINCIA CELENDIN, DEPARTAMENTO CAJAMARCA";123561.47;PEN;17;Licitación Pública Abreviada;works;Mediana competencia
1196801;20166544000;MUNICIPALIDAD DISTRITAL DE SAN MARCOS;ANCASH;HUARI;CREACION DE LOS SERVICIOS OPERATIVOS O MISIONALES INSTITUCIONALES EN EL PALACIO MUNICIPAL  DE CENTRO POBLADO QUINHUARAGRA DISTRITO DE SAN MARCOS DE LA PROVINCIA DE HUARI DEL DEPARTAMENTO DE ANCASH;299474.56;PEN;10;Concurso Público Abreviado;services;Mediana competencia
1194241;20183998651;MUNICIPALIDAD DISTRITAL DE HUARIACA;PASCO;PASCO;MEJORAMIENTO DE CAMPO DEPORTIVO CON GRASS SINTÉTICO EN EL BARRIO DE LAS LOMAS DE QUIURACHACAN DEL DISTRITO DE HUARIACA - PROVINCIA DE PASCO - DEPARTAMENTO DE PASCO;680391.79;PEN;10;Licitación Pública Abreviada;works;Mediana competencia
1193873;20195690988;MUNICIPALIDAD DISTRITAL DE PARINARI;LORETO;LORETO;MEJORAMIENTO DE LOS SERVICIOS DE EDUCACIÓN PRIMARIA IEPM N° 60781 COMUNIDAD BOLÍVAR  DISTRITO DE PARINARI - PROVINCIA DE LORETO - DEPARTAMENTO DE LORETO;1008640.81;PEN;4;Licitación Pública Abreviada;works;Baja competencia
1193511;20147421070;MUNICIPALIDAD PROVINCIAL DE CANCHIS - SICUANI;CUSCO;CANCHIS;CREACION DEL SERVICIO DE MOVILIDAD URBANA EN LA AV. SANTA CRUZ. CALLE RENOVACION, CALLE AWAC PINTA, CALLE LAS AZUCENAS Y CALLE LAS MENTAS DEL BARRIO ACCOTA Y APV CASUARINAS DEL SUR DEL DISTRITO DE SICUANI - PROVINCIA DE CANCHIS - DEPARTAMENTO DE CUSCO;93100;PEN;10;Subasta Inversa Electrónica;goods;Mediana competencia
1202096;20131378468;MUNICIPALIDAD DISTRITAL DE ANCON;LIMA;LIMA;"CONSTRUCCION DE AMBIENTE DE CONTROL / SEGURIDAD Y SERVICIOS HIGIENICOS Y/O VESTIDORES; EN EL(LA) SECTOR ANCON CERCADO DEL  DISTRITO DE ANCON, PROVINCIA LIMA, DEPARTAMENTO LIMA";300424.06;PEN;14;Licitación Pública Abreviada;works;Mediana competencia
1194858;20452393493;GOBIERNO REGIONAL DE AYACUCHO SEDE CENTRAL;AYACUCHO;HUAMANGA;MEJORAMIENTO DE LOS SERVICIOS EDUCATIVOS EN LA INSTITUCION EDUCATIVA PUBLICA MARIA AUXILIADORA, DISTRITO HUANTA, PROVINCIA DE HUANTA - AYACUCHO;96000;PEN;3;Comparación de Precios;goods;Baja competencia
1198549;20146266208;MUNICIPALIDAD DISTRITAL DE POMATA;PUNO;CHUCUITO;MEJORAMIENTO DEL SERVICIO DE PRÁCTICA DEPORTIVA Y/O RECREATIVA EN EL ESTADIO MUNICIPAL DEL CENTRO POBLADO HUAPACA SAN MIGUEL DEL   DISTRITO DE POMATA DE LA PROVINCIA DE CHUCUITO DEL DEPARTAMENTO DE PUNO;356250;PEN;14;Licitación Pública Abreviada;goods;Mediana competencia
1201952;20527147612;GOBIERNO REGIONAL DE CUSCO SEDE CENTRAL;CUSCO;CUSCO;INSTALACION DE DEFENSA RIBEREÑA EN LA MARGEN IZQUIERDA DEL RÍO VILCANOTA SECTOR TACTABAMBA, DISTRITO DE ACOPIA, PROVINCIA DE ACOMAYO - CUSCO;237500;PEN;11;Licitación Pública Abreviada;goods;Mediana competencia
1201512;20225557749;MUNICIPALIDAD DISTRITAL DE CASCA;ANCASH;MARISCAL LUZURIAGA;MEJORAMIENTO Y AMPLIACION DEL SERVICIO DE EDUCACIÓN INICIAL EN I.E. 576 ELEUTERIO APOLINARIO TORRES CHAVEZ  DE CENTRO POBLADO  COCHAPAMPA DISTRITO DE CASCA DE LA PROVINCIA DE MARISCAL LUZURIAGA DEL DEPARTAMENTO DE ANCASH;1669938.95;PEN;17;Licitación Pública Abreviada;works;Mediana competencia
1200167;20275306721;MUNICIPALIDAD DISTRITAL DE SARTIMBAMBA;LA LIBERTAD;SANCHEZ CARRION;CREACION DEL SERVICIOS DE ESPACIOS PÚBLICOS URBANOS EN LA PLAZOLETA DEL CASERIO DE SAN FELIPE I  DE CENTRO POBLADO SAN ALFONSO DISTRITO DE SARTIMBAMBA DE LA PROVINCIA DE SANCHEZ CARRION DEL DEPARTAMENTO DE LA LIBERTAD;873047.95;PEN;6;Licitación Pública Abreviada;works;Baja competencia
1198896;20146721410;MUNICIPALIDAD PROVINCIAL DE SECHURA;PIURA;SECHURA;MEJORAMIENTO DE LA PLAZA CÍVICA PRINCIPAL DEL C.P CHUSIS DEL DISTRITO DE SECHURA - PROVINCIA DE SECHURA - DEPARTAMENTO DE PIURA;1788770.79;PEN;21;Licitación Pública Abreviada;works;Alta competencia
1197777;20131378620;MUNICIPALIDAD DISTRITAL DE ATE - VITARTE;LIMA;LIMA;MEJORAMIENTO DEL SERVICIO DE MOVILIDAD URBANA EN LA AV. LA RONCADORA, A TRAVEZ DE PISTAS Y VEREDAS, TRAMO CALLE ANGAMOS HASTA JIRON GENOVA, ZONA 05, SUB ZONA 02,   DISTRITO DE ATE DE LA PROVINCIA DE LIMA DEL DEPARTAMENTO DE LIMA;215000;PEN;22;Concurso Público Abreviado;services;Alta competencia
1193083;20321735607;GOBIERNO REGIONAL DE PUNO - PROGRAMA DE APOYO AL DESARROLLO RURAL ANDINO - PRADERA I;PUNO;SAN ROMAN;AMPLIACION PARA EL MEJORAMIENTO DE LA PRODUCTIVIDAD DE CARNE Y LANA DE OVINOS 6 PROVINCIAS DEL DEPARTAMENTO DE PUNO;944000;PEN;21;Licitación Pública;goods;Alta competencia
1199113;20146721410;MUNICIPALIDAD PROVINCIAL DE SECHURA;PIURA;SECHURA;MEJORAMIENTO DEL SERVICIO DE EDUCACION PRIMARIA Y SERVICIO DE EDUCACIÓN SECUNDARIA EN I.E. BERNAL   DISTRITO DE BERNAL DE LA PROVINCIA DE SECHURA DEL DEPARTAMENTO DE PIURA;143000;PEN;28;Concurso Público Abreviado;services;Alta competencia
1192911;20169004359;UNIVERSIDAD NACIONAL DE INGENIERIA;LIMA;LIMA;MEJORAMIENTO Y AMPLIACION DEL SERVICIO DE FORMACIÓN DE PREGRADO EN EDUCACIÓN SUPERIOR UNIVERSITARIA, DE LA ESCUELA PROFESIONAL DE INGENIERÍA INDUSTRIAL Y LA ESCUELA PROFESIONAL DE INGENIERÍA DE SISTEMAS DE LA UNIVERSIDAD NACIONAL DE INGENIERÍA RIMAC DEL DISTRITO DE RIMAC - PROVINCIA DE LIMA - DEPARTAMENTO DE LIMA;151042.28;PEN;23;Licitación Pública Abreviada;goods;Alta competencia
1192508;20194742917;MUNICIPALIDAD DISTRITAL DE TAMBO DE MORA;ICA;CHINCHA;CREACION DEL SERVICIO DE PRÁCTICA DEPORTIVA Y/O RECREATIVA EN EL PARQUE INFANTIL DEL CENTRO POBLADO VILMA LEÓN   DISTRITO DE TAMBO DE MORA DE LA PROVINCIA DE CHINCHA DEL DEPARTAMENTO DE ICA;202000;PEN;19;Licitación Pública Abreviada;works;Mediana competencia
1207682;20282911915;MUNICIPALIDAD DISTRITAL DE NUEVO CHIMBOTE;ANCASH;SANTA;MEJORAMIENTO DEL SERVICIO DE MOVILIDAD URBANA EN LA AV. BRASIL (TRAMO AV. PELICANOS HASTA LA AV. UNIVERSITARIA)  DISTRITO DE NUEVO CHIMBOTE - PROVINCIA DE SANTA - DEPARTAMENTO DE ANCASH;14167971.58;PEN;33;Licitación Pública;works;Alta competencia
1198139;20177662446;MUNICIPALIDAD PROVINCIAL DEL ALTO AMAZONAS - YURIMAGUAS;LORETO;ALTO AMAZONAS;CONSTRUCCION DEL CAMINO VECINAL SAN JUAN DE LA LIBERTAD - VILLA HERMOSA Y ANEXO, DISTRITO DE YURIMAGUAS, PROVINCIA DE ALTO AMAZONAS - LORETO;360117.34;PEN;1;Contratación Directa;services;Baja competencia
1188370;20146674403;MUNICIPALIDAD PROVINCIAL DE SATIPO;JUNIN;SATIPO;"CONSTRUCCION DE COBERTURA DE INSTALACIONES DEPORTIVAS; EN EL(LA) CENTRO POBLADO SAN DIONICIO,  DISTRITO DE PAMPA HERMOSA, PROVINCIA SATIPO, DEPARTAMENTO JUNIN";519520.17;PEN;11;Licitación Pública Abreviada;works;Mediana competencia
1194430;20487911586;GOBIERNO REGIONAL DE LAMBAYEQUE - HOSPITAL REGIONAL LAMBAYEQUE;LAMBAYEQUE;CHICLAYO;"ADQUISICION DE REFRIGERADORA, CABINA DE FLUJO LAMINAR VERTICAL, CABINA DE FLUJO LAMINAR HORIZONTAL Y REFRIGERADORA; ADEMÁS DE OTROS ACTIVOS EN EL(LA) EESS HOSPITAL REGIONAL LAMBAYEQUE - CHICLAYO  DISTRITO DE CHICLAYO, PROVINCIA CHICLAYO, DEPARTAMENTO LAMBAYEQUE";127116;PEN;18;Licitación Pública Abreviada;goods;Mediana competencia
1201767;20198033414;MUNICIPALIDAD PROVINCIAL DE CAYLLOMA - CHIVAY;AREQUIPA;CAYLLOMA;MEJORAMIENTO DEL SERVICIO DE TRANSITABILIDAD VEHICULAR Y PEATONAL EN EL ASENTAMIENTO HUMANO MIRADOR DEL COLCA  EN LA LOCALIDAD DE CHIVAY DEL DISTRITO DE CHIVAY - PROVINCIA DE CAYLLOMA - DEPARTAMENTO DE AREQUIPA;163325;PEN;7;Subasta Inversa Electrónica;goods;Baja competencia
1196733;20527147612;GOBIERNO REGIONAL DE CUSCO SEDE CENTRAL;CUSCO;CUSCO;MEJORAMIENTO Y AMPLIACION DE LOS SERVICIOS DE E.B.R. PRIMARIA Y SECUNDARIA DE LA I.E. NUESTRA SEÑORA DE BELÉN EN EL  DISTRITO DE CALCA - PROVINCIA DE CALCA - DEPARTAMENTO DE CUSCO;205000;PEN;17;Licitación Pública Abreviada;goods;Mediana competencia
1201692;20527760314;UNIVERSIDAD NACIONAL JOSE MARIA ARGUEDAS;APURIMAC;ANDAHUAYLAS;CREACION DE LOS SERVICIOS DE FORMACIÓN PROFESIONAL EN CONTABILIDAD DE LA UNIVERSIDAD NACIONAL JOSE MARÍA ARGUEDAS DE  DISTRITO DE SAN JERONIMO - PROVINCIA DE ANDAHUAYLAS - DEPARTAMENTO DE APURIMAC;89000;PEN;34;Concurso Público Abreviado;services;Alta competencia
1201155;20172318551;MUNICIPALIDAD DISTRITAL DE SANTA MARIA;LIMA;HUAURA;"CONSTRUCCION DE COBERTURA; EN EL(LA) I.E. 20809  DISTRITO DE SANTA MARIA, PROVINCIA HUAURA, DEPARTAMENTO LIMA";462903.72;PEN;18;Licitación Pública Abreviada;works;Mediana competencia
1198310;20185896723;MUNICIPALIDAD PROVINCIAL DE HUANCANE;PUNO;HUANCANE;"CONSTRUCCION DE ESPACIO DEPORTIVO SIN COBERTURA, CERCO PERIMETRICO Y GRADERIAS; EN EL(LA) I.E.P. N° 72324 DE JONSANI EN EL CENTRO POBLADO DE HUARISANI DEL  DISTRITO DE HUANCANE, PROVINCIA HUANCANE, DEPARTAMENTO PUNO";364173.44;PEN;15;Licitación Pública Abreviada;works;Mediana competencia
1199925;20143625843;MUNICIPALIDAD PROVINCIAL DE SAN MIGUEL;CAJAMARCA;SAN MIGUEL;CREACION DEL SERVICIO DE PRÁCTICA DEPORTIVA Y/O RECREATIVA EN SAN SILVESTRES DE COCHAN   DISTRITO DE SAN SILVESTRE DE COCHAN DE LA PROVINCIA DE SAN MIGUEL DEL DEPARTAMENTO DE CAJAMARCA;1143003.87;PEN;12;Licitación Pública Abreviada;works;Mediana competencia
1195532;20188948741;MUNICIPALIDAD PROVINCIAL DE HUARAL;LIMA;HUARAL;MEJORAMIENTO DE LAS CONDICIONES DE TRANSITABILIDAD EN LAS CALLES DE LA ASOCIACION DE VIVIENDA EL TREBOL, DISTRITO DE HUARAL, PROVINCIA DE HUARAL - LIMA;237877.67;PEN;13;Concurso Público Abreviado;services;Mediana competencia
1198899;20487911586;GOBIERNO REGIONAL DE LAMBAYEQUE - HOSPITAL REGIONAL LAMBAYEQUE;LAMBAYEQUE;CHICLAYO;"ADQUISICION DE LAVADORA SECADORA AUTOMATICA, PLANCHADORA DE SABANAS Y LAVADORA SECADORA AUTOMATICA; EN EL(LA) HOSPITAL REGIONAL LAMBAYEQUE  DISTRITO DE CHICLAYO, PROVINCIA CHICLAYO, DEPARTAMENTO LAMBAYEQUE";1610000;PEN;13;Licitación Pública Abreviada;goods;Mediana competencia
1193472;20146733698;MUNICIPALIDAD DISTRITAL DE SONDOR;PIURA;HUANCABAMBA;MEJORAMIENTO DEL SERVICIO DE AGUA PARA RIEGO EN EL CANAL CHANTACO Y HUARICHANCHA,  DISTRITO DE SONDOR - PROVINCIA DE HUANCABAMBA - DEPARTAMENTO DE PIURA;1177710.73;PEN;21;Concurso Público para Consultoría;services;Alta competencia
1192536;20406325815;GOBIERNO REGIONAL DE PUNO SEDE CENTRAL;PUNO;PUNO;MEJORAMIENTO DEL SERVICIO DE TRANSITABILIDAD VIAL INTERURBANA EN EL CAMINO VECINAL DEL KM=0+000 (DESVIO PUENTE OCRA CHUPA)  AL KM= 6+373 (C.P. PEDRO VILCAPAZA DE MORORCCO),   DISTRITO DE MUÑANI DE LA PROVINCIA DE AZANGARO DEL DEPARTAMENTO DE PUNO;155680;PEN;8;Subasta Inversa Electrónica;goods;Baja competencia
1203024;20231267884;MUNICIPALIDAD DISTRITAL DE YAUYA;ANCASH;CARLOS FERMIN FITZCARRALD;CREACION DEL SERVICIO DE PRÁCTICA DEPORTIVA Y/O RECREATIVA EN EL CAMPO DEPORTIVO  DE CENTRO POBLADO RAYAN DISTRITO DE YAUYA DE LA PROVINCIA DE CARLOS FERMIN FITZCARRALD DEL DEPARTAMENTO DE ANCASH;1266062.46;PEN;15;Licitación Pública Abreviada;works;Mediana competencia
1201270;20162978528;MUNICIPALIDAD DISTRITAL DE BUENOS AIRES - PICOTA;SAN MARTIN;PICOTA;CREACION DEL SERVICIO DE MOVILIDAD URBANA A TRAVES DE PISTAS Y VEREDAS EN LAS VIAS PRINCIPALES EN LA LOCALIDAD DE BUENOS AIRES DEL DISTRITO DE BUENOS AIRES - PROVINCIA DE PICOTA - DEPARTAMENTO DE SAN MARTIN;276046.14;PEN;8;Concurso Público Abreviado;services;Baja competencia
1196635;20166544000;MUNICIPALIDAD DISTRITAL DE SAN MARCOS;ANCASH;HUARI;MEJORAMIENTO DEL SERVICIOS DE ESPACIOS PÚBLICOS URBANOS EN LA PLAZUELA DEL CASERIO DE TUPEC EN EL CENTRO POBLADO SAN ANDRES DE RUNTU   DISTRITO DE SAN MARCOS DE LA PROVINCIA DE HUARI DEL DEPARTAMENTO DE ANCASH;2269747.82;PEN;9;Licitación Pública Abreviada;works;Baja competencia
1201604;20396088127;GOBIERNO REGIONAL DE LAMBAYEQUE - GERENCIA REGIONAL DE AGRICULTURA LAMBAYEQUE;LAMBAYEQUE;CHICLAYO;"REMODELACION DE CANAL DE RIEGO Y OBRAS DE ARTE; EN EL(LA) CANAL DE RIEGO CHICLAYO EN EL TRAMO KM. 8+343.85 A KM. 8+582.00  DISTRITO DE CHICLAYO, PROVINCIA CHICLAYO, DEPARTAMENTO LAMBAYEQUE";80190.44;PEN;15;Concurso Público Abreviado;services;Mediana competencia
1199134;20116067847;MUNICIPALIDAD PROVINCIAL DE LORETO - NAUTA;LORETO;LORETO;MEJORAMIENTO DEL SERVICIO DE MOVILIDAD URBANA EN EL A.H. DIEGO ARTURO RODRIGUEZ LOPEZ   DISTRITO DE NAUTA DE LA PROVINCIA DE LORETO DEL DEPARTAMENTO DE LORETO;12664240.31;PEN;13;Licitación Pública;works;Mediana competencia
1200585;20191121954;MUNICIPALIDAD PROVINCIAL DE ACOBAMBA;HUANCAVELICA;ACOBAMBA;"CONSTRUCCION DE INFRAESTRUCTURA DEPORTIVA; EN EL(LA) I.E. MARISCAL CACERES EN EL CENTRO POBLADO SAN JUAN DE VILLA RICA, DISTRITO DE ACOBAMBA, PROVINCIA ACOBAMBA, DEPARTAMENTO HUANCAVELICA";238750.33;PEN;4;Licitación Pública Abreviada;works;Baja competencia
1199462;20167768076;MUNICIPALIDAD PROVINCIAL DE ACOMAYO;CUSCO;ACOMAYO;MEJORAMIENTO DEL SERVICIO DE PRÁCTICA DEPORTIVA Y/O RECREATIVA EN LA INSTITUCION EDUCATIVA TOMASA TTITO CONDEMAYTA -   DISTRITO DE ACOMAYO DE LA PROVINCIA DE ACOMAYO DEL DEPARTAMENTO DE CUSCO;334310;PEN;44;Licitación Pública Abreviada;goods;Alta competencia
1195980;20368807916;GOBIERNO REGIONAL DE CAJAMARCA - GERENCIA SUB REGIONAL JAEN;CAJAMARCA;JAEN;MEJORAMIENTO Y AMPLIACION DEL SERVICIO DE TRANSITABILIDAD VIAL INTERURBANA EN EL PUENTE VEHICULAR SOBRE EL RÍO TABACONAS EN LA LOCALIDAD LA VEGA DEL PUENTE DEL   DISTRITO DE SAN JOSE DEL ALTO DE LA PROVINCIA DE JAEN DEL DEPARTAMENTO DE CAJAMARCA;368789.62;PEN;16;Concurso Público Abreviado;services;Mediana competencia
1192409;20185898343;GOBIERNO REGIONAL DE APURIMAC-CHANKA;APURIMAC;ABANCAY;MEJORAMIENTO DE LOS SERVICIOS DE PROTECCIÓN EN RIBERAS DE RÍO VULNERABLES ANTE EL PELIGRO EN EL MARGEN DERECHA DEL RIO CHUMBAO   DISTRITO DE SAN JERONIMO DE LA PROVINCIA DE ANDAHUAYLAS DEL DEPARTAMENTO DE APURIMAC;481580;PEN;18;Concurso Público Abreviado;services;Mediana competencia
1195063;20284157967;MUNICIPALIDAD DISTRITAL DE CHIMBAN;CAJAMARCA;CHOTA;MEJORAMIENTO Y AMPLIACION DEL SERVICIO DE ATENCIÓN DE SALUD BÁSICOS EN SUSANGATE  DE CENTRO POBLADO SUSANGATE DISTRITO DE CHIMBAN DE LA PROVINCIA DE CHOTA DEL DEPARTAMENTO DE CAJAMARCA;403379.15;PEN;20;Concurso Público Abreviado;services;Mediana competencia
1197805;20156959783;MUNICIPALIDAD PROVINCIAL DE ANDAHUAYLAS;APURIMAC;ANDAHUAYLAS;MEJORAMIENTO DEL SERVICIO DE TRANSITABILIDAD VEHICULAR Y PEATONAL DEL JR LOS CAPULIES Y ANEXOS DEL CENTRO POBLADO DE RUMI RUMI DEL DISTRITO DE ANDAHUAYLAS - PROVINCIA DE ANDAHUAYLAS - DEPARTAMENTO DE APURIMAC;144566;PEN;8;Subasta Inversa Electrónica;goods;Baja competencia
1200060;20159316981;GOBIERNO REGIONAL DE CUSCO-INSTITUTO DE MANEJO DE AGUA Y MEDIO AMBIENTE( IMA);CUSCO;CUSCO;RECUPERACION DEL SERVICIO  ECOSISTEMICO DE REGULACIÓN HIDRICA EN LAS MICROCUENCAS DE TOCCOHUANCA, LLANCAMA, LLANQUEMAYO, TAUCABAMBA Y MISKAHUAYCCO DE LA CUENCA MEDIA DEL APURIMAC - EN LOS DISTRITOS DE PARURO, OMACHA, PILLPINTO Y CHINCHAYPUJIO EN LAS PROVINCIAS DE ANTA Y PARURO DEL  DEPARTAMENTO DE CUSCO;96682.5;PEN;12;Concurso Público Abreviado;services;Mediana competencia
1194385;20165195290;MUNICIPALIDAD PROVINCIAL DE SAN ROMAN - JULIACA;PUNO;SAN ROMAN;MEJORAMIENTO DEL SERVICIO DE MOVILIDAD URBANA EN AV. CIRCUNVALACION I TRAMO OVALO SALIDA CUSCO - PARQUE DEL TRICICLISTA   DISTRITO DE JULIACA DE LA PROVINCIA DE SAN ROMAN DEL DEPARTAMENTO DE PUNO;131250;PEN;20;Concurso Público Abreviado;services;Mediana competencia
1198283;20406325815;GOBIERNO REGIONAL DE PUNO SEDE CENTRAL;PUNO;PUNO;MEJORAMIENTO SERVICIO INTEGRAL DE LA INSTITUCION EDUCATIVA SECUNDARIA INDUSTRIAL PERU BIRF  DISTRITO DE SAN MIGUEL - PROVINCIA DE SAN ROMAN - DEPARTAMENTO DE PUNO;148395;PEN;65;Licitación Pública Abreviada;goods;Alta competencia
1199932;20275306721;MUNICIPALIDAD DISTRITAL DE SARTIMBAMBA;LA LIBERTAD;SANCHEZ CARRION;CREACION DEL SERVICIOS DE ESPACIOS PÚBLICOS URBANOS EN LA PLAZOLETA DEL CASERIO DE CHUGURBAMBA  DE CENTRO POBLADO LA VICTORIA DISTRITO DE SARTIMBAMBA DE LA PROVINCIA DE SANCHEZ CARRION DEL DEPARTAMENTO DE LA LIBERTAD;947138.81;PEN;5;Licitación Pública Abreviada;works;Baja competencia
1194341;20172372920;MUNICIPALIDAD DISTRITAL DE YARUMAYO;HUANUCO;HUANUCO;CREACION DEL SERVICIO DE PRÁCTICA DEPORTIVA Y/O RECREATIVA EN POLIDEPORTIVO  DE CENTRO POBLADO YARUMAYO DISTRITO DE YARUMAYO DE LA PROVINCIA DE HUANUCO DEL DEPARTAMENTO DE HUANUCO;860369.4;PEN;5;Licitación Pública Abreviada;works;Baja competencia
1200914;20143137296;MUNICIPALIDAD PROVINCIAL DE HUAMANGA;AYACUCHO;HUAMANGA;CREACION DE LOS SERVICIOS PÚBLICOS DE INTEGRACIÓN ECONÓMICA Y SOCIAL EN EL PARQUE PRINCIPAL  DE CENTRO POBLADO CCOCHAPAMPA DISTRITO DE VINCHOS DE LA PROVINCIA DE HUAMANGA DEL DEPARTAMENTO DE AYACUCHO;87450;PEN;7;Subasta Inversa Electrónica;goods;Baja competencia
1194773;20519752515;GOBIERNO REGIONAL DE TACNA SEDE CENTRAL;TACNA;TACNA;MEJORAMIENTO DE LOS SERVICIOS DE APOYO AL DESARROLLO PRODUCTIVO EN LA CADENA PRODUCTIVA AGROINDUSTRIAL DE LA VID,   DISTRITO DE TACNA DE LA PROVINCIA DE TACNA DEL DEPARTAMENTO DE TACNA;161000;PEN;9;Licitación Pública Abreviada;goods;Baja competencia
1196797;20527143200;GOBIERNO REGIONAL DE MADRE DE DIOS SEDE CENTRAL;MADRE DE DIOS;TAMBOPATA;CREACION DEL SERVICIO DE EDUCACIÓN SECUNDARIA EN I.E. 52026  DE CENTRO POBLADO EL CASTAÑAL DISTRITO DE TAMBOPATA DE LA PROVINCIA DE TAMBOPATA DEL DEPARTAMENTO DE MADRE DE DIOS;374198;PEN;34;Licitación Pública Abreviada;goods;Alta competencia
1198531;20490338773;GOBIERNO REGIONAL DE APURIMAC-GERENCIA SUBREGIONAL CHINCHEROS;APURIMAC;CHINCHEROS;MEJORAMIENTO DEL SERVICIO EDUCATIVO, PARA EL FORTALECIMIENTO DE LAS CAPACIDADES DE APRENDIZAJE DE LOS ESTUDIANTES DEL INSTITUTO DE EDUCACIÓN SUPERIOR TECNOLÓGICO PÚBLICO DE CHINCHEROS,  DISTRITO DE CHINCHEROS - PROVINCIA DE CHINCHEROS - DEPARTAMENTO DE APURIMAC;108574;PEN;41;Licitación Pública Abreviada;goods;Alta competencia
1195950;20143189091;MUNICIPALIDAD DISTRITAL DE HUARANGO;CAJAMARCA;SAN IGNACIO;AMPLIACION DEL SERVICIO DE SUMINISTRO ELÉCTRICO DOMICILIARIO EN ZONAS RURALES EN EL SECTOR LA CATAHUA, SECTOR LAS PALMERAS, SECTOR LA FILA, SECTOR SAN ANTONIO,  SECTOR LA PLAYITA Y SECTOR LA JALQUILLA DE LA LOCALIDAD DE HUARANGO   DISTRITO DE HUARANGO DE LA PROVINCIA DE SAN IGNACIO DEL DEPARTAMENTO DE CAJAMARCA;99112.1;PEN;3;Comparación de Precios;goods;Baja competencia
1197960;20282911915;MUNICIPALIDAD DISTRITAL DE NUEVO CHIMBOTE;ANCASH;SANTA;MEJORAMIENTO DEL SERVICIO DE CUIDADO DIURNO  EN EL PRONOEI SONRISITAS EN EL LOTE 4E MZ E DEL A.H. VILLA HERMOSA,   DISTRITO DE NUEVO CHIMBOTE DE LA PROVINCIA DE SANTA DEL DEPARTAMENTO DE ANCASH;551299.73;PEN;9;Licitación Pública Abreviada;works;Baja competencia
1198684;20162298659;MUNICIPALIDAD PROVINCIAL DE TAMBOPATA;MADRE DE DIOS;TAMBOPATA;MEJORAMIENTO DEL SERVICIO DE TRANSITABILIDAD VIAL INTERURBANA EN MD-566 LA JOYA - CHONTA (TRAMO ÓVALO ARPÍA - JR. LOS CONQUISTADORES)   DISTRITO DE TAMBOPATA DE LA PROVINCIA DE TAMBOPATA DEL DEPARTAMENTO DE MADRE DE DIOS;1267245.83;PEN;4;Subasta Inversa Electrónica;goods;Baja competencia
1192965;20498390570;GOBIERNO REGIONAL DE AREQUIPA Sede Central;AREQUIPA;AREQUIPA;MEJORAMIENTO DEL SERVICIO DE LA TRANSITABILIDAD VEHICULAR Y PEATONAL EN LOS SECTORES DE INCLAN, LAS TRES CRUCES, MIRAMAR Y ALTO LAS CRUCES, DISTRITO DE MOLLENDO, PROVINCIA DE ISLAY - AREQUIPA;285366.65;PEN;15;Subasta Inversa Electrónica;goods;Mediana competencia
1197313;20494642078;GOBIERNO REGIONAL DE AYACUCHO - PROGRAMA REGIONAL DE IRRIGACION Y DESARROLLO RURAL INTEGRADO;AYACUCHO;HUAMANGA;AMPLIACION DE LA PRESA ANCASCOCHA Y AFIANZAMIENTO DEL VALLE DE YAUCA (AYACUCHO Y AREQUIPA);160000;PEN;16;Concurso Público Abreviado;services;Mediana competencia
1193224;20527141762;GOBIERNO REGIONAL DE APURIMAC SEDE CENTRAL;APURIMAC;ABANCAY;CREACION DEL SERVICIO DE ACCESIBILIDAD A LA ADQUISICIÓN DE PRODUCTOS DE PRIMERA NECESIDAD EN MERCADO DE ABASTOS MICAELA BASTIDAS   DISTRITO DE TAMBURCO DE LA PROVINCIA DE ABANCAY DEL DEPARTAMENTO DE APURIMAC;404000;PEN;8;Subasta Inversa Electrónica;goods;Baja competencia
1197759;20146921427;MUNICIPALIDAD DISTRITAL DE INDEPENDENCIA - HUARAZ;ANCASH;HUARAZ;"CONSTRUCCION DE COBERTURA; EN EL(LA) ESPACIO DEPORTIVO DE LA I.E N° 86017 ""SABIO ANTONIO RAIMONDI"" EN EL BARRIO DE CENTENARIO  DISTRITO DE INDEPENDENCIA, PROVINCIA HUARAZ, DEPARTAMENTO ANCASH";490256.12;PEN;8;Licitación Pública Abreviada;works;Baja competencia
1199539;20489051291;MUNICIPALIDAD DISTRITAL DE BARRANQUITA;SAN MARTIN;LAMAS;"REPARACION DE VIAS VECINALES; EN EL(LA) CAMINO VECINAL LAS PALMAS - ANGUIYAYCO,  DISTRITO DE BARRANQUITA, PROVINCIA LAMAS, DEPARTAMENTO SAN MARTIN";167440;PEN;4;Licitación Pública Abreviada;goods;Baja competencia
1194983;20601625017;MUNICIPALIDAD DISTRITAL DE MEGANTONI;CUSCO;LA CONVENCION;MEJORAMIENTO Y AMPLIACION DEL SERVICIO DE AGUA POTABLE, ALCANTARILLADO Y SISTEMA DE TRATAMIENTO DE AGUAS RESIDUALES EN LA COMUNIDAD NATIVA DE MIARIA DEL  DISTRITO DE MEGANTONI - PROVINCIA DE LA CONVENCION - DEPARTAMENTO DE CUSCO;195000;PEN;6;Subasta Inversa Electrónica;goods;Baja competencia
1194627;20170164408;MUNICIPALIDAD DISTRITAL DE MASISEA;UCAYALI;CORONEL PORTILLO;MEJORAMIENTO DE LOS SERVICIOS OPERATIVOS O MISIONALES INSTITUCIONALES EN EL LOCAL COMUNAL  DE CENTRO POBLADO SANTA ROSITA DEL ABUJAO DISTRITO DE MASISEA DE LA PROVINCIA DE CORONEL PORTILLO DEL DEPARTAMENTO DE UCAYALI;421205.84;PEN;6;Licitación Pública Abreviada;works;Baja competencia
1194485;20171725144;MUNICIPALIDAD PROVINCIAL DE HUANCAVELICA;HUANCAVELICA;HUANCAVELICA;MEJORAMIENTO DE LOS SERVICIOS OPERATIVOS O MISIONALES INSTITUCIONALES EN LA MUNICIPALIDAD DEL CENTRO POBLADO ALIANZA ANDINO  DISTRITO DE ACORIA - PROVINCIA DE HUANCAVELICA - DEPARTAMENTO DE HUANCAVELICA;954128.35;PEN;15;Licitación Pública Abreviada;works;Mediana competencia
1193858;20198250199;MUNICIPALIDAD DISTRITAL DE CHAVIN DE HUANTAR;ANCASH;HUARI;MEJORAMIENTO DEL SERVICIO DE TRANSITABILIDAD VIAL INTERURBANA EN LA CARRETERA TRAMO CRUCE CRUZ BLANCA - COCHAO, DEL   DISTRITO DE CHAVIN DE HUANTAR DE LA PROVINCIA DE HUARI DEL DEPARTAMENTO DE ANCASH;80013;PEN;5;Concurso Público Abreviado;services;Baja competencia
1196798;20222952256;MUNICIPALIDAD DISTRITAL DE QUILLO;ANCASH;YUNGAY;MEJORAMIENTO Y AMPLIACION DEL SERVICIO DE AGUA POTABLE RURAL Y CREACION DEL SERVICIO DE ALCANTARILLADO U OTRAS FORMAS DE DISPOSICIÓN SANITARIA DE EXCRETAS EN EL CASERIO DE CANHUAR DEL   DISTRITO DE QUILLO DE LA PROVINCIA DE YUNGAY DEL DEPARTAMENTO DE ANCASH;128620.59;PEN;14;Concurso Público Abreviado;services;Mediana competencia
1196365;20198250199;MUNICIPALIDAD DISTRITAL DE CHAVIN DE HUANTAR;ANCASH;HUARI;MEJORAMIENTO DEL SERVICIO DE ORDENAMIENTO TERRITORIAL PARA LA MODERNIZACIÓN Y GESTIÓN ESTRATÉGICA DEL TERRITORIO EN MARCO DEL PROCESO DE ADAPTACIÓN AL CAMBIO CLIMÁTICO DEL  DISTRITO DE CHAVIN DE HUANTAR - PROVINCIA DE HUARI - DEPARTAMENTO DE ANCASH;93412;PEN;20;Concurso Público Abreviado;services;Mediana competencia
1197545;20176689359;MUNICIPALIDAD DISTRITAL DE MANSERICHE;LORETO;DATEM DEL MARAÑON;CREACION DEL SERVICIOS DE ESPACIOS PÚBLICOS URBANOS EN PARQUE RECREATIVO  DE CENTRO POBLADO SARAMIRIZA DISTRITO DE MANSERICHE DE LA PROVINCIA DE DATEM DEL MARAÑON DEL DEPARTAMENTO DE LORETO;628157.16;PEN;3;Licitación Pública Abreviada;works;Baja competencia
1193755;20200650442;MUNICIPALIDAD DISTRITAL DE LIMATAMBO;CUSCO;ANTA;MEJORAMIENTO DEL SERVICIO DE PRÁCTICA DEPORTIVA Y/O RECREATIVA EN EL SECTOR DE CHINLLAHUACHO DE LA C.C. DE PAMPACONGA   DISTRITO DE LIMATAMBO DE LA PROVINCIA DE ANTA DEL DEPARTAMENTO DE CUSCO;450000;PEN;31;Concurso Público Abreviado;services;Alta competencia
1200016;20133696661;MUNICIPALIDAD DISTRITAL DE CHILCA - HUANCAYO;JUNIN;HUANCAYO;"MEJORAMIENTO DEL SERVICIO DE TRANSITABILIDAD DEL JR. INTEGRACIÓN TRAMO: JR. HUMBOLT - RIO AHALI; JR. SUCRE TRAMO: JR. PROGRESO ¿ JR. PRECURSORES Y PASAJES: ANDRÉS A. CÁCERES, SAN GABRIEL, SIMÓN BOLÍVAR, JOSÉ SÁNCHEZ CARRIÓN, SAN PABLO, SAN PEDRO, BONILLA, ORELLANA, SAN MIGUEL, COLLASUYO Y ANTISUYO DEL DISTRITO DE CHILCA - PROVINCIA DE HUANCAYO - REGIÓN JUNIN";673530;PEN;10;Subasta Inversa Electrónica;goods;Mediana competencia
1196435;20227231115;MUNICIPALIDAD DISTRITAL DE SANCOS;AYACUCHO;LUCANAS;MEJORAMIENTO Y AMPLIACION DEL SERVICIO DE EDUCACIÓN INICIAL EN I.E. 203  DE CENTRO POBLADO CHAQUIPAMPA DISTRITO DE SANCOS DE LA PROVINCIA DE LUCANAS DEL DEPARTAMENTO DE AYACUCHO;2443793.99;PEN;8;Licitación Pública Abreviada;works;Baja competencia
1210286;20198827054;MUNICIPALIDAD DISTRITAL DE PUCARA - LAMPA;PUNO;LAMPA;"RENOVACION DE INFRAESTRUCTURA DEPORTIVA; EN EL(LA) CANCHA DEPORTIVA DEL CENTRO POBLADO DE CHIJNAYA  DISTRITO DE PUCARA, PROVINCIA LAMPA, DEPARTAMENTO PUNO";150000;PEN;25;Concurso Público Abreviado;services;Alta competencia
1194808;20169004359;UNIVERSIDAD NACIONAL DE INGENIERIA;LIMA;LIMA;MEJORAMIENTO Y AMPLIACIÓN DE LOS SERVICIOS DE CTI PARA FORTALECER EL SISTEMA NACIONAL DE CIENCIA, TECNOLOGÍA E INNOVACIÓN;192000;PEN;10;Convenio;services;Mediana competencia
1199542;20489051291;MUNICIPALIDAD DISTRITAL DE BARRANQUITA;SAN MARTIN;LAMAS;"REPARACION DE VIAS DE ACCESO; EN EL(LA) JR. AMAZONAS C-3,4,5, JR. JOSE GALVEZ C-3,4 Y EL JR. 28 DE JULIO C-4,  DISTRITO DE BARRANQUITA, PROVINCIA LAMAS, DEPARTAMENTO SAN MARTIN";203760;PEN;3;Licitación Pública Abreviada;goods;Baja competencia
1198098;20212177351;MUNICIPALIDAD DISTRITAL DE HUACACHI;ANCASH;HUARI;MEJORAMIENTO DEL SERVICIO DE TRÁNSITO PEATONAL INTERURBANO O RURAL EN EL SECTOR DE OCOCOCHA BAJO DEL CENTRO POBLADO DE OCOCOCHA DEL   DISTRITO DE HUACACHI DE LA PROVINCIA DE HUARI DEL DEPARTAMENTO DE ANCASH;768628.54;PEN;7;Licitación Pública Abreviada;works;Baja competencia
1196854;20494642078;GOBIERNO REGIONAL DE AYACUCHO - PROGRAMA REGIONAL DE IRRIGACION Y DESARROLLO RURAL INTEGRADO;AYACUCHO;HUAMANGA;CONSTRUCCION REPRESA CHANQUIL Y EL SISTEMA DE RIEGO  CHANQUIL INCARACCAY, PROVINCIA DE CANGALLO - AYACUCHO;171000;PEN;19;Concurso Público Abreviado;services;Mediana competencia
1196557;20288774553;MUNICIPALIDAD DISTRITAL DE CHALLHUAHUACHO;APURIMAC;COTABAMBAS;MEJORAMIENTO DE LA DIETA ALIMENTARIA DE LA POBLACIÓN RURAL CON LA PRODUCCIÓN DE HORTALIZAS Y CRIANZA DE ANIMALES MENORES EN LAS COMUNIDADES DE CHUNTAHUILQUI Y ALLILLUMA DEL DISTRITO DE CHALLHUAHUACHO - PROVINCIA DE COTABAMBAS - DEPARTAMENTO DE APURIMAC;100152;PEN;22;Licitación Pública Abreviada;goods;Alta competencia
1198986;20275817814;MUNICIPALIDAD DISTRITAL DE PATAZ;LA LIBERTAD;PATAZ;MEJORAMIENTO DEL SERVICIO DE PRÁCTICA DEPORTIVA Y/O RECREATIVA EN EL ANEXO DE ZARUMILLA,   DISTRITO DE PATAZ DE LA PROVINCIA DE PATAZ DEL DEPARTAMENTO DE LA LIBERTAD;3354680.48;PEN;10;Licitación Pública Abreviada;works;Mediana competencia
1200568;20396088127;GOBIERNO REGIONAL DE LAMBAYEQUE - GERENCIA REGIONAL DE AGRICULTURA LAMBAYEQUE;LAMBAYEQUE;CHICLAYO;"REMODELACION DE CANAL DE RIEGO Y OBRAS DE ARTE; EN EL(LA) CANAL DE RIEGO CHICLAYO EN EL TRAMO KM. 8+343.85 A KM. 8+582.00  DISTRITO DE CHICLAYO, PROVINCIA CHICLAYO, DEPARTAMENTO LAMBAYEQUE";1470865.93;PEN;20;Licitación Pública Abreviada;works;Mediana competencia
1196740;20131365994;INSTITUTO NACIONAL DE INNOVACION AGRARIA - INIA;LIMA;LIMA;MEJORAMIENTO DE LOS SERVICIOS DE INVESTIGACIÓN Y TRANSFERENCIA TECNOLÓGICA EN EL MANEJO Y RECUPERACIÓN DE SUELOS AGRÍCOLAS DEGRADADOS Y AGUAS PARA RIEGO EN LA PEQUEÑA Y MEDIANA AGRICULTURA EN LOS DEPARTAMENTOS DE LIMA, ANCASH, SAN MARTÍN, CAJAMARCA, LAMBAYEQUE, JUNÍN, AYACUCHO, AREQUIPA, PUNO Y UCAYALI TODOS DEL DISTRITO DE - TODOS - - PROVINCIA DE - TODOS - - DEPARTAMENTO DE -MUL.DEP-;90000;PEN;12;Concurso Público Abreviado;services;Mediana competencia
1194685;20282911915;MUNICIPALIDAD DISTRITAL DE NUEVO CHIMBOTE;ANCASH;SANTA;CREACION DEL SERVICIO DE PRÁCTICA DEPORTIVA Y/O RECREATIVA EN LA MZ F DEL LOTE 3 DEL A.H.NUEVO PARAISO DEL   DISTRITO DE NUEVO CHIMBOTE DE LA PROVINCIA DE SANTA DEL DEPARTAMENTO DE ANCASH;2689330.78;PEN;13;Licitación Pública Abreviada;works;Mediana competencia
1199965;20200650442;MUNICIPALIDAD DISTRITAL DE LIMATAMBO;CUSCO;ANTA;MEJORAMIENTO DEL SERVICIO DE PRÁCTICA DEPORTIVA Y/O RECREATIVA EN LA COMUNIDAD DE PAMPACONGA   DISTRITO DE LIMATAMBO DE LA PROVINCIA DE ANTA DEL DEPARTAMENTO DE CUSCO;339000;PEN;22;Concurso Público Abreviado;services;Alta competencia
1194910;20198250199;MUNICIPALIDAD DISTRITAL DE CHAVIN DE HUANTAR;ANCASH;HUARI;MEJORAMIENTO DEL SERVICIO DE EDUCACIÓN INICIAL EN I.E. 124   DISTRITO DE CHAVIN DE HUANTAR DE LA PROVINCIA DE HUARI DEL DEPARTAMENTO DE ANCASH;4750357.6;PEN;9;Licitación Pública Abreviada;works;Baja competencia
1195517;20166544000;MUNICIPALIDAD DISTRITAL DE SAN MARCOS;ANCASH;HUARI;MEJORAMIENTO Y AMPLIACION DEL SERVICIO DE PROVISION DE AGUA PARA RIEGO EN EL SISTEMA DE RIEGO TECNIFICADO EN EL SECTOR CASACANCHA DE CENTRO POBLADO PICHIU QUINHUARAGRA, DISTRITO DE SAN MARCOS - PROVINCIA DE HUARI - DEPARTAMENTO DE ANCASH;133748.28;PEN;3;Concurso Público Abreviado;services;Baja competencia
1195071;20178524349;MUNICIPALIDAD DISTRITAL DE CHACABAMBA;HUANUCO;YAROWILCA;MEJORAMIENTO DE LOS SERVICIOS EDUCATIVOS DE LA INSTITUCION EDUCATIVA INICIAL N 048 DE SHULLUYACU, CENTRO POBLADO DE SHULLUYACU, DISTRITO DE CHACABAMBA - YAROWILCA - HUANUCO;4518401.48;PEN;4;Licitación Pública Abreviada;works;Baja competencia
1195704;20168802561;MUNICIPALIDAD DISTRITAL DE SANTA ANA DE TUSI;PASCO;DANIEL ALCIDES CARRION;MEJORAMIENTO DEL CENTRO DEPORTIVO Y RECREATIVO WILAPARAG DEL  DISTRITO DE SANTA ANA DE TUSI - PROVINCIA DE DANIEL ALCIDES CARRION - DEPARTAMENTO DE PASCO;240794.15;PEN;6;Concurso Público Abreviado;services;Baja competencia
1197829;20212642704;MUNICIPALIDAD DISTRITAL DE TAPO;JUNIN;TARMA;MEJORAMIENTO DEL SERVICIOS DE ESPACIOS PÚBLICOS URBANOS EN EL PARQUE  DE CENTRO POBLADO YURACMAYO DISTRITO DE TAPO DE LA PROVINCIA DE TARMA DEL DEPARTAMENTO DE JUNIN;62240;PEN;11;Subasta Inversa Electrónica;goods;Mediana competencia
1199070;20172856706;MUNICIPALIDAD DISTRITAL DE MUÑANI;PUNO;AZANGARO;"CONSTRUCCION DE AMBIENTE COMPLEMENTARIO, PATIO TALLER Y CERCO PERIMETRICO; EN EL(LA) MUNICIPALIDAD DISTRITAL DE MUÑANI  DISTRITO DE MUÑANI, PROVINCIA AZANGARO, DEPARTAMENTO PUNO";107885.7;PEN;16;Concurso Público Abreviado;services;Mediana competencia
1200379;20162298659;MUNICIPALIDAD PROVINCIAL DE TAMBOPATA;MADRE DE DIOS;TAMBOPATA;MEJORAMIENTO DEL SERVICIO DE TRANSITABILIDAD VIAL INTERURBANA EN MD-566 LA JOYA - CHONTA (TRAMO ÓVALO ARPÍA - JR. LOS CONQUISTADORES)   DISTRITO DE TAMBOPATA DE LA PROVINCIA DE TAMBOPATA DEL DEPARTAMENTO DE MADRE DE DIOS;134386;PEN;5;Subasta Inversa Electrónica;goods;Baja competencia
1198924;20131369477;INSTITUTO TECNOLOGICO DE LA PRODUCCION;LIMA;LIMA;MEJORAMIENTO Y AMPLIACIÓN DE LOS SERVICIOS DE CTI PARA FORTALECER EL SISTEMA NACIONAL DE CIENCIA, TECNOLOGÍA E INNOVACIÓN;8750;PEN;2;Convenio;goods;Baja competencia
1201428;20131378620;MUNICIPALIDAD DISTRITAL DE ATE - VITARTE;LIMA;LIMA;MEJORAMIENTO DEL SERVICIO DE PRÁCTICA DEPORTIVA Y/O RECREATIVA EN EL AREA DEPORTIVA DE MANZANA NS9, LOTE 03, ZONA G DEL PUEBLO JOVEN PROYECTO ESPECIAL HUAYCAN, ZONA 07   DISTRITO DE ATE DE LA PROVINCIA DE LIMA DEL DEPARTAMENTO DE LIMA;90000;PEN;13;Concurso Público Abreviado;services;Mediana competencia
1196842;20200270968;MUNICIPALIDAD DISTRITAL DE PARCOY;LA LIBERTAD;PATAZ;CREACION DE LOS SERVICIOS DE ESPACIOS PÚBLICOS URBANOS EN LA INFRAESTRUCTURA RECREATIVA Y CULTURAL  DE CENTRO POBLADO PARCOY DISTRITO DE PARCOY DE LA PROVINCIA DE PATAZ DEL DEPARTAMENTO DE LA LIBERTAD;3019182.17;PEN;6;Licitación Pública Abreviada;works;Baja competencia
1201673;20489250731;GOBIERNO REGIONAL DE HUANUCO SEDE CENTRAL;HUANUCO;HUANUCO;MEJORAMIENTO DE LA CAPACIDAD RESOLUTIVA DEL HOSPITAL DE TINGO MARIA;73413.58;PEN;1;Concurso Público Abreviado;services;Baja competencia
1199702;20131378620;MUNICIPALIDAD DISTRITAL DE ATE - VITARTE;LIMA;LIMA;MEJORAMIENTO Y AMPLIACION DEL SERVICIO DE MOVILIDAD URBANA A TRAVES DE PISTAS Y VEREDAS  EN LAS  EN LA CALLE 2 TRAMO QUE UNE LA URB. SR. DE HUAYLLAY, ASOC. NUESTRA SRA. DE LA MERCED, ASOC. DE VIV. DIGNIDAD DE HUANCHIHUAYLAS, URB. RES. LOS ROBLES ATE III ETAPA Y CALLE 1, CALLE 2 Y CALLE 3 DE LA ASOC. DE VIV. LA CRUZ DE HUANCHIHUAYLAS, ZONA 4, SUB ZONA 2  DISTRITO DE ATE - PROVINCIA DE LIMA - DEPARTAMENTO DE LIMA;69000;PEN;19;Concurso Público Abreviado;services;Mediana competencia
1202170;20317337150;MUNICIPALIDAD DISTRITAL DE PICHARI;CUSCO;LA CONVENCION;CREACION DEL SERVICIO DE MOVILIDAD URBANA EN LA ASOCIACION 09 DE DICIEMBRE, MICAELA BASTIDAS, INTEGRACION PICHARI Y PROLONGACION AV. CULTURA EN PICHARI CAPITAL,  DISTRITO DE PICHARI - PROVINCIA DE LA CONVENCION - DEPARTAMENTO DE CUSCO;160100;PEN;21;Subasta Inversa Electrónica;goods;Alta competencia
1201699;20131376848;MUNICIPALIDAD DISTRITAL DE MAGDALENA DEL MAR;LIMA;LIMA;MEJORAMIENTO Y AMPLIACION DEL SERVICIO DE SEGURIDAD CIUDADANA EN EL  DISTRITO DE MAGDALENA DEL MAR - PROVINCIA DE LIMA - DEPARTAMENTO DE LIMA;336037.33;PEN;12;Licitación Pública Abreviada;goods;Mediana competencia
1200650;20148170933;MUNICIPALIDAD PROVINCIAL DE RIOJA;SAN MARTIN;RIOJA;"REMODELACION DE EDIFICACION; CONSTRUCCION DE FARMACIA, CADENA DE FRIO Y CERCO PERIMETRICO; ADEMÁS DE OTROS ACTIVOS EN EL(LA) TUMBARO - PUESTO DE SALUD I-1, DISTRITO DE PARDO MIGUEL, PROVINCIA RIOJA, DEPARTAMENTO SAN MARTIN";558804.64;PEN;10;Licitación Pública Abreviada;works;Mediana competencia
1199926;20195270938;MUNICIPALIDAD DISTRITAL DE SAN GABAN;PUNO;CARABAYA;MEJORAMIENTO DE LOS SERVICIOS EDUCATIVOS  DE LA IEP 72184 GLORIOSO FRANCISCO BOLOGNESI, DEL  DISTRITO DE SAN GABAN - PROVINCIA DE CARABAYA - DEPARTAMENTO DE PUNO;92800;PEN;3;Subasta Inversa Electrónica;goods;Baja competencia
1201272;20197990938;MUNICIPALIDAD DISTRITAL DE LAGUNAS - ALTO AMAZONAS;LORETO;ALTO AMAZONAS;MEJORAMIENTO DE LA INFRAESTRUCTURA VIAL URBANA DE LA CALLE LAGUNAS CUADRA 01 HASTA LA CUADRA 09 Y CALLE UCAYALI CUADRA 03 DE LA LOCALIDAD DE LAGUNAS, DISTRITO DE LAGUNAS - ALTO AMAZONAS - LORETO;7578299.16;PEN;13;Licitación Pública;works;Mediana competencia
1200351;20527760314;UNIVERSIDAD NACIONAL JOSE MARIA ARGUEDAS;APURIMAC;ANDAHUAYLAS;CREACION DEL SERVICIO DE FORMACIÓN PROFESIONAL EN EDUCACIÓN NIVEL PRIMARIA INTERCULTURAL DE LA UNIVERSIDAD NACIONAL JOSE MARÍA ARGUEDAS  DISTRITO DE SAN JERONIMO - PROVINCIA DE ANDAHUAYLAS - DEPARTAMENTO DE APURIMAC;72900;PEN;12;Subasta Inversa Electrónica;goods;Mediana competencia
1193156;20486020882;GOBIERNO REGIONAL DE HUANCAVELICA Sede Central;HUANCAVELICA;HUANCAVELICA;MEJORAMIENTO DEL SERVICIO DE TRANSITABILIDAD VEHICULAR Y PEATONAL DE LA PROLG. MANCHEGO MUÑOZ, JIRON QUICHCCAHUAYCCO, JR. YAULI, JR. LIRCAY, JR. HUANDO, JR. LARIA Y JR. ACORIA DEL BARRIO DE SANTA ANA DISTRITO DE HUANCAVELICA, PROVINCIA DE HUANCAVELIC;71173.6;PEN;3;Comparación de Precios;goods;Baja competencia
1198425;20488943996;GOBIERNO REGIONAL DE SAN MARTIN-SUB REGION BAJO MAYO-TARAPOTO;SAN MARTIN;SAN MARTIN;CREACION DEL SERVICIO DE TRANSITABILIDAD VIAL INTERURBANA EN EL RÍO HUALLAGA (PUENTE PEATONAL)  DE CENTRO POBLADO AGUANOMUYUNA DISTRITO DE CHAZUTA DE LA PROVINCIA DE SAN MARTIN DEL DEPARTAMENTO DE SAN MARTIN;180000;PEN;17;Concurso Público Abreviado;services;Mediana competencia
1194165;20176689359;MUNICIPALIDAD DISTRITAL DE MANSERICHE;LORETO;DATEM DEL MARAÑON;MEJORAMIENTO Y AMPLIACION DEL SERVICIO DE EDUCACIÓN INICIAL EN I.E. 254  DE CENTRO POBLADO LIMON DISTRITO DE MANSERICHE DE LA PROVINCIA DE DATEM DEL MARAÑON DEL DEPARTAMENTO DE LORETO;67064;PEN;8;Concurso Público Abreviado;services;Baja competencia
1192498;20172247513;MUNICIPALIDAD PROVINCIAL DE YAUYOS;LIMA;YAUYOS;CREACION DEL SERVICIO DE MOVILIDAD URBANA EN LAS CALLES 28 DE JULIO Y LA ASCENSION  DE CENTRO POBLADO CACHUY DISTRITO DE CATAHUASI DE LA PROVINCIA DE YAUYOS DEL DEPARTAMENTO DE LIMA;505906.59;PEN;18;Licitación Pública Abreviada;works;Mediana competencia
1197066;20176689359;MUNICIPALIDAD DISTRITAL DE MANSERICHE;LORETO;DATEM DEL MARAÑON;MEJORAMIENTO Y AMPLIACION DEL SERVICIO DE EDUCACION PRIMARIA EN I.E. 62286  DE CENTRO POBLADO ATLANTIDA DISTRITO DE MANSERICHE DE LA PROVINCIA DE DATEM DEL MARAÑON DEL DEPARTAMENTO DE LORETO;55839;PEN;2;Concurso Público Abreviado;services;Baja competencia
1196945;20154491288;MUNICIPALIDAD DISTRITAL DE EL ALGARROBAL;MOQUEGUA;ILO;MEJORAMIENTO DEL SERVICIO DE PROVISIÓN DE AGUA PARA RIEGO EN EL SISTEMA DE RIEGO DE SANTO DOMINGO - LA CARA DEL   DISTRITO DE EL ALGARROBAL DE LA PROVINCIA DE ILO DEL DEPARTAMENTO DE MOQUEGUA;434428;PEN;8;Subasta Inversa Electrónica;goods;Baja competencia
1197890;20170342519;MUNICIPALIDAD DISTRITAL DE SALCABAMBA;HUANCAVELICA;TAYACAJA;CREACION DEL SERVICIO DE PROVISIÓN DE AGUA PARA RIEGO EN EL SISTEMA DE RIEGO  DE CENTRO POBLADO BELLA VISTA LAUCA DISTRITO DE SALCABAMBA DE LA PROVINCIA DE TAYACAJA DEL DEPARTAMENTO DE HUANCAVELICA;138545.85;PEN;5;Concurso Público Abreviado;services;Baja competencia
1193725;20275817814;MUNICIPALIDAD DISTRITAL DE PATAZ;LA LIBERTAD;PATAZ;MEJORAMIENTO DEL SERVICIO DE PROVISIÓN DE AGUA PARA RIEGO EN EL CANAL DE RIEGO DEL ANEXO DE NIMPANA,   DISTRITO DE PATAZ DE LA PROVINCIA DE PATAZ DEL DEPARTAMENTO DE LA LIBERTAD;2196807.73;PEN;8;Licitación Pública Abreviada;works;Baja competencia
1196576;20530688390;GOBIERNO REGIONAL DE LIMA SEDE CENTRAL;LIMA;HUAURA;MEJORAMIENTO Y AMPLIACION DE PISTAS Y VEREDAS EN EL CENTRO POBLADO CARHUAPAMPA DE PARIAC DEL DISTRITO DE SAN JUAN DE TANTARANCHE - PROVINCIA DE HUAROCHIRI - DEPARTAMENTO DE LIMA;3792391.5;PEN;40;Licitación Pública Abreviada;works;Alta competencia
1201676;20452393493;GOBIERNO REGIONAL DE AYACUCHO SEDE CENTRAL;AYACUCHO;HUAMANGA;MEJORAMIENTO DE LOS SERVICIOS EDUCATIVOS EN LA INSTITUCION EDUCATIVA PUBLICA MARIA AUXILIADORA, DISTRITO HUANTA, PROVINCIA DE HUANTA - AYACUCHO;76892;PEN;11;Concurso Público Abreviado;services;Mediana competencia
1197713;20121103754;MUNICIPALIDAD DISTRITAL DE LA VILLA DE CAYMA;AREQUIPA;AREQUIPA;MEJORAMIENTO DEL SERVICIO DE TRANSITABILIDAD VEHICULAR Y PEATONAL DEL TRAMO INTERSECCIÓN AV. 3 ¿ A.H. PRIMERO DE JUNIO Y EL JIRÓN 15 CON LA AV. 1  DE LA ASOC. DE VIV. Y MICROEMPRESARIOS ONCE DE MAYO ¿ ASOC. DE INDUSTRIALES SR. DE LOS MILAGROS Y PARTE ALTA,  DISTRITO DE CAYMA - PROVINCIA DE AREQUIPA - DEPARTAMENTO DE AREQUIPA;1330117.72;PEN;22;Licitación Pública Abreviada;works;Alta competencia
1201432;20159340008;MUNICIPALIDAD DISTRITAL DE SANTA TERESA;CUSCO;LA CONVENCION;CREACION DEL SERVICIO DE MOVILIDAD URBANA EN LAS VIAS LOCALES DEL CENTRO POBLADO LUCMAPAMPA,   DISTRITO DE SANTA TERESA DE LA PROVINCIA DE LA CONVENCION DEL DEPARTAMENTO DE CUSCO;75620;PEN;10;Subasta Inversa Electrónica;goods;Mediana competencia
1199802;20601625017;MUNICIPALIDAD DISTRITAL DE MEGANTONI;CUSCO;LA CONVENCION;CREACION DEL SERVICIO DE TRANSITABILIDAD PEATONAL ENTRE LOS BARRIOS, TERMINAL Y NUEVO ALEGRE DE LA CC.NN. DE TICUMPINIA (CHOCORIARI) DEL  DISTRITO DE MEGANTONI - PROVINCIA DE LA CONVENCION - DEPARTAMENTO DE CUSCO;112635;PEN;4;Subasta Inversa Electrónica;goods;Baja competencia
1195868;20519610214;MUNICIPALIDAD DISTRITAL DE CORONEL GREGORIO ALBARRACIN LANCHIPA;TACNA;TACNA;CREACION DEL SERVICIO DE PRÁCTICA DEPORTIVA Y/O RECREATIVA EN LA ASOCIACION DE VIVIENDA 29 DE MAYO  MZ 424-A LOTE 2 DEL   DISTRITO DE CORONEL GREGORIO ALBARRACIN LANCHIPA DE LA PROVINCIA DE TACNA DEL DEPARTAMENTO DE TACNA;2457461.4;PEN;16;Licitación Pública Abreviada;works;Mediana competencia
1197765;20131365722;MUNICIPALIDAD DISTRITAL DE LA MOLINA;LIMA;LIMA;MEJORAMIENTO DEL SERVICIO DE MOVILIDAD URBANA EN LA URB. LA CAPILLA SUPERMANZANA U-1   DISTRITO DE LA MOLINA DE LA PROVINCIA DE LIMA DEL DEPARTAMENTO DE LIMA;92807;PEN;20;Concurso Público Abreviado;services;Mediana competencia
1197804;20161244512;MUNICIPALIDAD PROVINCIAL DE CHUCUITO - JULI;PUNO;CHUCUITO;MEJORAMIENTO DEL SERVICIO DE PRÁCTICA DEPORTIVA Y/O RECREATIVA EN EL POLIDEPORTIVO DE LA FAMILIA DEL   DISTRITO DE KELLUYO DE LA PROVINCIA DE CHUCUITO DEL DEPARTAMENTO DE PUNO;92554;PEN;24;Licitación Pública Abreviada;goods;Alta competencia
1194881;20288774553;MUNICIPALIDAD DISTRITAL DE CHALLHUAHUACHO;APURIMAC;COTABAMBAS;CREACION DEL SERVICIO DE TRANSITABILIDAD VEHICULAR EN LOS TRAMOS DE YURACMAYO ¿ PICCHUPAMPA Y CENTRAL CHOAQUERE - PALMADERAYOC PAMPA\n EN LA COMUNIDAD CAMPESINA DE CHOAQUERE DEL DISTRITO DE CHALLHUAHUACHO ¿ PROVINCIA DE COTABAMBAS ¿ DEPARTAMENTO DE APURÍMAC CHOAQUERE DEL DISTRITO DE CHALLHUAHUACHO - PROVINCIA DE COTABAMBAS - DEPARTAMENTO DE APURIMAC;144785.39;PEN;23;Subasta Inversa Electrónica;goods;Alta competencia
1200098;20600004001;PROYECTO ESPECIAL DE DESARROLLO DEL VALLE DE LOS RÍO APURIMAC, ENE Y MANTARO- PROVRAEM;AYACUCHO;LA MAR;"MEJORAMIENTO Y AMPLIACION DE LAS CAPACIDADES PRODUCTIVAS AGROPECUARIAS PARA LA DIVERSIFICACIÓN PRODUCTIVA CON ENFOQUE FAMILIAR EN LAS COMUNIDADES NATIVAS DE LA PROVINCIA DE HUANTA DEL DEPARTAMENTO DE AYACUCHO; LA PROVINCIA DE LA CONVENCION DEL DEPARTAMENTO DE CUSCO Y LA PROVINCIA DE SATIPO DEL DEPARTAMENTO DE JUNIN";59740.8;PEN;6;Licitación Pública Abreviada;goods;Baja competencia
1199311;20530688390;GOBIERNO REGIONAL DE LIMA SEDE CENTRAL;LIMA;HUAURA;MEJORAMIENTO DEL SERVICIO EDUCATIVO DE EDUCACION INICIAL EN LA I.E. Nº 088, DISTRITO DE HUANTAN - YAUYOS - LIMA;186402.98;PEN;24;Concurso Público Abreviado;services;Alta competencia
1198594;20489252270;GOBIERNO REGIONAL DE PASCO SEDE CENTRAL;PASCO;PASCO;MEJORAMIENTO DE LOS SERVICIOS OPERATIVOS O MISIONALES INSTITUCIONALES EN LA GERENCIA DE DESARROLLO SOCIAL DE LA MUNICIPALIDAD DISTRITAL DE YANACANCHA, SIMÓN BOLIVAR, PROVINCIA DE PASCO Y EL  DISTRITO DE VILLA RICA - PROVINCIA DE OXAPAMPA - DEPARTAMENTO DE PASCO;120000;PEN;12;Concurso Público Abreviado;services;Mediana competencia
1192480;20148420719;MUNICIPALIDAD DISTRITAL DE MARCONA;ICA;NAZCA;"REMODELACION DE ALAMEDA; ADQUISICION DE MOBILIARIO URBANO; EN EL(LA) ALAMEDA MICAELA BASTIDAS DE LA AAHH MICAELA BASTIDAS EN EL CENTRO POBLADO SAN JUAN, DISTRITO DE MARCONA, PROVINCIA NASCA, DEPARTAMENTO ICA";80312.02;PEN;9;Concurso Público Abreviado;services;Baja competencia
1198785;20148420981;MUNICIPALIDAD DISTRITAL DE SAN JUAN BAUTISTA - ICA;ICA;ICA;"REMODELACION DE RED DE ALCANTARILLADO; EN EL(LA) PASAJE SR. DE LA AGONIA 2 DEL CC.PP. PAMPA DE LOS LEVANOS CON EL MEJORAMIENTO DE LA RED MATRIZ Y CONEXIONES DOMICILIARIAS DE ALCANTARILLADO DEL  DISTRITO DE SAN JUAN BAUTISTA, PROVINCIA ICA, DEPARTAMENTO ICA";112194.53;PEN;12;Licitación Pública Abreviada;works;Mediana competencia
1198533;20182786935;GOBIERNO REGIONAL DE UCAYALI-DIRECCIÓN REGIONAL SECTORIAL DE TRANSPORTES Y COMUNICACIONES;UCAYALI;CORONEL PORTILLO;MEJORAMIENTO DEL SERVICIO DE TRANSITABILIDAD VIAL INTERURBANA EN LA VIA DEPARTAMENTAL RUTA UC-112 TRAYECTORIA: PUCALLPILLO , SANTA ROSA DE MASISEA EN LOS   DISTRITOS DE MANANTAY, MASISEA DE LA PROVINCIA DE CORONEL PORTILLO DEL DEPARTAMENTO DE UCAYALI;234539.71;PEN;13;Concurso Público Abreviado;services;Mediana competencia
1199775;20191043546;MUNICIPALIDAD DISTRITAL DE PAUCARTAMBO;PASCO;PASCO;CREACION DE PISTAS Y VEREDAS DE AV. PASCO, LAS AMERICAS, HUACHON Y JR. HUANUCO, JUNIN, LA LIBERTAD, BUENOS AIRES, PACHITEA, MARIATEGUI, VISTA ALEGRE DEL CENTRO POBLADO DE CHUPACA, DISTRITO DE PAUCARTAMBO - PASCO - PASCO;120000;PEN;7;Concurso Público Abreviado;services;Baja competencia
1199448;20205367994;MUNICIPALIDAD DISTRITAL DE CHUGAY;LA LIBERTAD;SANCHEZ CARRION;"CONSTRUCCION DE CERCO PERIMETRICO Y MURO DE CONTENCION; EN EL(LA) CAMPO DEPORTIVO PACCHA GRANDE EN EL CENTRO POBLADO PACCHA GRANDE, DISTRITO DE CHUGAY, PROVINCIA SANCHEZ CARRION, DEPARTAMENTO LA LIBERTAD";235635;PEN;8;Licitación Pública Abreviada;works;Baja competencia
1201641;20181438364;MUNICIPALIDAD PROVINCIAL DE EL COLLAO - ILAVE;PUNO;EL COLLAO;"RENOVACION DE CALZADA O PISTA; EN EL(LA) JIRÓN MOLLENDO (3RA A 7MA CUADRA) Y JIRÓN CONDE DE LEMUS (3RA CUADRA)  A NIVEL PAVIMENTO FLEXIBLE EN LA CIUDAD DE ILAVE DEL  DISTRITO DE ILAVE, PROVINCIA EL COLLAO, DEPARTAMENTO PUNO";247000;PEN;8;Subasta Inversa Electrónica;goods;Baja competencia
1198411;20488943996;GOBIERNO REGIONAL DE SAN MARTIN-SUB REGION BAJO MAYO-TARAPOTO;SAN MARTIN;SAN MARTIN;"CONSTRUCCION DE PUENTE Y PROTECCION RIBEREÑA VIAL; EN EL(LA) CAMINO VECINAL SM-750, EMP. SM-102- CESAR VALLEJO - MIRAFLORES NAUTA - NAUTA - MISHQUIYACU (SOBRE LA QUEBRADA PAO)  DISTRITO DE SAN JOSE DE SISA, PROVINCIA EL DORADO, DEPARTAMENTO SAN MARTIN";90000;PEN;14;Concurso Público Abreviado;services;Mediana competencia
1195835;20200270968;MUNICIPALIDAD DISTRITAL DE PARCOY;LA LIBERTAD;PATAZ;"CONSTRUCCION DE MURO DE CONTENCION; EN EL(LA) VIVIENDAS DEL CENTRO POBLADO DE UCHUCUAYO  DISTRITO DE PARCOY, PROVINCIA PATAZ, DEPARTAMENTO LA LIBERTAD";651583.16;PEN;4;Licitación Pública Abreviada;works;Baja competencia
1198903;20148182788;MUNICIPALIDAD PROVINCIAL DE ABANCAY;APURIMAC;ABANCAY;MEJORAMIENTO DEL SERVICIO DE MOVILIDAD URBANA EN LAS VIAS LOCALES DEL JR. DAVID SAMANEZ OCAMPO , AV. GARCILASO DE LA VEGA (TRAMO JR. DAVID SAMANEZ OCAMPO ¿ AV. CONDEBAMBA) DEL   DISTRITO DE ABANCAY DE LA PROVINCIA DE ABANCAY DEL DEPARTAMENTO DE APURIMAC;1196874;PEN;5;Subasta Inversa Electrónica;goods;Baja competencia
1184491;20154623290;MUNICIPALIDAD PROVINCIAL DE DANIEL CARRION - YANAHUANCA;PASCO;DANIEL ALCIDES CARRION;CREACION DE LOSA DE RECREACIÓN MULTIUSOS  EN EL CENTRO POBLADO DE YANACOCHA DEL DISTRITO DE YANAHUANCA - PROVINCIA DE DANIEL ALCIDES CARRION - DEPARTAMENTO DE PASCO;513342.57;PEN;15;Licitación Pública Abreviada;works;Mediana competencia
1198329;20601625017;MUNICIPALIDAD DISTRITAL DE MEGANTONI;CUSCO;LA CONVENCION;MEJORAMIENTO DE LOS SERVICIOS OPERATIVOS O MISIONALES INSTITUCIONALES EN LA GERENCIA DE DESARROLLO SOCIAL Y PUEBLOS ORIGINARIOS PARA LA ATENCION DE LA POBLACION VULNERABLE, DEL   DISTRITO DE MEGANTONI DE LA PROVINCIA DE LA CONVENCION DEL DEPARTAMENTO DE CUSCO;200090;PEN;8;Subasta Inversa Electrónica;goods;Baja competencia
1200900;20174691267;MUNICIPALIDAD PROVINCIAL DE CUTERVO;CAJAMARCA;CUTERVO;MEJORAMIENTO DE LOS SERVICIOS DE APOYO AL DESARROLLO PRODUCTIVO EN LA CADENA PRODUCTIVA DEL GANADO VACUNO EN LOS DISTRITOS DE CUTERVO, CALLAYUC, PINPINGOS , QUEROCOTILLO , SANTA CRUZ, TORIBIO CASANOVA ,   DISTRITO DE CUTERVO DE LA PROVINCIA DE CUTERVO DEL DEPARTAMENTO DE CAJAMARCA;1131481.36;PEN;9;Licitación Pública Abreviada;goods;Baja competencia
1198843;20148260843;MUNICIPALIDAD PROVINCIAL DE HUALGAYOC - BAMBAMARCA;CAJAMARCA;HUALGAYOC;MEJORAMIENTO DEL SERVICIO DE PRÁCTICA DEPORTIVA Y/O RECREATIVA EN EL BARRIO AGOMARCA BAJO DEL   DISTRITO DE BAMBAMARCA DE LA PROVINCIA DE HUALGAYOC DEL DEPARTAMENTO DE CAJAMARCA;84252;PEN;10;Concurso Público Abreviado;services;Mediana competencia
1197699;20519752604;GOBIERNO REGIONAL DE MOQUEGUA SEDE CENTRAL;MOQUEGUA;MARISCAL NIETO;MEJORAMIENTO DEL SERVICIO DE SUMINISTRO ELÉCTRICO DOMICILIARIO EN ZONAS URBANAS  EN 4 UNIDADES PRODUCTORAS   DISTRITO DE ILO DE LA PROVINCIA DE ILO DEL DEPARTAMENTO DE MOQUEGUA;285643;PEN;9;Licitación Pública Abreviada;goods;Baja competencia
1195275;20148420719;MUNICIPALIDAD DISTRITAL DE MARCONA;ICA;NAZCA;MEJORAMIENTO DEL SERVICIO DE TRANSITABILIDAD VIAL INTERURBANA EN IC-824-EMPAL CON LA VIA VECINAL POZA DE LAPA  DE CENTRO POBLADO LA ASOCIACION JOSE OLAYA B DISTRITO DE MARCONA DE LA PROVINCIA DE NASCA DEL DEPARTAMENTO DE ICA;4275320.54;PEN;21;Licitación Pública Abreviada;works;Alta competencia
1193911;20275817814;MUNICIPALIDAD DISTRITAL DE PATAZ;LA LIBERTAD;PATAZ;AMPLIACION DEL SERVICIO DE EDUCACIÓN INICIAL EN I.E. 82194  DE CENTRO POBLADO SHICUN DISTRITO DE PATAZ DE LA PROVINCIA DE PATAZ DEL DEPARTAMENTO DE LA LIBERTAD;1224395.78;PEN;8;Licitación Pública Abreviada;works;Baja competencia
1201444;20199800061;MUNICIPALIDAD DISTRITAL DE PILCOMAYO;JUNIN;HUANCAYO;"CONSTRUCCION DE CALZADA O PISTA Y VEREDA O ACERA; EN EL(LA) JR. VIRGEN DE COCHARCAS TRAMO CALLE S/N - PROGRESIVA 330 EN EL CENTRO POBLADO PILCOMAYO, DISTRITO DE PILCOMAYO, PROVINCIA HUANCAYO, DEPARTAMENTO JUNIN";73200;PEN;9;Subasta Inversa Electrónica;goods;Baja competencia
1200159;20230401820;MUNICIPALIDAD DISTRITAL DE HUANDO;HUANCAVELICA;HUANCAVELICA;CREACION DEL SERVICIO DE FORMACION CULTURAL DE LA LOCALIDAD DE YANACCOLLPA - DISTRITO DE HUANDO YANACCOLLPA DEL DISTRITO DE HUANDO - PROVINCIA DE HUANCAVELICA - DEPARTAMENTO DE HUANCAVELICA;282109.47;PEN;3;Licitación Pública Abreviada;works;Baja competencia
1195004;20175307711;MUNICIPALIDAD DISTRITAL DE QUILMANA;LIMA;CAÑETE;CREACION DE PISTAS, VEREDAS Y AREAS VERDES EN EL JR. PIURA CUADRA 1 A 8, JR. CUZCO CUADRA 1 A 8, JR. PUNO CUADRA 5 A 8, JR TACNA CUADRA 5 A 8, JR. MADRE DE DIOS CUADRA 5 A 8, JR JUNIN CUADRA 1 A 3 Y JR. LIBERTAD CUADRA 1 A 3, JR. AYACUCHO CUADRA 6, JR ICA CUADRA 5 A 6, JR CALLAO CUADRA 5 A 6, JR TUMBES CUADRA 5 A 6 DEL DISTRITO DE QUILMANA - PROVINCIA DE CAÑETE - DEPARTAMENTO DE LIMA;2151473.61;PEN;27;Licitación Pública Abreviada;works;Alta competencia
1207529;20183995121;MUNICIPALIDAD PROVINCIAL DE PACHITEA - PANAO;HUANUCO;PACHITEA;MEJORAMIENTO DEL SERVICIO DE PRÁCTICA DEPORTIVA Y/O RECREATIVA EN EL ESTADIO MUNICIPAL  DE CENTRO POBLADO CHINCHAVITO DISTRITO DE CHAGLLA DE LA PROVINCIA DE PACHITEA DEL DEPARTAMENTO DE HUANUCO;1507124.74;PEN;7;Licitación Pública Abreviada;works;Baja competencia
1192400;20189975920;GOBIERNO REGIONAL DE CUSCO - DIRECCION REGIONAL DE TRANSPORTES Y COMUNICACIONES CUSCO;CUSCO;CUSCO;MEJORAMIENTO DEL PUENTE CARROZABLE  SOBRE EL RIO VILCANOTA EN LA COMUNIDAD DE PAROCCAN  DISTRITO DE URCOS - PROVINCIA DE QUISPICANCHI - DEPARTAMENTO DE CUSCO;47129.33;PEN;2;Subasta Inversa Electrónica;goods;Baja competencia
1214409;20414868216;PROGRAMA SUBSECTORIAL DE IRRIGACIONES - PSI;LIMA;LIMA;MEJORAMIENTO DEL SERVICIO DE AGUA A NIVEL PARCELARIO CON UN SISTEMA DE RIEGO TECNIFICADO PARA EL GRUPO DE GESTIÓN EMPRESARIAL SUMAC WIÑAY TUSINI GRANDE,  DISTRITO DE LAMPA - PROVINCIA DE LAMPA - DEPARTAMENTO DE PUNO;24000;PEN;1;Convenio;services;Baja competencia
1200504;20519610214;MUNICIPALIDAD DISTRITAL DE CORONEL GREGORIO ALBARRACIN LANCHIPA;TACNA;TACNA;CREACION DEL SERVICIO DE SUMINISTRO ELÉCTRICO DOMICILIARIO EN ZONAS URBANAS  EN MEDIANTE REDES PRIMARIAS Y REDES SECUNDARIAS EN LOS SECTORES 20  21 22 Y 23 DEL   DISTRITO DE CORONEL GREGORIO ALBARRACIN LANCHIPA DE LA PROVINCIA DE TACNA DEL DEPARTAMENTO DE TACNA;3475844.7;PEN;11;Licitación Pública Abreviada;works;Mediana competencia
1199344;20159329535;MUNICIPALIDAD DISTRITAL DE POMACANCHI;CUSCO;ACOMAYO;MEJORAMIENTO Y AMPLIACION DE SISTEMA DE RIEGO EN EL SECTOR MURK´A PAMPA DE LA COMUNIDAD CAMPESINA DE SANTA ROSA DE MANCURA DEL DISTRITO DE POMACANCHI - PROVINCIA DE ACOMAYO - DEPARTAMENTO DE CUSCO;64804.4;PEN;3;Subasta Inversa Electrónica;goods;Baja competencia
1190194;20147676574;MUNICIPALIDAD DISTRITAL DE PUEBLO NUEVO - CHINCHA;ICA;CHINCHA;MEJORAMIENTO Y AMPLIACION DEL SERVICIO DE AGUA POTABLE Y ALCANTARILLADO SANITARIO EN EL A.H. EL SALVADOR DEL DISTRITO DE PUEBLO NUEVO - PROVINCIA DE CHINCHA - DEPARTAMENTO DE ICA;4320721.45;PEN;14;Licitación Pública Abreviada;works;Mediana competencia
1201660;20176204878;MUNICIPALIDAD DISTRITAL DE CACHACHI;CAJAMARCA;CAJABAMBA;CREACION DEL SERVICIO DE SUMINISTRO ELÉCTRICO DOMICILIARIO EN ZONAS RURALES EN LA LOCALIDAD DE LA PUCARA  DE CENTRO POBLADO LA MERCED CALLUAN DISTRITO DE CACHACHI DE LA PROVINCIA DE CAJABAMBA DEL DEPARTAMENTO DE CAJAMARCA;720314.16;PEN;5;Licitación Pública Abreviada;works;Baja competencia
1200610;20142747155;MUNICIPALIDAD PROVINCIAL DE HUARMEY;ANCASH;HUARMEY;CREACION E INSTALACION DEL SERVICIO DE ELECTRIFICACION RURAL EN EL C.P DE CUZ CUZ, DISTRITO DE HUARMEY, PROVINCIA DE HUARMEY - ANCASH;718326.77;PEN;11;Licitación Pública Abreviada;works;Mediana competencia
1193627;20164503080;FONDO METROPOLITANO DE INVERSIONES;LIMA;LIMA;MEJORAMIENTO DEL SERVICIO DE MOVILIDAD URBANA EN LA AV. GRAN CHIMÚ URB. ZARATE COMUNA 3   DISTRITO DE SAN JUAN DE LURIGANCHO DE LA PROVINCIA DE LIMA DEL DEPARTAMENTO DE LIMA;960481.8;PEN;48;Concurso Público Abreviado;services;Alta competencia
1196124;20611816953;AUTORIDAD NACIONAL DE INFRAESTRUCTURA;LIMA;LIMA;MEJORAMIENTO Y AMPLIACION DEL SERVICIO DE TRANSITABILIDAD VIAL INTERURBANA EN LA VÍA DEPARTAMENTAL LI-114: EMP. PE-10 A (DV. OTUZCO) - OTUZCO - PTE. CARATA - DV. CHARAT - SAHUACHIQUE - USQUIL - EMP. LI-111 (CUYUCHUGO) - DISTRITO DE USQUIL Y   DISTRITO DE OTUZCO DE LA PROVINCIA DE OTUZCO DEL DEPARTAMENTO DE LA LIBERTAD;3936796.19;PEN;2;Contratos Estandarizados;services;Baja competencia
1203737;20198033414;MUNICIPALIDAD PROVINCIAL DE CAYLLOMA - CHIVAY;AREQUIPA;CAYLLOMA;MEJORAMIENTO DE LOS SERVICIOS TURISTICOS PUBLICOS DE LA RUTA TURISTICA DEL VALLE DEL COLCA EN EL CASCO URBANO DE LA LOCALIDAD DE CHIVAY - PROVINCIA DE CAYLLOMA, REGION AREQUIPA;3752010.34;PEN;14;Licitación Pública Abreviada;works;Mediana competencia
1192566;20206075997;MUNICIPALIDAD DISTRITAL DE EMILIO SAN MARTIN;LORETO;REQUENA;MEJORAMIENTO DEL SERVICIO DE EDUCACIÓN INICIAL EN I.E. 279  DE CENTRO POBLADO  TAMANCO DISTRITO DE EMILIO SAN MARTIN DE LA PROVINCIA DE REQUENA DEL DEPARTAMENTO DE LORETO;236837;PEN;10;Concurso Público Abreviado;services;Mediana competencia
1200998;20165195290;MUNICIPALIDAD PROVINCIAL DE SAN ROMAN - JULIACA;PUNO;SAN ROMAN;MEJORAMIENTO DEL SERVICIO DE MOVILIDAD URBANA EN AV. CIRCUNVALACION I TRAMO OVALO SALIDA CUSCO - PARQUE DEL TRICICLISTA   DISTRITO DE JULIACA DE LA PROVINCIA DE SAN ROMAN DEL DEPARTAMENTO DE PUNO;940725;PEN;3;Subasta Inversa Electrónica;goods;Baja competencia
1201535;20142747155;MUNICIPALIDAD PROVINCIAL DE HUARMEY;ANCASH;HUARMEY;MEJORAMIENTO Y AMPLIACION DEL SERVICIO DE MOVILIDAD URBANA EN LAS VIAS LOCALES DEL AA.HH. BUENOS AIRES   DISTRITO DE HUARMEY DE LA PROVINCIA DE HUARMEY DEL DEPARTAMENTO DE ANCASH;1214947.1;PEN;16;Licitación Pública Abreviada;works;Mediana competencia
1196812;20406325815;GOBIERNO REGIONAL DE PUNO SEDE CENTRAL;PUNO;PUNO;MEJORAMIENTO DEL SERVICIO DE EDUCACIÓN SECUNDARIA EN I.E. JOSE MARIA ARGUEDAS   DISTRITO DE LLALLI DE LA PROVINCIA DE MELGAR DEL DEPARTAMENTO DE PUNO;71820.91;PEN;37;Licitación Pública Abreviada;goods;Alta competencia
1193311;20205028600;MUNICIPALIDAD DISTRITAL DE COYLLURQUI;APURIMAC;COTABAMBAS;MEJORAMIENTO Y AMPLIACION DEL SISTEMA DE SANEAMIENTO EN LAS COMUNIDADES DE LLAULLIYOC AYAHUILLCA Y SORCCO - 8 LOCALIDADES DEL DISTRITO DE COYLLURQUI - PROVINCIA DE COTABAMBAS - DEPARTAMENTO DE APURIMAC;67577.93;PEN;12;Subasta Inversa Electrónica;goods;Mediana competencia
1195212;20527141762;GOBIERNO REGIONAL DE APURIMAC SEDE CENTRAL;APURIMAC;ABANCAY;MEJORAMIENTO DEL SERVICIO DE ATENCIÓN DE SALUD BÁSICOS EN EL CENTRO DE SALUD DE TALAVERA,   DISTRITO DE TALAVERA DE LA PROVINCIA DE ANDAHUAYLAS DEL DEPARTAMENTO DE APURIMAC;152490;PEN;30;Licitación Pública Abreviada;goods;Alta competencia
1198973;20156959783;MUNICIPALIDAD PROVINCIAL DE ANDAHUAYLAS;APURIMAC;ANDAHUAYLAS;MEJORAMIENTO DEL SERVICIO DE MOVILIDAD URBANA EN AV. ANDAHUAYLAS, AV.PERU (1ERA, 2DA Y 3RA) JR. JUAN ANTONIO TRELLES 6TA Y 7MA, JR. GUILLERMO CACERES 6TA, PSJ. CALVARIO JR. RESURECCION 3RA Y 4TA CUADRA   DISTRITO DE ANDAHUAYLAS DE LA PROVINCIA DE ANDAHUAYLAS DEL DEPARTAMENTO DE APURIMAC;183380;PEN;29;Concurso Público Abreviado;services;Alta competencia
1201060;20406325815;GOBIERNO REGIONAL DE PUNO SEDE CENTRAL;PUNO;PUNO;MEJORAMIENTO DEL SERVICIO DE EDUCACIÓN INICIAL EN I.E. 69   DISTRITO DE ANTAUTA DE LA PROVINCIA DE MELGAR DEL DEPARTAMENTO DE PUNO;50245;PEN;30;Licitación Pública Abreviada;goods;Alta competencia
1196307;20601625017;MUNICIPALIDAD DISTRITAL DE MEGANTONI;CUSCO;LA CONVENCION;MEJORAMIENTO Y AMPLIACION DE LOS SERVICIOS DE APOYO AL DESARROLLO PRODUCTIVO EN LOS PRODUCTORES DE CACAO EN LA CC. NN. SABABANTIARI Y AA.RR. DE KITAPARAY, AA.RR. SARINGAVENI, DEL   DISTRITO DE MEGANTONI DE LA PROVINCIA DE LA CONVENCION DEL DEPARTAMENTO DE CUSCO;52566;PEN;3;Comparación de Precios;goods;Baja competencia
1193679;20147034467;MUNICIPALIDAD DISTRITAL DE LAS LOMAS;PIURA;PIURA;MEJORAMIENTO DEL SERVICIO DE PRÁCTICA DEPORTIVA Y/O RECREATIVA EN ESPACIO DEPORTIVO EN EL CENTRO POBLADO DE SANTA ELENA   DISTRITO DE LAS LOMAS DE LA PROVINCIA DE PIURA DEL DEPARTAMENTO DE PIURA;137351;PEN;14;Concurso Público Abreviado;services;Mediana competencia
1198650;20317337150;MUNICIPALIDAD DISTRITAL DE PICHARI;CUSCO;LA CONVENCION;CREACION DEL COMPLEJO POLIDEPORTIVO MUNICIPAL DE PICHARI DEL DISTRITO DE PICHARI - PROVINCIA DE LA CONVENCION - DEPARTAMENTO DE CUSCO;67284.6;PEN;4;Subasta Inversa Electrónica;goods;Baja competencia
1194196;20282911915;MUNICIPALIDAD DISTRITAL DE NUEVO CHIMBOTE;ANCASH;SANTA;"CONSTRUCCION DE CALZADA O PISTA, VEREDA O ACERA, ZONA DE ESTACIONAMIENTO Y AREA VERDE; EN EL(LA) CALLE 2 (TRAMO AV.PERU HASTA JR. MIRAFLORES) DE LA LOTIZACION COMERCIO INDUSTRIAL PRIMERO DE MAYO DEL  DISTRITO DE NUEVO CHIMBOTE, PROVINCIA SANTA, DEPARTAMENTO ANCASH";603138.07;PEN;10;Licitación Pública Abreviada;works;Mediana competencia
1198992;20189021764;MUNICIPALIDAD DISTRITAL DE HUACAR;HUANUCO;AMBO;MEJORAMIENTO DE LOS SERVICIOS EDUCATIVOS DE LA INSTITUCION EDUCATIVA INICIAL I.E.I. N 330 - DEL CENTRO POBLADO DE ANGASMARCA, DISTRITO DE HUACAR - AMBO - HUANUCO;225430.15;PEN;9;Concurso Público Abreviado;services;Baja competencia
1196586;20181009161;MUNICIPALIDAD DISTRITAL DE PUNTA DE BOMBON;AREQUIPA;ISLAY;MEJORAMIENTO DEL SERVICIO DE MOVILIDAD URBANA EN LAS VÍAS LOCALES DE LA AVENIDA LA PUNTA (TRAMO ENTRE LA AVENIDA AREQUIPA Y CALLE JORGE CHAVEZ)  DE CENTRO POBLADO PUNTA DE BOMBON DISTRITO DE PUNTA DE BOMBON DE LA PROVINCIA DE ISLAY DEL DEPARTAMENTO DE AREQUIPA;4560754.34;PEN;18;Licitación Pública Abreviada;works;Mediana competencia
1199354;20166604266;MUNICIPALIDAD DISTRITAL DE HUACHIS;ANCASH;HUARI;MEJORAMIENTO Y AMPLIACION DE LOS SERVICIOS FUNERARIOS Y DE SEPULTURA EN EL CEMENTERIO GENERAL DE LA LOCALIDAD DE HUACHIS   DISTRITO DE HUACHIS DE LA PROVINCIA DE HUARI DEL DEPARTAMENTO DE ANCASH;70600;PEN;5;Concurso Público Abreviado;services;Baja competencia
1204488;20519752515;GOBIERNO REGIONAL DE TACNA SEDE CENTRAL;TACNA;TACNA;"ADQUISICION DE TOMOGRAFO COMPUTARIZADO MULTICORTE, EQUIPO ECOGRAFO, EQUIPO DE RAYOS X DIGITAL Y DENSITOMETRO; ADEMÁS DE OTROS ACTIVOS EN EL(LA) HOSPITAL HIPOLITO UNANUE DE TACNA  DISTRITO DE TACNA, PROVINCIA TACNA, DEPARTAMENTO TACNA";71664.43;PEN;8;Licitación Pública Abreviada;goods;Baja competencia
1197614;20159329535;MUNICIPALIDAD DISTRITAL DE POMACANCHI;CUSCO;ACOMAYO;MEJORAMIENTO Y AMPLIACION DE SISTEMA DE RIEGO EN EL SECTOR MURK´A PAMPA DE LA COMUNIDAD CAMPESINA DE SANTA ROSA DE MANCURA DEL DISTRITO DE POMACANCHI - PROVINCIA DE ACOMAYO - DEPARTAMENTO DE CUSCO;53896.4;PEN;17;Subasta Inversa Electrónica;goods;Mediana competencia
1194431;20206518571;MUNICIPALIDAD DISTRITAL DE HUMAY;ICA;PISCO;CREACION DEL SERVICIO DE PRÁCTICA DEPORTIVA Y/O RECREATIVA EN CC.PP FUNDO MAYO   DISTRITO DE HUMAY DE LA PROVINCIA DE PISCO DEL DEPARTAMENTO DE ICA;1322568.37;PEN;15;Licitación Pública Abreviada;works;Mediana competencia
1200711;20406325815;GOBIERNO REGIONAL DE PUNO SEDE CENTRAL;PUNO;PUNO;MEJORAMIENTO DEL SERVICIO EDUCATIVO EN LA IES POLITÉCNICO REGIONAL LOS ANDES, DISTRITO DE JULIACA, PROVINCIA DE SAN ROMÁN - PUNO;243650;PEN;21;Subasta Inversa Electrónica;goods;Alta competencia
1199090;20166604266;MUNICIPALIDAD DISTRITAL DE HUACHIS;ANCASH;HUARI;MEJORAMIENTO Y AMPLIACION DE LOS SERVICIOS FUNERARIOS Y DE SEPULTURA EN EL CEMENTERIO GENERAL DE LA LOCALIDAD DE HUACHIS   DISTRITO DE HUACHIS DE LA PROVINCIA DE HUARI DEL DEPARTAMENTO DE ANCASH;986966.9;PEN;8;Licitación Pública Abreviada;works;Baja competencia
1197320;20116067847;MUNICIPALIDAD PROVINCIAL DE LORETO - NAUTA;LORETO;LORETO;"REMODELACION DE CASA MATERNA; EN EL(LA) MUNICIPALIDAD PROVINCIAL DE LORETO-NAUTA  DISTRITO DE NAUTA, PROVINCIA LORETO, DEPARTAMENTO LORETO";670006.15;PEN;4;Licitación Pública Abreviada;works;Baja competencia
1199213;20542068281;UNIVERSIDAD NACIONAL DE BARRANCA;LIMA;BARRANCA;MEJORAMIENTO DEL SERVICIO DE GESTIÓN INSTITUCIONAL EN EDUCACIÓN SUPERIOR UNIVERSITARIA EN EL COMEDOR UNIVERSITARIO DE LA UNIVERSIDAD NACIONAL DE BARRANCA,   DISTRITO DE BARRANCA DE LA PROVINCIA DE BARRANCA DEL DEPARTAMENTO DE LIMA;100046.22;PEN;41;Licitación Pública Abreviada;goods;Alta competencia
1194276;20406325815;GOBIERNO REGIONAL DE PUNO SEDE CENTRAL;PUNO;PUNO;MEJORAMIENTO DE LA CARRETERA PU 147, EMP. PE-34I JIPATA - EMP. PE-34I MOHO,  DISTRITO DE MOHO - PROVINCIA DE MOHO - DEPARTAMENTO DE PUNO;451000;PEN;14;Concurso Público Abreviado;services;Mediana competencia
1197100;20477936882;PROGRAMA DE DESARROLLO PRODUCTIVO AGRARIO RURAL - AGRO RURAL;LIMA;LIMA;MEJORAMIENTO DE LA ORGANIZACIÓN, ASOCIATIVIDAD E INCLUSIÓN EN LOS MERCADOS DE LOS PEQUEÑOS Y MEDIANOS PRODUCTORES AGRARIOS DE LA SIERRA EN LAS REGIONES DE AMAZONAS, CAJAMARCA Y LA LIBERTAD;50240;PEN;27;Licitación Pública Abreviada;goods;Alta competencia
1197711;20185896723;MUNICIPALIDAD PROVINCIAL DE HUANCANE;PUNO;HUANCANE;"CONSTRUCCION DE ESPACIO DEPORTIVO SIN COBERTURA, CERCO PERIMETRICO Y GRADERIAS; EN EL(LA) I.E. 72328  DISTRITO DE HUANCANE, PROVINCIA HUANCANE, DEPARTAMENTO PUNO";392062.85;PEN;14;Licitación Pública Abreviada;works;Mediana competencia
1192984;20131379600;MUNICIPALIDAD DISTRITAL DE LA PUNTA;CALLAO;CALLAO;"CONSTRUCCION DE JUEGOS INFANTILES E INCLUSIVOS; EN EL(LA) PARQUE OSTOLAZA  DISTRITO DE LA PUNTA, PROVINCIA CONSTITUCIONAL DEL CALLAO, DEPARTAMENTO CALLAO";93137.33;PEN;21;Concurso Público Abreviado;services;Alta competencia
1197486;20159515240;MUNICIPALIDAD DISTRITAL DE CERRO COLORADO;AREQUIPA;AREQUIPA;"CONSTRUCCION DE COBERTURA DE INSTALACIONES DEPORTIVAS Y AMBIENTE DE RECREACION ACTIVA; REMODELACION DE LOSA DEPORTIVA Y CERCO PERIMETRICO; ADEMÁS DE OTROS ACTIVOS EN EL(LA) PARQUE CORONEL FRANCISCO BOLOGNESI EN EL CENTRO POBLADO SEMI-RURAL PACHACUTEC GRUPO ZONAL 7 ZONA D  DISTRITO DE CERRO COLORADO, PROVINCIA AREQUIPA, DEPARTAMENTO AREQUIPA,CONSTRUCCION DE CERCO Y/O PORTADA; ADQUISICION DE MOBILIARIO URBANO Y LUMINARIA; REMODELACION DE PAVIMENTO; EN EL(LA) PARQUE DEL AA.HH MICAELA BASTIDAS MZ 40 LOT 01, CENTRO POBLADO SEMI RURAL PACHACUTEC GRUPO ZONAL 6-13, ZONA B MZ D  DISTRITO DE CERRO COLORADO, PROVINCIA AREQUIPA, DEPARTAMENTO AREQUIPA,CONSTRUCCION DE AMBIENTE DE RECREACION ACTIVA; ADQUISICION DE LUMINARIA; REMODELACION DE CERCO PERIMETRICO; EN EL(LA) PARQUE DEL CENTRO POBLADO SEMI RURAL PACHACUTEC GRUPO ZONAL 1 ZONA A SECTOR 84 MZ 036 LOT 01  DISTRITO DE CERRO COLORADO, PROVINCIA AREQUIPA, DEPARTAMENTO AREQUIPA";3901892.09;PEN;15;Licitación Pública Abreviada;works;Mediana competencia
1192915;20489250731;GOBIERNO REGIONAL DE HUANUCO SEDE CENTRAL;HUANUCO;HUANUCO;CREACION DEL SERVICIO DE MOVILIDAD URBANA EN LA VIA COLECTORA TRAMO  JR. LOS MANGLARES DE LA URBANIZACION LOS PORTALES (INICIO DE TRAMO) HASTA AV. LOS ANGELES DEL C.P. LA ESPERANZA (FIN DE TRAMO) DEL   DISTRITO DE AMARILIS DE LA PROVINCIA DE HUANUCO DEL DEPARTAMENTO DE HUANUCO;39718889.6;PEN;26;Licitación Pública;works;Alta competencia
1197280;20207736261;MINAG - PROYECTO ESPECIAL BINACIONAL DESARROLLO INTEGRAL DE LA CUENCA DEL RIO PUTUMAYO;LORETO;MAYNAS;MEJORAMIENTO DE SERVICIOS DE ASISTENCIA TÉCNICA DEL CULTIVO DE CACAO EN SISTEMAS AGROFORESTALES Y PROCESAMIENTO EN GRANO SECO DE CACAO PARA LA REACTIVACIÓN ECONÓMICA AFECTADAS POR EL COVID-19 EN 5 LOCALIDADES DEL DISTRITO DE RAMON CASTILLA - PROVINCIA DE MARISCAL RAMON CASTILLA - DEPARTAMENTO DE LORETO;127440;PEN;15;Concurso Público Abreviado;services;Mediana competencia
1194517;20176736021;MUNICIPALIDAD DISTRITAL DE YANACANCHA - PASCO;PASCO;PASCO;"REMODELACION DE INFRAESTRUCTURA DEPORTIVA; EN EL(LA) POLIDEPORTIVO MUNICIPAL DEL  DISTRITO DE YANACANCHA, PROVINCIA PASCO, DEPARTAMENTO PASCO";259885;PEN;12;Concurso Público Abreviado;services;Mediana competencia
1199031;20170422971;MUNICIPALIDAD DISTRITAL DE MARIANO MELGAR;AREQUIPA;AREQUIPA;"CONSTRUCCION DE RED DE ALCANTARILLADO; EN EL(LA) ASOCIACION GRANJA TALLER Y VIVIENDA SAN FRANCISCO DE ASIS EN EL CENTRO POBLADO MARIANO MELGAR, DISTRITO DE MARIANO MELGAR, PROVINCIA AREQUIPA, DEPARTAMENTO AREQUIPA";154410;PEN;14;Concurso Público Abreviado;services;Mediana competencia
1194045;20161096068;MUNICIPALIDAD PROVINCIAL DE COTABAMBAS - TAMBOBAMBA;APURIMAC;COTABAMBAS;MEJORAMIENTO DEL SERVICIO DE MOVILIDAD URBANA EN LAS VIAS LOCALES DEL BARRIO SAN MARTIN  DE CENTRO POBLADO TAMBOBAMBA DISTRITO DE TAMBOBAMBA DE LA PROVINCIA DE COTABAMBAS DEL DEPARTAMENTO DE APURIMAC;540000;PEN;7;Subasta Inversa Electrónica;goods;Baja competencia
1200038;20131371455;MUNICIPALIDAD DISTRITAL DE LURIGANCHO (CHOSICA);LIMA;LIMA;"CONSTRUCCION DE POZO DE EXTRACCION; EN EL(LA) SECTOR 146 DEL  DISTRITO DE LURIGANCHO, PROVINCIA LIMA, DEPARTAMENTO LIMA";129686.23;PEN;15;Concurso Público Abreviado;services;Mediana competencia
1198056;20601625017;MUNICIPALIDAD DISTRITAL DE MEGANTONI;CUSCO;LA CONVENCION;MEJORAMIENTO DE LOS SERVICIOS OPERATIVOS O MISIONALES INSTITUCIONALES EN LA GERENCIA DE DESARROLLO SOCIAL Y PUEBLOS ORIGINARIOS PARA LA ATENCION DE LA POBLACION VULNERABLE, DEL   DISTRITO DE MEGANTONI DE LA PROVINCIA DE LA CONVENCION DEL DEPARTAMENTO DE CUSCO;119996.52;PEN;14;Subasta Inversa Electrónica;goods;Mediana competencia
1193186;20414868216;PROGRAMA SUBSECTORIAL DE IRRIGACIONES - PSI;LIMA;LIMA;MEJORAMIENTO DEL CANAL LATERAL LA CONQUISTA DEL SISTEMA DE RIEGO AVISADO - VALLE LA CONQUISTA, DISTRITO Y PROVINCIA DE MOYOBAMBA, REGION SAN MARTIN;225634.71;PEN;3;Contratación Directa;services;Baja competencia
1201211;20159363121;MUNICIPALIDAD DISTRITAL DE HUANOQUITE;CUSCO;PARURO;MEJORAMIENTO DE LOS SERVICIOS DE APOYO AL DESARROLLO PRODUCTIVO EN LA CADENA PRODUCTIVA DEL GANADO VACUNO PARA LA PRODUCCION DE CARNE Y LECHE EN LAS COMUNIDADES DEL   DISTRITO DE HUANOQUITE DE LA PROVINCIA DE PARURO DEL DEPARTAMENTO DE CUSCO;91994.5;PEN;9;Subasta Inversa Electrónica;goods;Baja competencia
1197044;20317337150;MUNICIPALIDAD DISTRITAL DE PICHARI;CUSCO;LA CONVENCION;MEJORAMIENTO Y AMPLIACION DEL SERVICIO DE PRÁCTICA DEPORTIVA Y/O RECREATIVA EN LOS JOVENES DE LOS CENTROS POBLADOS DEL   DISTRITO DE PICHARI DE LA PROVINCIA DE LA CONVENCION DEL DEPARTAMENTO DE CUSCO;61200;PEN;25;Licitación Pública Abreviada;goods;Alta competencia
1198746;20527141762;GOBIERNO REGIONAL DE APURIMAC SEDE CENTRAL;APURIMAC;ABANCAY;MEJORAMIENTO Y AMPLIACION DEL SERVICIO DE AGUA DE RIEGO EN LAS COMUNIDADES DE CHULLCUISA, SANTA ROSA, CUPISA, CHAMPACCOCHA, ANCATIRA, CHOCCECANCHA Y ARGAMA ALTA, DISTRITOS DE SAN JERONIMO Y PACUCHA, PROVINCIA DE ANDAHUAYLAS - APURIMAC;483985.85;PEN;30;Concurso Público Abreviado;services;Alta competencia
1199725;20601131812;MUNICIPALIDAD DISTRITAL DE SAN PABLO DE PILLAO;HUANUCO;HUANUCO;CREACION DE LOS SERVICIOS DE INFRAESTRUCTURA DEPORTIVA Y RECREATIVA EN LA LOCALIDAD DE CUSHIPAMPA DEL DISTRITO DE SAN PABLO DE PILLAO - PROVINCIA DE HUANUCO - DEPARTAMENTO DE HUANUCO;1241541.27;PEN;9;Licitación Pública Abreviada;works;Baja competencia
1194012;20288774553;MUNICIPALIDAD DISTRITAL DE CHALLHUAHUACHO;APURIMAC;COTABAMBAS;MEJORAMIENTO Y AMPLIACION DE LOS SERVICIOS CULTURALES DE LA INFRAESTRUCTURA CULTURAL PÚBLICA EN EL  DISTRITO DE CHALLHUAHUACHO - PROVINCIA DE COTABAMBAS - DEPARTAMENTO DE APURIMAC;469700;PEN;25;Licitación Pública Abreviada;goods;Alta competencia
1197332;20196029584;MUNICIPALIDAD DISTRITAL DE HUANCARAMA;APURIMAC;ANDAHUAYLAS;CREACION DEL SERVICIO DE TRANSITABILIDAD VIAL INTERURBANA EN SECTOR DE LIMONNIYOCC - PACCAYPAMPA DE LLACTABAMBA   DISTRITO DE HUANCARAMA DE LA PROVINCIA DE ANDAHUAYLAS DEL DEPARTAMENTO DE APURIMAC;140800;PEN;23;Concurso Público Abreviado;services;Alta competencia
1200086;20143625843;MUNICIPALIDAD PROVINCIAL DE SAN MIGUEL;CAJAMARCA;SAN MIGUEL;MEJORAMIENTO DE LOS SERVICIOS DE EDUCACIÓN SECUNDARIA EN LA INSTITUCIÓN  EDUCATIVA  PUBLICA SAN ANDRÉS - LLAPA, DISTRITO DE LLAPA, PROVINCIA DE SAN MIGUEL - CAJAMARCA;676682.46;PEN;21;Concurso Público Abreviado;services;Alta competencia
1192747;20184168082;MUNICIPALIDAD DISTRITAL DE HUAMANQUIQUIA;AYACUCHO;VICTOR FAJARDO;MEJORAMIENTO DEL SERVICIO DE AGUA PARA RIEGO EN LOS SECTORES DE CHUCHINHUAYCCO-CHAUPIURCCO-SANCAYHUASI-CCACCYAMARCA, PUCAPAMPA Y SAIRE DEL ANEXO DE SAN JUAN DE PATARÁ, DISTRITO DE HUAMANQUIQUIA - VICTOR FAJARDO - AYACUCHO;4984284.28;PEN;6;Licitación Pública Abreviada;works;Baja competencia
1205203;20282911915;MUNICIPALIDAD DISTRITAL DE NUEVO CHIMBOTE;ANCASH;SANTA;CREACION DEL SERVICIO DE RECREACION Y ESPARCIMIENTO EN LA MZ. K LOTE 1 DEL A.H. VISTA ALEGRE DEL DISTRITO DE NUEVO CHIMBOTE - PROVINCIA DE SANTA - DEPARTAMENTO DE ANCASH;4626953.68;PEN;12;Licitación Pública Abreviada;works;Mediana competencia
1192294;20489250731;GOBIERNO REGIONAL DE HUANUCO SEDE CENTRAL;HUANUCO;HUANUCO;MEJORAMIENTO Y AMPLIACION DEL SERVICIO DE RIEGO  EN EL SECTOR TAULLIN CENTRO POBLADO DE UTCUSH - DISTRITO DE CAYNA - PROVINCIA DE AMBO - REGIÓN HUANUCO;128406.42;PEN;12;Concurso Público Abreviado;services;Mediana competencia
1199002;20148260843;MUNICIPALIDAD PROVINCIAL DE HUALGAYOC - BAMBAMARCA;CAJAMARCA;HUALGAYOC;MEJORAMIENTO DEL SERVICIO DE ALCANTARILLADO EN EL JIRÓN MALECÓN QUILICHE Y AV. RICARDO PALMA CUADRA 6 DEL   DISTRITO DE BAMBAMARCA DE LA PROVINCIA DE HUALGAYOC DEL DEPARTAMENTO DE CAJAMARCA;134488.3;PEN;7;Concurso Público Abreviado;services;Baja competencia
1196950;20146678221;MUNICIPALIDAD DISTRITAL DE RIO NEGRO;JUNIN;SATIPO;MEJORAMIENTO Y AMPLIACION DEL SERVICIO DE EDUCACIÓN SECUNDARIA EN LA I.E. CIRO ALEGRÍA BAZÁN EN EL CC.PP. BAJO HUAHUARI DEL DISTRITO DE RIO NEGRO - PROVINCIA DE SATIPO - DEPARTAMENTO DE JUNIN;857251.1;PEN;6;Licitación Pública Abreviada;works;Baja competencia
1200951;20177217043;MUNICIPALIDAD PROVINCIAL DEL CUSCO;CUSCO;CUSCO;MEJORAMIENTO Y AMPLIACIÓN DE LA PRESTACIÓN DEL SERVICIO DE SALUD DEL ESTABLECIMIENTO  DE SALUD DE SAN PEDRO APV.  PICCHU ALTO, DISTRITO DE CUSCO, PROVINCIA DE CUSCO - CUSCO;225450;PEN;11;Licitación Pública Abreviada;goods;Mediana competencia
1193535;20140266575;GOBIERNO REGIONAL DE CUSCO - PROYECTO ESPECIAL PLAN MERISS INKA;CUSCO;CUSCO;INSTALACION Y MEJORAMIENTO DEL SERVICIO DE AGUA PARA RIEGO EN LA CUENCA DEL RÍO BERMEJO-COLORADO, DISTRITOS LIMATAMBO Y MOLLEPATA, PROVINCIA ANTA - CUSCO;288800;PEN;24;Subasta Inversa Electrónica;goods;Alta competencia
1198123;20206921898;MUNICIPALIDAD PROVINCIAL DE CARABAYA - MACUSANI;PUNO;CARABAYA;MEJORAMIENTO Y AMPLIACION DEL SERVICIO DE AGUA POTABLE RURAL Y MEJORAMIENTO Y AMPLIACION DEL SERVICIO DE ALCANTARILLADO U OTRAS FORMAS DE DISPOSICIÓN SANITARIA DE EXCRETAS EN C.C. QUELCAYA   DISTRITO DE CORANI DE LA PROVINCIA DE CARABAYA DEL DEPARTAMENTO DE PUNO;78200;PEN;6;Subasta Inversa Electrónica;goods;Baja competencia
1193459;20601012937;MUNICIPALIDAD DISTRITAL DE VILLA KINTIARINA;CUSCO;LA CONVENCION;MEJORAMIENTO DEL SERVICIO DE EDUCACIÓN EN LA I.E. N 38869 INTEGRADO EN LOS NIVELES INICIAL, PRIMARIA Y SECUNDARIA DE LA COMUNIDAD DE PUEBLO LIBRE BAJA, DEL CENTRO POBLADO VILLA KINTIARINA, DISTRITO DE KIMBIRI - LA CONVENCION - CUSCO;177000;PEN;26;Concurso Público Abreviado;services;Alta competencia
1197995;20177217043;MUNICIPALIDAD PROVINCIAL DEL CUSCO;CUSCO;CUSCO;MEJORAMIENTO Y AMPLIACION SERVICIO DEPORTIVO Y RECREATIVO DEL ESPACIO RECREATIVO DE LA URB. ERNESTO GUNTHER, ZONA NOR ESTE  DISTRITO DE CUSCO - PROVINCIA DE CUSCO - DEPARTAMENTO DE CUSCO;159726.67;PEN;14;Subasta Inversa Electrónica;goods;Mediana competencia
1195331;20406325815;GOBIERNO REGIONAL DE PUNO SEDE CENTRAL;PUNO;PUNO;MEJORAMIENTO DE LA CARRETERA (EMP 34B) AZANGARO - (EMP PU-102) JILA PURINA DE LOS DISTRITO DE AZÁNGARO - DISTRITO DE TIRAPATA - PROVINCIA DE AZANGARO - REGIÓN PUNO;345000;PEN;19;Licitación Pública Abreviada;goods;Mediana competencia
1200997;20154440373;MUNICIPALIDAD PROVINCIAL DE CAÑETE - SAN VICENTE DE CAÑETE;LIMA;CAÑETE;MEJORAMIENTO DEL SERVICIO DE MOVILIDAD URBANA EN EL JR. O´HIGGINS   DISTRITO DE SAN VICENTE DE CAÑETE DE LA PROVINCIA DE CAÑETE DEL DEPARTAMENTO DE LIMA;81775.13;PEN;10;Concurso Público Abreviado;services;Mediana competencia
1194894;20176232227;MUNICIPALIDAD DISTRITAL DE SAN MIGUEL DE CAURI;HUANUCO;LAURICOCHA;MEJORAMIENTO Y AMPLIACION DE LOS SERVICIOS DE AGUA POTABLE, ALCANTARILLADO, PLANTA DE TRATAMIENTO DE AGUAS RESIDUALES  Y CREACION DE UNIDADES BASICO DE SANEAMIENTO EN LA LOCALIDAD ANTACOLPA DEL DISTRITO DE SAN MIGUEL DE CAURI - PROVINCIA DE LAURICOCHA - DEPARTAMENTO DE HUANUCO;432043.81;PEN;13;Concurso Público Abreviado;services;Mediana competencia
1188676;20131369809;MUNICIPALIDAD DISTRITAL DE VENTANILLA;CALLAO;CALLAO;"REPARACION DE INFRAESTRUCTURA DEPORTIVA; EN EL(LA) CENTRO DE FORMACION DEPORTIVA FREDDY TERNERO CORRALES,  DISTRITO DE VENTANILLA, PROVINCIA CONSTITUCIONAL DEL CALLAO, DEPARTAMENTO CALLAO";498280.02;PEN;5;Licitación Pública Abreviada;works;Baja competencia
1194813;20477936882;PROGRAMA DE DESARROLLO PRODUCTIVO AGRARIO RURAL - AGRO RURAL;LIMA;LIMA;MEJORAMIENTO DE LA ORGANIZACIÓN, ASOCIATIVIDAD E INCLUSIÓN EN LOS MERCADOS DE LOS PEQUEÑOS Y MEDIANOS PRODUCTORES AGRARIOS DE LA SIERRA EN LAS REGIONES DE AMAZONAS, CAJAMARCA Y LA LIBERTAD;71742.5;PEN;31;Licitación Pública Abreviada;goods;Alta competencia
1193639;20174691267;MUNICIPALIDAD PROVINCIAL DE CUTERVO;CAJAMARCA;CUTERVO;MEJORAMIENTO Y AMPLIACION DEL SERVICIO DE LIMPIEZA PÚBLICA EN LAS CIUDADES DE LOS DISTRITOS DE SOCOTA Y   DISTRITO DE CUTERVO DE LA PROVINCIA DE CUTERVO DEL DEPARTAMENTO DE CAJAMARCA;16685897.59;PEN;13;Licitación Pública;works;Mediana competencia
1199412;20140266575;GOBIERNO REGIONAL DE CUSCO - PROYECTO ESPECIAL PLAN MERISS INKA;CUSCO;CUSCO;MEJORAMIENTO DE LA INFRAESTRUCTURA DE RIEGO MAYOR PALLALLAJE EN LAS COMUNIDADES CAMPESINAS DE URINSAYA Y QUEROCCOLLANA, DISTRITO COPORAQUE, PROVINCIA ESPINAR;91800;PEN;3;Comparación de Precios;services;Baja competencia
1200031;20156696596;MUNICIPALIDAD PROVINCIAL DE TUMBES;TUMBES;TUMBES;MEJORAMIENTO DEL SERVICIO DE AGUA POTABLE URBANO Y MEJORAMIENTO DEL SERVICIO DE ALCANTARILLADO EN PASAJE ABAD PUELL CUADRA 9   DISTRITO DE TUMBES DE LA PROVINCIA DE TUMBES DEL DEPARTAMENTO DE TUMBES;302892.62;PEN;12;Licitación Pública Abreviada;works;Mediana competencia
1201416;20159340008;MUNICIPALIDAD DISTRITAL DE SANTA TERESA;CUSCO;LA CONVENCION;CREACION DEL SERVICIO DE MOVILIDAD URBANA EN LAS VIAS LOCALES DEL CENTRO POBLADO LUCMAPAMPA,   DISTRITO DE SANTA TERESA DE LA PROVINCIA DE LA CONVENCION DEL DEPARTAMENTO DE CUSCO;223156;PEN;7;Subasta Inversa Electrónica;goods;Baja competencia
1197911;20486021692;GOBIERNO REGIONAL DE JUNIN SEDE CENTRAL;JUNIN;HUANCAYO;MEJORAMIENTO DEL SERVICIO DE PROVISIÓN DE AGUA PARA RIEGO EN SISTEMA DE RIEGO ESQUICHA   DISTRITO DE PALCAMAYO DE LA PROVINCIA DE TARMA DEL DEPARTAMENTO DE JUNIN;188608.33;PEN;11;Concurso Público Abreviado;services;Mediana competencia
1197509;20326364208;MUNICIPALIDAD DISTRITAL DE MIRACOSTA;CAJAMARCA;CHOTA;MEJORAMIENTO DE LA PLAZA DE ARMAS DE LA LOCALIDAD DE MIRACOSTA, DISTRITO DE MIRACOSTA - CHOTA - CAJAMARCA;46655.23;PEN;7;Subasta Inversa Electrónica;goods;Baja competencia
1199952;20449347448;UNIVERSIDAD NACIONAL DE MOQUEGUA;MOQUEGUA;MARISCAL NIETO;MEJORAMIENTO DE LOS SERVICIOS ACADÉMICOS Y ADMINISTRATIVOS DE LA ESCUELA PROFESIONAL DE INGENIERÍA AGROINDUSTRIAL, SEDE MOQUEGUA, UNIVERSIDAD NACIONAL DE MOQUEGUA, DISTRITO DE MOQUEGUA, PROVINCIA DE MARISCAL NIETO, DEPARTAMENTO DE MOQUEGUA;73750;PEN;8;Subasta Inversa Electrónica;goods;Baja competencia
1193775;20148420719;MUNICIPALIDAD DISTRITAL DE MARCONA;ICA;NAZCA;"RENOVACION DE AULA DE EDUCACION SECUNDARIA, AMBIENTE ADMINISTRATIVO, SERVICIOS HIGIENICOS Y/O VESTIDORES Y PORTICO; ADEMÁS DE OTROS ACTIVOS EN EL(LA) I.E. ALMIRANTE MIGUEL GRAU  DISTRITO DE MARCONA, PROVINCIA NASCA, DEPARTAMENTO ICA";2670639.64;PEN;8;Licitación Pública Abreviada;works;Baja competencia
1191921;20181403064;MUNICIPALIDAD DISTRITAL DE DESAGUADERO;PUNO;CHUCUITO;CREACION DEL SERVICIO DE MOVILIDAD URBANA EN VIAS LOCALES DE LA ASOCIACION SAN ANDRES DE LA CIUDAD DE DESAGUADERO DE   DISTRITO DE DESAGUADERO DE LA PROVINCIA DE CHUCUITO DEL DEPARTAMENTO DE PUNO;189267.29;PEN;18;Concurso Público Abreviado;services;Mediana competencia
1192876;20189111321;MUNICIPALIDAD DISTRITAL DE SALAS - ICA;ICA;ICA;"CONSTRUCCION DE AULA DE EDUCACION INICIAL, AULA DE PSICOMOTRICIDAD Y SERVICIOS HIGIENICOS Y/O VESTIDORES; ADQUISICION DE EQUIPAMIENTO DE AULA; ADEMÁS DE OTROS ACTIVOS EN EL(LA) I.E. 04 EN EL CENTRO POBLADO GUADALUPE, DISTRITO DE SALAS, PROVINCIA ICA, DEPARTAMENTO ICA";2660974.48;PEN;17;Licitación Pública Abreviada;works;Mediana competencia
1198433;20488943996;GOBIERNO REGIONAL DE SAN MARTIN-SUB REGION BAJO MAYO-TARAPOTO;SAN MARTIN;SAN MARTIN;MEJORAMIENTO DEL  SERVICIO  EDUCATIVO EN LA I. E. N° 0764 DE LA LOCALIDAD DE HUAJA DEL DISTRITO DE SAN JOSE DE SISA - PROVINCIA DE EL DORADO - DEPARTAMENTO DE SAN MARTIN;65000;PEN;9;Concurso Público Abreviado;services;Baja competencia
1193797;20220499767;MUNICIPALIDAD PROVINCIAL DE CHOTA;CAJAMARCA;CHOTA;RECUPERACION DEL SERVICIO DE MOVILIDAD URBANA EN EL JR. CAJAMARCA C2 - C8 Y JR. SAN MARTIN C3 DE LA CIUDAD DE CHOTA,   DISTRITO DE CHOTA DE LA PROVINCIA DE CHOTA DEL DEPARTAMENTO DE CAJAMARCA;1832698.69;PEN;18;Licitación Pública Abreviada;works;Mediana competencia
1198821;20527760314;UNIVERSIDAD NACIONAL JOSE MARIA ARGUEDAS;APURIMAC;ANDAHUAYLAS;CREACIÓN DE LOS SERVICIOS DE LA RESIDENCIA UNIVERSITARIA DE LA UNAJMA - SAN JERONIMO - ANDAHUAYLAS;370000;PEN;22;Concurso Público Abreviado;services;Alta competencia
1193209;20190184821;MUNICIPALIDAD DISTRITAL DE HUAYLLAY;PASCO;PASCO;CREACION DEL PARQUE PRINCIPAL EN EL CENTRO POBLADO DE CANCHACUCHO DEL  DISTRITO DE HUAYLLAY - PROVINCIA DE PASCO - DEPARTAMENTO DE PASCO;150000;PEN;10;Concurso Público Abreviado;services;Mediana competencia
1192422;20177892441;MUNICIPALIDAD DISTRITAL DE SABAINO;APURIMAC;ANTABAMBA;MEJORAMIENTO DEL SERVICIO DE PRÁCTICA DEPORTIVA Y/O RECREATIVA EN GRASS PARA EL SECTOR DE ANTILLA   DISTRITO DE SABAINO DE LA PROVINCIA DE ANTABAMBA DEL DEPARTAMENTO DE APURIMAC;264747.37;PEN;17;Concurso Público Abreviado;services;Mediana competencia
1195062;20147346434;MUNICIPALIDAD PROVINCIAL DE ESPINAR;CUSCO;ESPINAR;MEJORAMIENTO DE LOS SERVICIOS DE APOYO AL DESARROLLO PRODUCTIVO EN LA CADENA PRODUCTIVA DE GRANOS ANDINOS DEL   DISTRITO DE ESPINAR DE LA PROVINCIA DE ESPINAR DEL DEPARTAMENTO DE CUSCO;66750;PEN;18;Licitación Pública Abreviada;goods;Mediana competencia
1201629;20207278298;MUNICIPALIDAD DISTRITAL DE HUALGAYOC;CAJAMARCA;HUALGAYOC;MEJORAMIENTO Y AMPLIACION DEL SERVICIO DE AGUA POTABLE RURAL Y CREACION DEL SERVICIO DE ALCANTARILLADO U OTRAS FORMAS DE DISPOSICIÓN SANITARIA DE EXCRETAS EN LOCALIDADES DEL   DISTRITO DE HUALGAYOC DE LA PROVINCIA DE HUALGAYOC DEL DEPARTAMENTO DE CAJAMARCA;99300;PEN;3;Comparación de Precios;goods;Baja competencia
1199232;20166544000;MUNICIPALIDAD DISTRITAL DE SAN MARCOS;ANCASH;HUARI;CREACION DEL SERVICIO DE PROVISIÓN DE AGUA PARA RIEGO EN EL SISTEMA DE RIEGO TECNIFICADO EN EL SECTOR DE COCHAPATAC  DE CENTRO POBLADO PICHIU SAN PEDRO DISTRITO DE SAN MARCOS DE LA PROVINCIA DE HUARI DEL DEPARTAMENTO DE ANCASH;192125.91;PEN;11;Concurso Público Abreviado;services;Mediana competencia
1200121;20288774553;MUNICIPALIDAD DISTRITAL DE CHALLHUAHUACHO;APURIMAC;COTABAMBAS;MEJORAMIENTO DE LOS SERVICIOS EDUCATIVOS EN LA I.E. INICIAL JARDÍN N° 893 DEL ANEXO CCAYCCOPAMPA DE LA COMUNIDAD CAMPESINA DE HUANCUIRE DEL DISTRITO DE CHALLHUAHUACHO - PROVINCIA DE COTABAMBAS - DEPARTAMENTO DE APURIMAC;199254;PEN;11;Subasta Inversa Electrónica;goods;Mediana competencia
1213403;20190184821;MUNICIPALIDAD DISTRITAL DE HUAYLLAY;PASCO;PASCO;CREACION DEL PARQUE PRINCIPAL EN EL CENTRO POBLADO DE CANCHACUCHO DEL  DISTRITO DE HUAYLLAY - PROVINCIA DE PASCO - DEPARTAMENTO DE PASCO;150000;PEN;10;Concurso Público Abreviado;services;Mediana competencia
1195753;20189998466;MUNICIPALIDAD DISTRITAL DE HUASAHUASI;JUNIN;TARMA;"CONSTRUCCION DE SALA DE USOS MULTIPLES; EN EL(LA) I.E. 31339 ANDRES AVELINO CACERES  DISTRITO DE HUASAHUASI, PROVINCIA TARMA, DEPARTAMENTO JUNIN";183687.62;PEN;5;Licitación Pública Abreviada;works;Baja competencia
1200085;20489250731;GOBIERNO REGIONAL DE HUANUCO SEDE CENTRAL;HUANUCO;HUANUCO;"REPARACION DE COLECTOR SECUNDARIO Y EMISOR; CONSTRUCCION DE PTAR; EN EL(LA) SISTEMA DE ALCANTARILLADO EN EL CENTRO POBLADO UNGUYMARAN, DISTRITO DE CONCHAMARCA, PROVINCIA AMBO, DEPARTAMENTO HUANUCO";258000;PEN;4;Concurso Público Abreviado;services;Baja competencia
1196583;20172267620;MUNICIPALIDAD DISTRITAL DE PARIACOTO;ANCASH;HUARAZ;MEJORAMIENTO Y AMPLIACION DEL SERVICIO DE AGUA POTABLE RURAL EN EL CASERIO DE TANIN   DISTRITO DE PARIACOTO DE LA PROVINCIA DE HUARAZ DEL DEPARTAMENTO DE ANCASH;1038455.55;PEN;9;Licitación Pública Abreviada;works;Baja competencia
1201805;20147346434;MUNICIPALIDAD PROVINCIAL DE ESPINAR;CUSCO;ESPINAR;AMPLIACION DEL SERVICIO DE MOVILIDAD URBANA EN VIAS LOCALES DE LAS CALLES QUILLABAMBA Y WIRACOCHA DEL  PP.JJ. BOLOGNESI, LA VICTORIA, APV CESAR VALLEJO Y MUNI II  DE CENTRO POBLADO YAURI DISTRITO DE ESPINAR DE LA PROVINCIA DE ESPINAR DEL DEPARTAMENTO DE CUSCO;96640;PEN;9;Subasta Inversa Electrónica;goods;Baja competencia
1197966;20601625017;MUNICIPALIDAD DISTRITAL DE MEGANTONI;CUSCO;LA CONVENCION;CREACION DEL SERVICIO DE TRANSITABILIDAD PEATONAL ENTRE LOS BARRIOS, TERMINAL Y NUEVO ALEGRE DE LA CC.NN. DE TICUMPINIA (CHOCORIARI) DEL  DISTRITO DE MEGANTONI - PROVINCIA DE LA CONVENCION - DEPARTAMENTO DE CUSCO;155641;PEN;15;Subasta Inversa Electrónica;goods;Mediana competencia
1198836;20489250731;GOBIERNO REGIONAL DE HUANUCO SEDE CENTRAL;HUANUCO;HUANUCO;MEJORAMIENTO DE LA CAPACIDAD RESOLUTIVA DEL HOSPITAL DE TINGO MARIA;82880.44;PEN;15;Concurso Público Abreviado;services;Mediana competencia
1194000;20487911586;GOBIERNO REGIONAL DE LAMBAYEQUE - HOSPITAL REGIONAL LAMBAYEQUE;LAMBAYEQUE;CHICLAYO;"ADQUISICION DE REFRIGERADORA, CABINA DE FLUJO LAMINAR VERTICAL, CABINA DE FLUJO LAMINAR HORIZONTAL Y REFRIGERADORA; ADEMÁS DE OTROS ACTIVOS EN EL(LA) EESS HOSPITAL REGIONAL LAMBAYEQUE - CHICLAYO  DISTRITO DE CHICLAYO, PROVINCIA CHICLAYO, DEPARTAMENTO LAMBAYEQUE";220000;PEN;20;Licitación Pública Abreviada;goods;Mediana competencia
1197894;20185897967;MUNICIPALIDAD DISTRITAL DE CURAHUASI;APURIMAC;ABANCAY;MEJORAMIENTO Y AMPLIACION DEL SERVICIOS DE ESPACIOS PÚBLICOS URBANOS EN EL SECTOR DE LUCMOS DEL   DISTRITO DE CURAHUASI DE LA PROVINCIA DE ABANCAY DEL DEPARTAMENTO DE APURIMAC;72005.33;PEN;9;Subasta Inversa Electrónica;goods;Baja competencia
1192849;20194312319;MUNICIPALIDAD DISTRITAL DE COCHAS - OCROS;ANCASH;OCROS;AMPLIACION DE LOS SERVICIOS OPERATIVOS O MISIONALES INSTITUCIONALES EN EL PALACIO MUNICIPAL   DISTRITO DE COCHAS DE LA PROVINCIA DE OCROS DEL DEPARTAMENTO DE ANCASH;737400;PEN;5;Licitación Pública Abreviada;works;Baja competencia
1195244;20147705850;MUNICIPALIDAD PROVINCIAL DE NAZCA;ICA;NAZCA;MEJORAMIENTO Y AMPLIACION DEL SERVICIO DE EDUCACION PRIMARIA EN I.E. 22405 ANGELITA BOHORQUEZ MORENO   DISTRITO DE NASCA DE LA PROVINCIA DE NASCA DEL DEPARTAMENTO DE ICA;220000;PEN;9;Concurso Público Abreviado;services;Baja competencia
1196788;20189262451;MUNICIPALIDAD DISTRITAL DE OXAMARCA;CAJAMARCA;CELENDIN;"RENOVACION DE COBERTURA DE INSTALACIONES DEPORTIVAS; EN EL(LA) LOSA DEPORTIVA EN LA LOCALIDAD DE CONGA DEL GRANERO  DISTRITO DE OXAMARCA, PROVINCIA CELENDIN, DEPARTAMENTO CAJAMARCA";140887.96;PEN;12;Licitación Pública Abreviada;works;Mediana competencia
1200762;20219793252;GOBIERNO REGIONAL DE LA LIBERTAD - GERENCIA  REGIONAL  DE AGRICULTURA;LA LIBERTAD;TRUJILLO;MEJORAMIENTO DE LOS SERVICIOS DE APOYO AL DESARROLLO PRODUCTIVO EN CADENA PRODUCTIVA DE PALTA DE LA GERENCIA REGIONAL DE AGRICULTURA   DISTRITO DE TRUJILLO DE LA PROVINCIA DE TRUJILLO DEL DEPARTAMENTO DE LA LIBERTAD;135000;PEN;5;Concurso Público Abreviado;services;Baja competencia
1197912;20489250731;GOBIERNO REGIONAL DE HUANUCO SEDE CENTRAL;HUANUCO;HUANUCO;REFORESTACION CON FINES DE RECUPERACION Y PRESERVACION DE LOS SUELOS DEGRADADOS EN EL VALLE DEL MONZON, DEPARTAMENTO DE HUANUCO;84000;PEN;21;Licitación Pública Abreviada;goods;Alta competencia
1196865;20131378620;MUNICIPALIDAD DISTRITAL DE ATE - VITARTE;LIMA;LIMA;MEJORAMIENTO Y AMPLIACION DEL SERVICIO DE MOVILIDAD URBANA A TRAVES DE PISTAS Y VEREDAS  EN LAS  EN LA CALLE 2 TRAMO QUE UNE LA URB. SR. DE HUAYLLAY, ASOC. NUESTRA SRA. DE LA MERCED, ASOC. DE VIV. DIGNIDAD DE HUANCHIHUAYLAS, URB. RES. LOS ROBLES ATE III ETAPA Y CALLE 1, CALLE 2 Y CALLE 3 DE LA ASOC. DE VIV. LA CRUZ DE HUANCHIHUAYLAS, ZONA 4, SUB ZONA 2  DISTRITO DE ATE - PROVINCIA DE LIMA - DEPARTAMENTO DE LIMA;1377963.24;PEN;36;Licitación Pública Abreviada;works;Alta competencia
1194002;20228443264;GOBIERNO REGIONAL DE CUSCO-AGRICULTURA;CUSCO;CUSCO;MEJORAMIENTO DEL SERVICIO DE INOCUIDAD AGROPECUARIA EN LAS ZONAS ALTOANDINAS DE LAS 13 PROVINCIAS   DISTRITO DE CUSCO DE LA PROVINCIA DE CUSCO DEL DEPARTAMENTO DE CUSCO;1924255;PEN;33;Licitación Pública;goods;Alta competencia
1198442;20194077484;MUNICIPALIDAD DISTRITAL DE PALCA - TARMA;JUNIN;TARMA;CREACION DEL SERVICIO DE PRÁCTICA DEPORTIVA Y/O RECREATIVA EN LA LOCALIDAD DE SANTA ROSA DE NAHUIN   DISTRITO DE PALCA DE LA PROVINCIA DE TARMA DEL DEPARTAMENTO DE JUNIN;401393.92;PEN;6;Licitación Pública Abreviada;works;Baja competencia
1200287;20172265929;GOBIERNO LOCAL DISTRITAL DE MARCARA;ANCASH;CARHUAZ;"CONSTRUCCION DE CAPTACION DE AGUA  Y LINEA DE CONDUCCION; EN EL(LA) SISTEMA DE AGUA POTABLE DE LA LOCALIDAD DE SHUMAY  DISTRITO DE MARCARA, PROVINCIA CARHUAZ, DEPARTAMENTO ANCASH";129946.15;PEN;7;Licitación Pública Abreviada;works;Baja competencia
1191910;20147705850;MUNICIPALIDAD PROVINCIAL DE NAZCA;ICA;NAZCA;MEJORAMIENTO DEL SERVICIO DE EDUCACIÓN INICIAL EN I.E. 098 CLARA CANALES GELDRES   DISTRITO DE NASCA DE LA PROVINCIA DE NASCA DEL DEPARTAMENTO DE ICA;76995;PEN;15;Concurso Público Abreviado;services;Mediana competencia
1201797;20190685013;MUNICIPALIDAD DISTRITAL DE JOSE GALVEZ;CAJAMARCA;CELENDIN;MEJORAMIENTO Y AMPLIACION DE LOS SERVICIOS PÚBLICOS DE INTEGRACIÓN ECONÓMICA Y SOCIAL EN CONSTRUCCIÓN DE LOSA DEPORTIVA EN EL CASERÍO CHAQUIL   DISTRITO DE JOSE GALVEZ DE LA PROVINCIA DE CELENDIN DEL DEPARTAMENTO DE CAJAMARCA;66126.33;PEN;8;Concurso Público Abreviado;services;Baja competencia
1198745;20181438364;MUNICIPALIDAD PROVINCIAL DE EL COLLAO - ILAVE;PUNO;EL COLLAO;"REPARACION DE PAVIMENTO; EN EL(LA) AV. EJERCITO (3RA A 9NA CUADRA), JIRÓN 02 DE MAYO (4TA A 7MA CUADRA) Y JIRÓN 28 DE JULIO (8VA Y 9NA CUADRA) A NIVEL DE PAVIMENTO FLEXIBLE EN LA CIUDAD DE ILAVE DEL  DISTRITO DE ILAVE, PROVINCIA EL COLLAO, DEPARTAMENTO PUNO";171400;PEN;9;Subasta Inversa Electrónica;goods;Baja competencia
1194168;20203823259;MUNICIPALIDAD DISTRITAL DE TABACONAS;CAJAMARCA;SAN IGNACIO;CREACION DEL SERVICIO DE PRÁCTICA DEPORTIVA Y/O RECREATIVA EN EL ESTADIO MUNICIPAL TAMBORAPA PUEBLO  DE CENTRO POBLADO TAMBORAPA PUEBLO DISTRITO DE TABACONAS DE LA PROVINCIA DE SAN IGNACIO DEL DEPARTAMENTO DE CAJAMARCA;68000;PEN;9;Subasta Inversa Electrónica;goods;Baja competencia
1202136;20202656634;MUNICIPALIDAD DISTRITAL DE PUCARA - HUANCAYO;JUNIN;HUANCAYO;MEJORAMIENTO Y AMPLIACION DEL SISTEMA DE AGUA POTABLE Y CONSTRUCCIÓN DE SANEAMIENTO BÁSICO DE LOS CENTROS POBLADOS DE PUCA PUQUIO Y TALHUIS DEL DISTRITO DE PUCARA - PROVINCIA DE HUANCAYO - DEPARTAMENTO DE JUNIN;54126;PEN;11;Concurso Público Abreviado;services;Mediana competencia
1203143;20131365722;MUNICIPALIDAD DISTRITAL DE LA MOLINA;LIMA;LIMA;MEJORAMIENTO DEL SERVICIO DE MOVILIDAD URBANA EN EN  LAS CALLES INTERNAS DEL ASENTAMIENTO HUMANO ESPALDA MINI COMPLEJO  DE CENTRO POBLADO LA MOLINA DISTRITO DE LA MOLINA DE LA PROVINCIA DE LIMA DEL DEPARTAMENTO DE LIMA;91389.21;PEN;15;Concurso Público Abreviado;services;Mediana competencia
1192386;20527147612;GOBIERNO REGIONAL DE CUSCO SEDE CENTRAL;CUSCO;CUSCO;MEJORAMIENTO Y AMPLIACION DE LOS SERVICIOS DE SALUD DEL ESTABLECIMIENTO DE SALUD DE BELEMPAMPA - DISTRITO DE SANTIAGO - PROVINCIA DE CUSCO - REGION CUSCO;81585;PEN;6;Comparación de Precios;goods;Baja competencia
1199492;20166727422;MUNICIPALIDAD DISTRITAL DE CHUGUR;CAJAMARCA;HUALGAYOC;MEJORAMIENTO Y AMPLIACION DE LOS SERVICIOS DE APOYO AL DESARROLLO PRODUCTIVO EN INOCUIDAD AGROPECUARIA PARA EL DESARROLLO DE LA PRODUCCIÓN Y PRODUCTIVIDAD DE LA GANADERÍA LECHERA   DISTRITO DE CHUGUR DE LA PROVINCIA DE HUALGAYOC DEL DEPARTAMENTO DE CAJAMARCA;170120;PEN;7;Licitación Pública Abreviada;goods;Baja competencia
1194249;20154477374;MUNICIPALIDAD PROVINCIAL DE PIURA;PIURA;PIURA;CREACION DEL SERVICIOS DE ESPACIOS PÚBLICOS URBANOS EN LAS AREAS RECREATIVAS DE LA URBANIZACION LOS JAZMINES DEL   DISTRITO DE PIURA DE LA PROVINCIA DE PIURA DEL DEPARTAMENTO DE PIURA;1039144.14;PEN;15;Licitación Pública Abreviada;works;Mediana competencia
1198671;20452393493;GOBIERNO REGIONAL DE AYACUCHO SEDE CENTRAL;AYACUCHO;HUAMANGA;MEJORAMIENTO DE LOS SERVICIOS EDUCATIVOS EN LA INSTITUCION EDUCATIVA PUBLICA MARIA AUXILIADORA, DISTRITO HUANTA, PROVINCIA DE HUANTA - AYACUCHO;170334;PEN;39;Licitación Pública Abreviada;goods;Alta competencia
1193650;20406325815;GOBIERNO REGIONAL DE PUNO SEDE CENTRAL;PUNO;PUNO;MEJORAMIENTO DE LOS SERVICIOS DE APOYO AL DESARROLLO PRODUCTIVO EN 19 UNIDADES PRODUCTORAS 19 DISTRITOS DE 7 PROVINCIAS DEL DEPARTAMENTO DE PUNO;629806.67;PEN;8;Concurso Público de Servicios;services;Baja competencia
1196370;20601625017;MUNICIPALIDAD DISTRITAL DE MEGANTONI;CUSCO;LA CONVENCION;MEJORAMIENTO Y AMPLIACION DEL SERVICIO DE SANEAMIENTO BÁSICO INTEGRAL DE LA COMUNIDAD NATIVA DE PUERTO HUALLANA, DEL  DISTRITO DE MEGANTONI - PROVINCIA DE LA CONVENCION - DEPARTAMENTO DE CUSCO;841644;PEN;30;Concurso Público Abreviado;services;Alta competencia
1199567;20187459258;MUNICIPALIDAD PROVINCIAL DE LA CONVENCION - SANTA ANA;CUSCO;LA CONVENCION;MEJORAMIENTO DEL CEMENTERIO GENERAL DE LA CIUDAD DE QUILLABAMBA, DISTRITO DE SANTA ANA, PROVINCIA DE LA CONVENCION - CUSCO;155250;PEN;11;Subasta Inversa Electrónica;goods;Mediana competencia
1200752;20527147612;GOBIERNO REGIONAL DE CUSCO SEDE CENTRAL;CUSCO;CUSCO;MEJORAMIENTO Y AMPLIACION DEL SISTEMA DE AGUA POTABLE Y DESAGUE  EN EL CENTRO POBLADO DE HUARO, DISTRITO DE HUARO, PROVINCIA DE QUISPICANCHI - CUSCO;153000;PEN;14;Subasta Inversa Electrónica;goods;Mediana competencia
1201748;20393066386;GOBIERNO REGIONAL DE UCAYALI SEDE CENTRAL;UCAYALI;CORONEL PORTILLO;FORTALECIMIENTO DE LOS SERVICIOS DE SALUD DEL HOSPITAL REGIONAL DE PUCALLPA - REGION UCAYALI;375596541.7;PEN;1;Contratación Directa;works;Baja competencia
1200872;20282911915;MUNICIPALIDAD DISTRITAL DE NUEVO CHIMBOTE;ANCASH;SANTA;"CONSTRUCCION DE ALAMEDA; EN EL(LA) PANAMERICANA NORTE DESDE LA AVENIDA AVIACION HASTA AVENIDA 2 DEL  DISTRITO DE NUEVO CHIMBOTE, PROVINCIA SANTA, DEPARTAMENTO ANCASH";101976.85;PEN;10;Concurso Público Abreviado;services;Mediana competencia
1196297;20220499767;MUNICIPALIDAD PROVINCIAL DE CHOTA;CAJAMARCA;CHOTA;MEJORAMIENTO DEL SERVICIO DE MOVILIDAD URBANA EN EL PASAJE SANTOS SALDAÑA,   DISTRITO DE CHOTA DE LA PROVINCIA DE CHOTA DEL DEPARTAMENTO DE CAJAMARCA;185344.54;PEN;14;Licitación Pública Abreviada;works;Mediana competencia
1192791;20221107137;GOBIERNO REGIONAL DE PUNO-AGRICULTURA;PUNO;PUNO;MEJORAMIENTO DE CAPACIDADES PRODUCTIVAS PARA PROMOVER LA SEGURIDAD ALIMENTARIA EN LA REACTIVACIÓN  ECONÓMICA DE LAS 13 PROVINCIAS DEL DEPARTAMENTO DE PUNO;261300;PEN;31;Licitación Pública Abreviada;goods;Alta competencia
1199254;20185607802;MUNICIPALIDAD DISTRITAL DE MARIA;AMAZONAS;LUYA;MEJORAMIENTO DE LOS SERVICIOS EDUCATIVOS DE LA I.E DEL NIVEL SECUNDARIO HORACIO ZEVALLOS GAMES DE LA LOCALIDAD DE MARIA, DISTRITO DE MARIA - LUYA - AMAZONAS;19429377.95;PEN;14;Licitación Pública;works;Mediana competencia
1195606;20166544000;MUNICIPALIDAD DISTRITAL DE SAN MARCOS;ANCASH;HUARI;CREACION DE LOS SERVICIOS OPERATIVOS O MISIONALES INSTITUCIONALES EN EL LOCAL COMUNAL MULTIUSOS DEL BARRIO BELLAVISTA HUAMANIN  DE CENTRO POBLADO HUARIPAMPA ALTO DISTRITO DE SAN MARCOS DE LA PROVINCIA DE HUARI DEL DEPARTAMENTO DE ANCASH;2707372.35;PEN;4;Licitación Pública Abreviada;works;Baja competencia
1200093;20481036420;MUNICIPALIDAD DISTRITAL DE ALTO TRUJILLO;LA LIBERTAD;TRUJILLO;MEJORAMIENTO DEL SERVICIO DE TRANSITABILIDAD VEHICULAR Y PEATONAL EN LAS CALLES DEL AA.HH. ALTO TRUJILLO BARRIO 7,  DISTRITO DE EL PORVENIR - PROVINCIA DE TRUJILLO - DEPARTAMENTO DE LA LIBERTAD;112302.45;PEN;13;Concurso Público Abreviado;services;Mediana competencia
1197496;20148260843;MUNICIPALIDAD PROVINCIAL DE HUALGAYOC - BAMBAMARCA;CAJAMARCA;HUALGAYOC;"CONSTRUCCION DE COBERTURA DE INSTALACIONES DEPORTIVAS; EN EL(LA) I.E. 82671 CENTRO POBLADO EL TAMBO DISTRITO DE BAMBAMARCA, PROVINCIA HUALGAYOC, DEPARTAMENTO CAJAMARCA";492813.3;PEN;8;Licitación Pública Abreviada;works;Baja competencia
1192802;20154440373;MUNICIPALIDAD PROVINCIAL DE CAÑETE - SAN VICENTE DE CAÑETE;LIMA;CAÑETE;"ADQUISICION DE SISTEMA DE VIDEO VIGILANCIA; EN EL(LA) SERVICIO DE SEGURIDAD CIUDADANA LOCAL  DISTRITO DE SANTA CRUZ DE FLORES, PROVINCIA CAÑETE, DEPARTAMENTO LIMA";348810.34;PEN;19;Licitación Pública Abreviada;goods;Mediana competencia
1202156;20206591499;MUNICIPALIDAD DISTRITAL DE CHINGALPO;ANCASH;SIHUAS;MEJORAMIENTO Y AMPLIACION DEL SERVICIO DE PROVISIÓN DE AGUA PARA RIEGO EN EL SECTOR UTUTO EN LA LOCALIDAD DE RAYAN DEL   DISTRITO DE CHINGALPO DE LA PROVINCIA DE SIHUAS DEL DEPARTAMENTO DE ANCASH;741295.04;PEN;8;Licitación Pública Abreviada;works;Baja competencia
1196415;20477936882;PROGRAMA DE DESARROLLO PRODUCTIVO AGRARIO RURAL - AGRO RURAL;LIMA;LIMA;MEJORAMIENTO DE LOS SERVICIOS DE COBERTURA  PARA LA COMPETITIVIDAD DE PRODUCTORES DE CUYES DE LAS REGIONES DE  CAJAMARCA, LIMA, CUSCO, ANCASH, JUNÍN, APURÍMAC Y AREQUIPA. 6 DEPARTAMENTOS;470573.23;PEN;24;Licitación Pública Abreviada;works;Alta competencia
1194546;20368105563;MUNICIPALIDAD DISTRITAL DE PUEBLO NUEVO - ICA;ICA;ICA;MEJORAMIENTO DEL SERVICIO DE MOVILIDAD URBANA EN LA CALLE BELLA VISTA  DE CENTRO POBLADO PUEBLO NUEVO DISTRITO DE PUEBLO NUEVO DE LA PROVINCIA DE ICA DEL DEPARTAMENTO DE ICA;598389.28;PEN;24;Licitación Pública Abreviada;works;Alta competencia
1193763;20489252270;GOBIERNO REGIONAL DE PASCO SEDE CENTRAL;PASCO;PASCO;MEJORAMIENTO Y AMPLIACION DEL SERVICIO DE AGUA POTABLE RURAL Y MEJORAMIENTO Y AMPLIACION DEL SERVICIO DE ALCANTARILLADO U OTRAS FORMAS DE DISPOSICIÓN SANITARIA DE EXCRETAS EN LA LOCALIDAD DE HUACHON   DISTRITO DE HUACHON DE LA PROVINCIA DE PASCO DEL DEPARTAMENTO DE PASCO;202870.64;PEN;9;Concurso Público Abreviado;services;Baja competencia
1200126;20194735384;MUNICIPALIDAD PROVINCIAL DE JORGE BASADRE - LOCUMBA;TACNA;JORGE BASADRE;CREACION DEL SERVICIO DE MOVILIDAD URBANA EN LA LOCALIDAD DE ALTO CAMIARA DEL   DISTRITO DE LOCUMBA DE LA PROVINCIA DE JORGE BASADRE DEL DEPARTAMENTO DE TACNA;394262.94;PEN;7;Subasta Inversa Electrónica;goods;Baja competencia
1191394;20159515240;MUNICIPALIDAD DISTRITAL DE CERRO COLORADO;AREQUIPA;AREQUIPA;CREACION DEL SERVICIO EDUCATIVO EN LA I.E.I. JORGE CHAVEZ DE LA ASOCIACION DE VIVIENDA JORGE CHAVEZ, DISTRITO DE CERRO COLORADO - AREQUIPA - AREQUIPA;5263512.7;PEN;36;Licitación Pública;works;Alta competencia
1194157;20177217043;MUNICIPALIDAD PROVINCIAL DEL CUSCO;CUSCO;CUSCO;MEJORAMIENTO DEL SERVICIO DE TRANSITABILIDAD VEHICULAR Y PEATONAL EN LA AVENIDA HUANACAURI DE LA COMUNIDAD CAMPESINA DE PILLAO MATAO DEL DISTRITO DE SAN JERONIMO - PROVINCIA DE CUSCO - DEPARTAMENTO DE CUSCO;250000;PEN;9;Subasta Inversa Electrónica;goods;Baja competencia
1197463;20178082141;MUNICIPALIDAD DISTRITAL DE IMAZA;AMAZONAS;BAGUA;"CONSTRUCCION DE AMBIENTE DE RESIDENCIA; EN EL(LA) I.E. 16729 EN LA LOCALIDAD WAWAS, DISTRITO DE IMAZA, PROVINCIA BAGUA, DEPARTAMENTO AMAZONAS";2376691.15;PEN;7;Licitación Pública Abreviada;works;Baja competencia
1193718;20154442155;MUNICIPALIDAD DISTRITAL DE ACOBAMBILLA;HUANCAVELICA;HUANCAVELICA;CREACION DEL SERVICIO DEPORTIVO EN LA LOCALIDAD DE PAMPAHUASI DEL DISTRITO DE ACOBAMBILLA - PROVINCIA DE HUANCAVELICA - DEPARTAMENTO DE HUANCAVELICA;521257.59;PEN;4;Licitación Pública Abreviada;works;Baja competencia
1199217;20165191464;MUNICIPALIDAD DISTRITAL DE KELLUYO;PUNO;CHUCUITO;MEJORAMIENTO DE LOS SERVICIOS DE APOYO AL DESARROLLO PRODUCTIVO EN CADENA PRODUCTIVA DE BOVINOS DE LA ZONA ARACACHI Y MEDIA   DISTRITO DE KELLUYO DE LA PROVINCIA DE CHUCUITO DEL DEPARTAMENTO DE PUNO;208800;PEN;6;Licitación Pública Abreviada;goods;Baja competencia
1196058;20162161866;MUNICIPALIDAD DISTRITAL DE OLLACHEA;PUNO;CARABAYA;MEJORAMIENTO DEL SERVICIO DE PRÁCTICA DEPORTIVA Y/O RECREATIVA EN ESTADIO CENTRO POBLADO DE QUICHO   DISTRITO DE OLLACHEA DE LA PROVINCIA DE CARABAYA DEL DEPARTAMENTO DE PUNO;59995;PEN;3;Comparación de Precios;services;Baja competencia
1199945;20189975920;GOBIERNO REGIONAL DE CUSCO - DIRECCION REGIONAL DE TRANSPORTES Y COMUNICACIONES CUSCO;CUSCO;CUSCO;MEJORAMIENTO DE LA TRANSITABILIDAD VEHICULAR DE LA CARRETERA VECINAL CU - 1778, EN EL TRAMO, DESVIO PE-34F (EL DESCANSO) - SAUSAYA -EMPALME CU-130 (PUMAHUARCO), EN LOS DISTRITOS DE KUNTURKANKI Y CHECCA DE LA  PROVINCIA DE CANAS - DEPARTAMENTO DE CUSCO;175466.67;PEN;21;Concurso Público Abreviado;services;Alta competencia
1198400;20170026609;MUNICIPALIDAD DISTRITAL DE LA ENCAÑADA;CAJAMARCA;CAJAMARCA;"ADQUISICION DE TERRENO; EN EL(LA) MERCADO DE ABASTOS EN EL CASERIO EL PORVENIR EN EL CENTRO POBLADO COMBAYO, DISTRITO DE ENCAÑADA, PROVINCIA CAJAMARCA, DEPARTAMENTO CAJAMARCA";96764.59;PEN;1;Contratación Directa;goods;Baja competencia
1192795;20519610214;MUNICIPALIDAD DISTRITAL DE CORONEL GREGORIO ALBARRACIN LANCHIPA;TACNA;TACNA;MEJORAMIENTO DEL SERVICIOS DE ESPACIOS PÚBLICOS URBANOS EN LA PLAZA CÍVICA DE LA ASOCIACIÓN DE VIVIENDA VISTA ALEGRE   DISTRITO DE CORONEL GREGORIO ALBARRACIN LANCHIPA DE LA PROVINCIA DE TACNA DEL DEPARTAMENTO DE TACNA;362833.95;PEN;11;Concurso Público Abreviado;services;Mediana competencia
1195178;20141897935;MUNICIPALIDAD PROVINCIAL DE SANCHEZ CARRION - HUAMACHUCO;LA LIBERTAD;SANCHEZ CARRION;CREACION DEL SERVICIO DE MOVILIDAD URBANA EN TRAMO DE LA VÍA DE CIRCUNVALACIÓN Y ACCESO A LAS PAMPAS DE PURRUMPAMPA EN LA JUNTA VECINAL N°09,   DISTRITO DE HUAMACHUCO DE LA PROVINCIA DE SANCHEZ CARRION DEL DEPARTAMENTO DE LA LIBERTAD;283352.23;PEN;19;Concurso Público Abreviado;services;Mediana competencia
1199606;20226560824;MUNICIPALIDAD DISTRITAL DE CCATCCA;CUSCO;QUISPICANCHI;MEJORAMIENTO Y AMPLIACION DEL SERVICIO DE EDUCACIÓN SECUNDARIA EN I.E. LUIS NAVARRETE LECHUGA  DE CENTRO POBLADO CCATCCAPAMPA DISTRITO DE CCATCA DE LA PROVINCIA DE QUISPICANCHI DEL DEPARTAMENTO DE CUSCO;98220;PEN;3;Comparación de Precios;goods;Baja competencia
1196358;20145496170;UNIVERSIDAD NACIONAL DEL ALTIPLANO;PUNO;PUNO;MEJORAMIENTO DEL SERVICIO DE FORMACIÓN DE PREGRADO EN EDUCACIÓN SUPERIOR UNIVERSITARIA EN LA ESCUELA PROFESIONAL DE CIENCIAS DE LA COMUNICACIÓN SOCIAL DE LA UNIVERSIDAD NACIONAL DEL ALTIPLANO,   DISTRITO DE PUNO DE LA PROVINCIA DE PUNO DEL DEPARTAMENTO DE PUNO;570019;PEN;9;Subasta Inversa Electrónica;goods;Baja competencia
1201357;20154432516;MUNICIPALIDAD DISTRITAL DE SANTIAGO - CUSCO;CUSCO;CUSCO;"CREACION DEL SERVICIO DE MOVILIDAD URBANA ENTRE LAS APVS; ARAWAY, INTIRAYMI, EL SOLAR Y QOSQO KAWARINA  DISTRITO DE SANTIAGO - PROVINCIA DE CUSCO - DEPARTAMENTO DE CUSCO";242880;PEN;2;Subasta Inversa Electrónica;goods;Baja competencia
1201757;20133696742;MUNICIPALIDAD DISTRITAL DE EL TAMBO;JUNIN;HUANCAYO;CREACION DEL SERVICIO DE MOVILIDAD URBANA EN BARRIO AQUINO DEL ANEXO DE BATANYACU   DISTRITO DE EL TAMBO DE LA PROVINCIA DE HUANCAYO DEL DEPARTAMENTO DE JUNIN;105600;PEN;7;Concurso Público Abreviado;services;Baja competencia
1197174;20406325815;GOBIERNO REGIONAL DE PUNO SEDE CENTRAL;PUNO;PUNO;MEJORAMIENTO DE LA CAPACIDAD RESOLUTIVA DEL CENTRO DE SALUD COATA I-3 DE LA MICRORED JAE, RED DE SALUD PUNO - DIRESA PUNO, , - DISTRITO DE COATA - PROVINCIA DE PUNO - REGIÓN PUNO;41596756.45;PEN;4;Licitación Pública Abreviada;works;Baja competencia
1196291;20140266575;GOBIERNO REGIONAL DE CUSCO - PROYECTO ESPECIAL PLAN MERISS INKA;CUSCO;CUSCO;MEJORAMIENTO Y AMPLIACION SISTEMA DE RIEGO UYUCANI Y HUALLO DEL DISTRITO DE MARANGANI - PROVINCIA DE CANCHIS - DEPARTAMENTO DE CUSCO;73237.5;PEN;17;Subasta Inversa Electrónica;goods;Mediana competencia
1201574;20201520364;MUNICIPALIDAD DISTRITAL DE MARA;APURIMAC;COTABAMBAS;MEJORAMIENTO DE LOS SERVICIOS OPERATIVOS O MISIONALES INSTITUCIONALES EN INFRAESTRUCTURA DEL PALACIO MUNICIPAL DEL CENTRO POBLADO DE PISACCASA   DISTRITO DE MARA DE LA PROVINCIA DE COTABAMBAS DEL DEPARTAMENTO DE APURIMAC;119000;PEN;9;Subasta Inversa Electrónica;goods;Baja competencia
1200712;20201520364;MUNICIPALIDAD DISTRITAL DE MARA;APURIMAC;COTABAMBAS;CREACION DEL SERVICIO DE PRÁCTICA DEPORTIVA Y/O RECREATIVA EN CENTRO POBLADO DE APUMARCA   DISTRITO DE MARA DE LA PROVINCIA DE COTABAMBAS DEL DEPARTAMENTO DE APURIMAC;78050;PEN;9;Subasta Inversa Electrónica;goods;Baja competencia
1194601;20177427285;MUNICIPALIDAD DISTRITAL DE COTABAMBAS;APURIMAC;COTABAMBAS;"CONSTRUCCION DE AMBIENTE DE MANTENIMIENTO DE EQUIPOS Y VEHICULOS Y CERCO PERIMETRICO; ADQUISICION DE EQUIPOS COMPLEMENTARIOS; REPARACION DE VEHICULO; EN EL(LA) AREA DE EQUIPO MECANICO  DISTRITO DE COTABAMBAS, PROVINCIA COTABAMBAS, DEPARTAMENTO APURIMAC";99643.33;PEN;17;Subasta Inversa Electrónica;goods;Mediana competencia
1199726;20600004001;PROYECTO ESPECIAL DE DESARROLLO DEL VALLE DE LOS RÍO APURIMAC, ENE Y MANTARO- PROVRAEM;AYACUCHO;LA MAR;"MEJORAMIENTO Y AMPLIACION DE LAS CAPACIDADES PRODUCTIVAS AGROPECUARIAS PARA LA DIVERSIFICACIÓN PRODUCTIVA CON ENFOQUE FAMILIAR EN LAS COMUNIDADES NATIVAS DE LA PROVINCIA DE HUANTA DEL DEPARTAMENTO DE AYACUCHO; LA PROVINCIA DE LA CONVENCION DEL DEPARTAMENTO DE CUSCO Y LA PROVINCIA DE SATIPO DEL DEPARTAMENTO DE JUNIN";170820;PEN;11;Licitación Pública Abreviada;goods;Mediana competencia
1199120;20452393493;GOBIERNO REGIONAL DE AYACUCHO SEDE CENTRAL;AYACUCHO;HUAMANGA;MEJORAMIENTO DE LA CARRETERA CON ASFALTO TRAMO CENTRO POBLADO DE CARMEN ALTO - DISTRITO DE CARMEN ALTO - PROVINCIA DE HUAMANGA - REGIÓN AYACUCHO, CENTRO POBLADO DE YANAMA - DISTRITO DE CARMEN ALTO - PROVINCIA DE HUAMANGA - REGIÓN AYACUCHO;350216.67;PEN;33;Concurso Público Abreviado;services;Alta competencia
1193107;20498390570;GOBIERNO REGIONAL DE AREQUIPA Sede Central;AREQUIPA;AREQUIPA;MEJORAMIENTO DE LOS SERVICIOS DE SALUD DEL ESTABLECIMIENTO DE SALUD DE CHALA, DISTRITO DE CHALA, PROVINCIA DE CARAVELI - REGIÓN AREQUIPA;11783550.79;PEN;23;Licitación Pública Abreviada - Ley N°31589;works;Alta competencia
1201420;20131369477;INSTITUTO TECNOLOGICO DE LA PRODUCCION;LIMA;LIMA;MEJORAMIENTO DE LOS SERVICIOS TECNOLOGICOS DEL CENTRO DE INNOVACION TECNOLOGICA DEL CUERO, CALZADO E INDUSTRIAS CONEXAS (CITECCAL) DISTRITO RIMAC, PROVINCIA Y DEPARTAMENTO DE LIMA;92000;PEN;7;Licitación Pública Abreviada;goods;Baja competencia
1198753;20527147612;GOBIERNO REGIONAL DE CUSCO SEDE CENTRAL;CUSCO;CUSCO;RECUPERACION DEL USO SOSTENIBLE DE LA AGROBIODIVERSIDAD EN LOS CULTIVOS ANDINOS DE LA PAPA, OCA, MASHUA, OLLUCO, MAÍZ, TARWI, QUINÚA, CCAÑIHUA, FRIJOL, KIWICHA  (ANTA, PARURO, CANAS Y ACOMAYO) EN 4 PROVINCIAS DEL DEPARTAMENTO DE CUSCO;134365;PEN;17;Subasta Inversa Electrónica;goods;Mediana competencia
1192729;20519610214;MUNICIPALIDAD DISTRITAL DE CORONEL GREGORIO ALBARRACIN LANCHIPA;TACNA;TACNA;CREACION DEL PARQUE RECREATIVO EN LA ASOCIACIÓN DE VIVIENDA VILLA COLONIAL, DISTRITO DE CORONEL GREGORIO ALBARRACIN LANCHIPA - TACNA - TACNA;316237.59;PEN;12;Concurso Público Abreviado;services;Mediana competencia
1196294;20490338773;GOBIERNO REGIONAL DE APURIMAC-GERENCIA SUBREGIONAL CHINCHEROS;APURIMAC;CHINCHEROS;MEJORAMIENTO DE LOS SERVICIOS DE EDUCACION PRIMARIA DE LA I.E.P.M. N 54225 DEL CENTRO POBLADO DE TOTORABAMBA, DISTRITO DE ANCO_HUALLO - CHINCHEROS - APURIMAC;620096.48;PEN;48;Concurso Público de Servicios;services;Alta competencia
1197427;20437300705;GOBIERNO REGIONAL DE LAMBAYEQUE-HOSPITAL BELEN - LAMBAYEQUE;LAMBAYEQUE;LAMBAYEQUE;"ADQUISICION DE MAQUINA DE ANESTESIA, MESA DE OPERACIONES HIDRAULICA/ELECTRICA, COCHE DE PARO Y LAMPARA CIALITICA; ADEMÁS DE OTROS ACTIVOS EN EL(LA) HOSPITAL BELEN - LAMBAYEQUE  DISTRITO DE LAMBAYEQUE, PROVINCIA LAMBAYEQUE, DEPARTAMENTO LAMBAYEQUE";3986467;PEN;11;Licitación Pública;goods;Mediana competencia
1202073;20393066386;GOBIERNO REGIONAL DE UCAYALI SEDE CENTRAL;UCAYALI;CORONEL PORTILLO;MEJORAMIENTO DE CAPACIDADES EN LA GESTIÓN DEL ORDENAMIENTO DEL TERRITORIO EN  LAS 4 PROVINCIAS DEL DEPARTAMENTO DE UCAYALI;945000;PEN;11;Concurso Público Abreviado;services;Mediana competencia
1201947;20181709066;MUNICIPALIDAD PROVINCIAL DE CHUMBIVILCAS - SANTO TOMAS;CUSCO;CHUMBIVILCAS;MEJORAMIENTO DE LOS SERVICIOS DE APOYO AL DESARROLLO PRODUCTIVO EN LA CADENA PRODUCTIVA DE VACUNOS EN LAS COMUNIDADES DEL   DISTRITO DE SANTO TOMAS DE LA PROVINCIA DE CHUMBIVILCAS DEL DEPARTAMENTO DE CUSCO;84695;PEN;3;Comparación de Precios;goods;Baja competencia
1195115;20159308961;MUNICIPALIDAD DISTRITAL DE SAN SEBASTIAN;CUSCO;CUSCO;MEJORAMIENTO DEL SERVICIO DE MOVILIDAD URBANA EN LA APV MIRADOR SANTA ROSA   DISTRITO DE SAN SEBASTIAN DE LA PROVINCIA DE CUSCO DEL DEPARTAMENTO DE CUSCO;191187.5;PEN;9;Subasta Inversa Electrónica;goods;Baja competencia
1200166;20154601211;MUNICIPALIDAD DISTRITAL DE YURUA;UCAYALI;ATALAYA;MEJORAMIENTO DEL SERVICIO DE LIMPIEZA PÚBLICA EN EL  DISTRITO  DE YURUA  DE CENTRO POBLADO BREU DISTRITO DE YURUA DE LA PROVINCIA DE ATALAYA DEL DEPARTAMENTO DE UCAYALI;226050;PEN;2;Subasta Inversa Electrónica;goods;Baja competencia
1192705;20221150733;MUNICIPALIDAD DISTRITAL DE YARABAMBA;AREQUIPA;AREQUIPA;MEJORAMIENTO DEL SERVICIO DE APOYO AL DESARROLLO PRODUCTIVO EN LA CRIANZA DE ANIMALES MENORES  DISTRITO DE YARABAMBA - PROVINCIA DE AREQUIPA - DEPARTAMENTO DE AREQUIPA;209440;PEN;15;Licitación Pública Abreviada;goods;Mediana competencia
1199508;20171725144;MUNICIPALIDAD PROVINCIAL DE HUANCAVELICA;HUANCAVELICA;HUANCAVELICA;MEJORAMIENTO Y AMPLIACION DEL SERVICIO DE LIMPIEZA PÚBLICA EN LAS CIUDADES DEL DISTRITO DE ASCENSION Y   DISTRITO DE HUANCAVELICA DE LA PROVINCIA DE HUANCAVELICA DEL DEPARTAMENTO DE HUANCAVELICA;350000;PEN;5;Concurso Público Abreviado;services;Baja competencia
1195472;20195499765;MUNICIPALIDAD DISTRITAL DE OCONGATE;CUSCO;QUISPICANCHI;MEJORAMIENTO DE LOS SERVICIOS DE APOYO AL DESARROLLO PRODUCTIVO EN EL PROCESO DE PRODUCCIÓN, TRANSFORMACIÓN Y COMERCIALIZACIÓN DE FIBRA, PIEL Y CARNE DE ALPACA EN LAS COMUNIDADES CAMPESINAS DEL   DISTRITO DE OCONGATE DE LA PROVINCIA DE QUISPICANCHI DEL DEPARTAMENTO DE CUSCO;112000;PEN;37;Licitación Pública Abreviada;goods;Alta competencia
1201770;20201520364;MUNICIPALIDAD DISTRITAL DE MARA;APURIMAC;COTABAMBAS;MEJORAMIENTO Y AMPLIACION DEL SERVICIO DE AGUA POTABLE RURAL Y AMPLIACION DEL SERVICIO DE ALCANTARILLADO U OTRAS FORMAS DE DISPOSICIÓN SANITARIA DE EXCRETAS EN SECTOR PAMPAPAMPA   DISTRITO DE MARA DE LA PROVINCIA DE COTABAMBAS DEL DEPARTAMENTO DE APURIMAC;56775;PEN;10;Subasta Inversa Electrónica;goods;Mediana competencia
1196541;20202591591;MUNICIPALIDAD DISTRITAL DE MORONA;LORETO;DATEM DEL MARAÑON;MEJORAMIENTO DEL SERVICIO DE ATENCIÓN DE SALUD BÁSICOS EN SAN JUAN DEL MORONA  DE CENTRO POBLADO SAN JUAN DEL MORONA DISTRITO DE MORONA DE LA PROVINCIA DE DATEM DEL MARAÑON DEL DEPARTAMENTO DE LORETO;8338588.59;PEN;7;Licitación Pública;works;Baja competencia
1197349;20221090498;MUNICIPALIDAD DISTRITAL DE GORGOR;LIMA;CAJATAMBO;"REPARACION DE CERCO PERIMETRICO; EN EL(LA) CEMENTERIO DEL CENTRO POBLADO DE NUNUMIA,  DISTRITO DE GORGOR, PROVINCIA CAJATAMBO, DEPARTAMENTO LIMA";151625.01;PEN;14;Licitación Pública Abreviada;works;Mediana competencia
1200717;20201520364;MUNICIPALIDAD DISTRITAL DE MARA;APURIMAC;COTABAMBAS;MEJORAMIENTO DE LOS SERVICIOS OPERATIVOS O MISIONALES INSTITUCIONALES EN INFRAESTRUCTURA DEL SALON COMUNAL DE USOS MULTIPLES DE LA COMUNIDAD DE CHACAMACHAY DEL   DISTRITO DE MARA DE LA PROVINCIA DE COTABAMBAS DEL DEPARTAMENTO DE APURIMAC;90965;PEN;16;Subasta Inversa Electrónica;goods;Mediana competencia
1192798;20148170933;MUNICIPALIDAD PROVINCIAL DE RIOJA;SAN MARTIN;RIOJA;MEJORAMIENTO DEL SERVICIO DE MOVILIDAD URBANA EN VIAS LOCALES DEL JR. ARICA CUADRAS 05 AL 11, JR. LUIS LINARES CUADRAS 06 AL 13, JR. DOS DE MAYO CUADRAS 11 AL 13, JR. ANDRES MORI CUADRA 04, JR. TACNA CUADRAS 10 AL 13, JR. A. GRAU CUADRAS 10 Y 11 , JR. FAUSTINO MALDONADO CUADRAS 10 AL 12, JR. BOLOGNESI CUADRAS 10 Y 11, JR. MATILDE DEL AGUILA CUADRAS 08 AL 09 Y PASAJE ARICA CUADRA 01, DE LA CIUDAD DE RIOJA,   DISTRITO DE RIOJA DE LA PROVINCIA DE RIOJA DEL DEPARTAMENTO DE SAN MARTIN;408346.59;PEN;19;Concurso Público Abreviado;services;Mediana competencia
1200185;20197978725;MUNICIPALIDAD DISTRITAL DE TROMPETEROS;LORETO;LORETO;MEJORAMIENTO Y AMPLIACION DEL SERVICIO DE EDUCACIÓN INICIAL EN I.E. 373  DE CENTRO POBLADO VILLA TROMPETEROS DISTRITO DE TROMPETEROS DE LA PROVINCIA DE LORETO DEL DEPARTAMENTO DE LORETO;156022.22;PEN;3;Concurso Público Abreviado;services;Baja competencia
1199209;20201602506;MUNICIPALIDAD DISTRITAL DE CHONTALI;CAJAMARCA;JAEN;CREACION DEL SERVICIO DE TRANSITABILIDAD VIAL INTERURBANA EN VIA VECINAL TRAMO LA PRIMAVERA - CERRO EL PARAMO   DISTRITO DE CHONTALI DE LA PROVINCIA DE JAEN DEL DEPARTAMENTO DE CAJAMARCA;86050;PEN;3;Concurso Público Abreviado;services;Baja competencia
1200499;20154432516;MUNICIPALIDAD DISTRITAL DE SANTIAGO - CUSCO;CUSCO;CUSCO;MEJORAMIENTO DEL SERVICIO DE MOVILIDAD URBANA EN LAS VÍAS LOCALES DE LA AV. MICAELA BASTIDAS ENTRE COOP. VIV. ZARZUELA ALTA Y APV. KANTOC-CALLE EMILIANO HUAMANTICA, CALLE SURQUILLO-APV. GIRALDO RUIZ CARO Y CALLE MARIANO MELGAR ¿ COOP. FCO. BOLOGNESI   DISTRITO DE SANTIAGO DE LA PROVINCIA DE CUSCO DEL DEPARTAMENTO DE CUSCO;218440;PEN;4;Subasta Inversa Electrónica;goods;Baja competencia
1192779;20195408557;MUNICIPALIDAD PROVINCIAL DE ANTONIO RAYMONDI - LLAMELLIN;ANCASH;ANTONIO RAYMONDI;MEJORAMIENTO DEL SERVICIO DE PROVISIÓN DE AGUA PARA RIEGO EN EN EL SECTOR CHALLHUA Y SOCOS DEL   DISTRITO DE LLAMELLIN DE LA PROVINCIA DE ANTONIO RAYMONDI DEL DEPARTAMENTO DE ANCASH;240646.8;PEN;15;Concurso Público Abreviado;services;Mediana competencia
1197670;20146657142;MUNICIPALIDAD DISTRITAL DE SAN RAMON;JUNIN;CHANCHAMAYO;MEJORAMIENTO DEL SERVICIO DE EDUCACION BASICA ESPECIAL EN LA INSTITUCIÓN EDUCATIVA PRITE SAN RAMÓN,  DISTRITO DE SAN RAMON - PROVINCIA DE CHANCHAMAYO - DEPARTAMENTO DE JUNIN;486775.87;PEN;10;Licitación Pública Abreviada;works;Mediana competencia
1196623;20176710064;MUNICIPALIDAD DISTRITAL DE YAVARI;LORETO;MARISCAL RAMON CASTILLA;CREACION DEL SERVICIO DE SUMINISTRO ELÉCTRICO DOMICILIARIO EN ZONAS RURALES EN EL CENTRO POBLADO DE SAN SEBASTIAN   DISTRITO DE YAVARI DE LA PROVINCIA DE MARISCAL RAMON CASTILLA DEL DEPARTAMENTO DE LORETO;667288.54;PEN;4;Licitación Pública Abreviada;works;Baja competencia
1199139;20165195290;MUNICIPALIDAD PROVINCIAL DE SAN ROMAN - JULIACA;PUNO;SAN ROMAN;MEJORAMIENTO DE LOS SERVICIOS DE TRANSITABILIDAD VEHICULAR Y PEATONAL DE LOS JIRONES, CALLES Y PASAJES EN LAS URBANIZACIONES VILLA MERCEDES, SAN APOLINAR Y LOS KEÑUALES DE LA CIUDAD DE JULIACA, PROVINCIA DE SAN ROMAN - PUNO;50799;PEN;6;Subasta Inversa Electrónica;goods;Baja competencia
1200349;20185898343;GOBIERNO REGIONAL DE APURIMAC-CHANKA;APURIMAC;ABANCAY;MEJORAMIENTO Y AMPLIACION DEL SERVICIO DE PRÁCTICA DEPORTIVA Y/O RECREATIVA EN EL ESTADIO LOS CHANKAS   DISTRITO DE ANDAHUAYLAS DE LA PROVINCIA DE ANDAHUAYLAS DEL DEPARTAMENTO DE APURIMAC;477520;PEN;33;Concurso Público Abreviado;services;Alta competencia
1195048;20162361440;MUNICIPALIDAD PROVINCIAL DE PAITA;PIURA;PAITA;"REMODELACION DE CAMPO DEPORTIVO; EN EL(LA) PARTE BAJA DE LA ISLILLA;  DISTRITO DE PAITA, PROVINCIA PAITA, DEPARTAMENTO PIURA";1857627.21;PEN;12;Licitación Pública Abreviada;works;Mediana competencia
1196855;20498390570;GOBIERNO REGIONAL DE AREQUIPA Sede Central;AREQUIPA;AREQUIPA;MEJORAMIENTO DE LA INFRAESTRUCTURA VEHICULAR Y PEATONAL EN EL SECTOR 1 DEL ASENTAMIENTO URBANO MUNICIPAL HORACIO ZEBALLOS GÁMEZ, DISTRITO DE SOCABAYA - AREQUIPA - AREQUIPA;103477.5;PEN;5;Subasta Inversa Electrónica;goods;Baja competencia
1196589;20143660169;MUNICIPALIDAD DISTRITAL DE TOTOS;AYACUCHO;CANGALLO;CREACION DEL SERVICIO DE PRÁCTICA DEPORTIVA Y/O RECREATIVA EN LA LOSA MULTIUSO  DE CENTRO POBLADO VERACRUZ DISTRITO DE TOTOS DE LA PROVINCIA DE CANGALLO DEL DEPARTAMENTO DE AYACUCHO;55262.41;PEN;3;Comparación de Precios;goods;Baja competencia
1200400;20406325815;GOBIERNO REGIONAL DE PUNO SEDE CENTRAL;PUNO;PUNO;MEJORAMIENTO SERVICIO EDUCATIVO EN LA IES. 32 MARIANO H. CORNEJO DE LA LOCALIDAD DE JULIACA - DISTRITO DE JULIACA - PROVINCIA DE SAN ROMAN - REGIÓN PUNO;99722.4;PEN;3;Comparación de Precios;goods;Baja competencia
1198354;20204860409;MUNICIPALIDAD DISTRITAL DE DANIEL ALOMIA ROBLES;HUANUCO;LEONCIO PRADO;MEJORAMIENTO DE LOS SERVICIOS OPERATIVOS O MISIONALES INSTITUCIONALES EN EL LOCAL COMUNAL MULTIUSOS  DE CENTRO POBLADO ALTO PENDENCIA DISTRITO DE DANIEL ALOMIA ROBLES DE LA PROVINCIA DE LEONCIO PRADO DEL DEPARTAMENTO DE HUANUCO;165598.78;PEN;6;Licitación Pública Abreviada;works;Baja competencia
1200745;20490338773;GOBIERNO REGIONAL DE APURIMAC-GERENCIA SUBREGIONAL CHINCHEROS;APURIMAC;CHINCHEROS;MEJORAMIENTO DEL SERVICIO EDUCATIVO, PARA EL FORTALECIMIENTO DE LAS CAPACIDADES DE APRENDIZAJE DE LOS ESTUDIANTES DEL INSTITUTO DE EDUCACIÓN SUPERIOR TECNOLÓGICO PÚBLICO DE CHINCHEROS,  DISTRITO DE CHINCHEROS - PROVINCIA DE CHINCHEROS - DEPARTAMENTO DE APURIMAC;52000;PEN;10;Concurso Público Abreviado;services;Mediana competencia
1198559;20202510699;MUNICIPALIDAD DISTRITAL DE MARCAS;HUANCAVELICA;ACOBAMBA;MEJORAMIENTO DE LOS SERVICIOS DE ESPACIOS PÚBLICOS URBANOS EN EL PARQUE DE MARCAS,   DISTRITO DE MARCAS DE LA PROVINCIA DE ACOBAMBA DEL DEPARTAMENTO DE HUANCAVELICA;83985;PEN;16;Subasta Inversa Electrónica;goods;Mediana competencia
1199686;20218480269;MUNICIPALIDAD DISTRITAL DE LLUMPA;ANCASH;MARISCAL LUZURIAGA;CREACION DEL SERVICIO DE PROVISIÓN DE AGUA PARA RIEGO EN LA LOCALIDAD DE LLUMPA DEL   DISTRITO DE LLUMPA DE LA PROVINCIA DE MARISCAL LUZURIAGA DEL DEPARTAMENTO DE ANCASH;88000;PEN;11;Concurso Público Abreviado;services;Mediana competencia
1195247;20177217043;MUNICIPALIDAD PROVINCIAL DEL CUSCO;CUSCO;CUSCO;MEJORAMIENTO Y AMPLIACION DEL SERVICIO DE EDUCACIÓN SECUNDARIA EN I.E. CCORCA  DE CENTRO POBLADO CCORCA DISTRITO DE CCORCA DE LA PROVINCIA DE CUSCO DEL DEPARTAMENTO DE CUSCO;90000;PEN;33;Licitación Pública Abreviada;goods;Alta competencia
1211753;20146657142;MUNICIPALIDAD DISTRITAL DE SAN RAMON;JUNIN;CHANCHAMAYO;"CONSTRUCCION DE COBERTURA; EN EL(LA) I.E. 31695 - NUEVA VISTA  DISTRITO DE SAN RAMON, PROVINCIA CHANCHAMAYO, DEPARTAMENTO JUNIN,CONSTRUCCION DE COBERTURA; EN EL(LA) I.E. SANTO DOMINGO SAVIO  DISTRITO DE SAN RAMON, PROVINCIA CHANCHAMAYO, DEPARTAMENTO JUNIN,CONSTRUCCION DE COBERTURA; EN EL(LA) I.N.A. 18 SAN RAMON DEL  DISTRITO DE SAN RAMON, PROVINCIA CHANCHAMAYO, DEPARTAMENTO JUNIN,CONSTRUCCION DE COBERTURA; EN EL(LA) I.E. 332 DOMINGO SAVIO  DISTRITO DE SAN RAMON, PROVINCIA CHANCHAMAYO, DEPARTAMENTO JUNIN";1467720.1;PEN;9;Licitación Pública Abreviada;works;Baja competencia
1193834;20131369558;MUNICIPALIDAD PROVINCIAL DEL CALLAO;CALLAO;CALLAO;MEJORAMIENTO Y AMPLIACION DEL SERVICIO DE MOVILIDAD URBANA EN LA AV. LOS TOPÓGRAFOS Y AV. 225,   DISTRITO DE VENTANILLA DE LA PROVINCIA CONSTITUCIONAL DEL CALLAO DEL DEPARTAMENTO DE CALLAO;205958.32;PEN;21;Concurso Público Abreviado;services;Alta competencia
1199623;20406325815;GOBIERNO REGIONAL DE PUNO SEDE CENTRAL;PUNO;PUNO;MEJORAMIENTO Y AMPLIACION DEL SERVICIO DE EDUCACIÓN SUPERIOR TECNOLÓGICA EN EL INSTITUTO SUPERIOR TECNOLÓGICO PUBLICO DE MACUSANI  DISTRITO DE MACUSANI - PROVINCIA DE CARABAYA - DEPARTAMENTO DE PUNO;93844.54;PEN;12;Subasta Inversa Electrónica;goods;Mediana competencia
1193399;20165884311;MUNICIPALIDAD DISTRITAL DE SAMA;TACNA;TACNA;"CONSTRUCCION DE CERCO Y/O PORTADA; SANEAMIENTO TECNICO LEGAL DE TERRENO; EN EL(LA) CEMENTERIO DE SAMA SECTOR LAS YARAS  DISTRITO DE SAMA, PROVINCIA TACNA, DEPARTAMENTO TACNA";69000;PEN;18;Concurso Público Abreviado;services;Mediana competencia
1199856;20317337150;MUNICIPALIDAD DISTRITAL DE PICHARI;CUSCO;LA CONVENCION;CREACION DEL SERVICIO DE MOVILIDAD URBANA EN LA ASOCIACION 09 DE DICIEMBRE, MICAELA BASTIDAS, INTEGRACION PICHARI Y PROLONGACION AV. CULTURA EN PICHARI CAPITAL,  DISTRITO DE PICHARI - PROVINCIA DE LA CONVENCION - DEPARTAMENTO DE CUSCO;64545;PEN;4;Comparación de Precios;goods;Baja competencia
1196361;20163065330;MUNICIPALIDAD PROVINCIAL DE SANTA - CHIMBOTE;ANCASH;SANTA;CREACION DE LOS SERVICIOS DE PROTECCIÓN EN RIBERAS DE RÍO VULNERABLES ANTE EL PELIGRO EN SECTOR HUAMBACHO LA HUACA   DISTRITO DE SAMANCO DE LA PROVINCIA DE SANTA DEL DEPARTAMENTO DE ANCASH;87053.8;PEN;7;Concurso Público Abreviado;services;Baja competencia
1193782;20142167744;MUNICIPALIDAD PROVINCIAL DE ICA;ICA;ICA;"RENOVACION DE AREA VERDE, VEREDA, MOBILIARIO URBANO Y SARDINEL; ADEMÁS DE OTROS ACTIVOS EN EL(LA) BERMA CENTRAL Y LATERALES DE LA VIA URBANA TRAMO PUENTE SOCORRO, AV. EL DIQUE (SEBASTIAN BARRANCA) -AV. PROL. LEON ARECHUA - AV. FERNANDO LEON ARECHUA - AV. ARENALES (SEMAFORO), DE CERCADO DE ICA,  DISTRITO DE ICA, PROVINCIA ICA, DEPARTAMENTO ICA";71980;PEN;19;Concurso Público Abreviado;services;Mediana competencia
1193275;20288480568;GOBIERNO REGIONAL DE PASCO - DIRECCION REGIONAL AGRARIA;PASCO;PASCO;MEJORAMIENTO Y AMPLIACION DE LOS SERVICIOS DE APOYO AL DESARROLLO PRODUCTIVO DE LA CADENA PRODUCTIVA DE PALTO EN LAS PROVINCIAS DE PASCO, DANIEL ALCIDES CARRION Y OXAPAMPA DEL DEPARTAMENTO DE PASCO;190000;PEN;16;Concurso Público Abreviado;services;Mediana competencia
1196657;20278211895;MUNICIPALIDAD DISTRITAL DE LIVITACA;CUSCO;CHUMBIVILCAS;MEJORAMIENTO DE LOS SERVICIOS OPERATIVOS O MISIONALES INSTITUCIONALES EN TOQRA DE LA COMUNIDAD CAMPESINA DE UNION KORA DEL   DISTRITO DE LIVITACA DE LA PROVINCIA DE CHUMBIVILCAS DEL DEPARTAMENTO DE CUSCO;102292.84;PEN;38;Concurso Público Abreviado;services;Alta competencia
1192301;20222952256;MUNICIPALIDAD DISTRITAL DE QUILLO;ANCASH;YUNGAY;"CONSTRUCCION DE RESERVORIO; EN EL(LA) SISTEMA DE RIEGO DEL CASERIO DE OCRUCANCHA  DISTRITO DE QUILLO, PROVINCIA YUNGAY, DEPARTAMENTO ANCASH";419146.75;PEN;12;Licitación Pública Abreviada;works;Mediana competencia
1199160;20272619574;MUNICIPALIDAD DISTRITAL DE CAYARANI;AREQUIPA;CONDESUYOS;MEJORAMIENTO DE CAMPO DEPORTIVO DEL ESTADIO MUNICIPAL DE CAYARANI DEL  DISTRITO DE CAYARANI - PROVINCIA DE CONDESUYOS - DEPARTAMENTO DE AREQUIPA;92575;PEN;6;Concurso Público Abreviado;services;Baja competencia
1195106;20193065938;MUNICIPALIDAD DISTRITAL DE ITE;TACNA;JORGE BASADRE;MEJORAMIENTO DE LOS SERVICIOS DE APOYO AL DESARROLLO PRODUCTIVO EN LA RECUPERACIÓN DE LA CAPACIDAD PRODUCTIVA DE SUELOS DEGRADADOS EN EL   DISTRITO DE ITE DE LA PROVINCIA DE JORGE BASADRE DEL DEPARTAMENTO DE TACNA;438500;PEN;6;Licitación Pública Abreviada;goods;Baja competencia
1202026;20287400188;MUNICIPALIDAD DISTRITAL DE OYOLO;AYACUCHO;PAUCAR DEL SARA SARA;MEJORAMIENTO DEL SERVICIO DE ATENCIÓN DE SALUD BÁSICOS EN CENTRO DE SALUD OYOLO   DISTRITO DE OYOLO DE LA PROVINCIA DE PAUCAR DEL SARA SARA DEL DEPARTAMENTO DE AYACUCHO;149900;PEN;5;Concurso Público Abreviado;services;Baja competencia
1201887;20187459258;MUNICIPALIDAD PROVINCIAL DE LA CONVENCION - SANTA ANA;CUSCO;LA CONVENCION;MEJORAMIENTO DEL CEMENTERIO GENERAL DE LA CIUDAD DE QUILLABAMBA, DISTRITO DE SANTA ANA, PROVINCIA DE LA CONVENCION - CUSCO;69300;PEN;4;Comparación de Precios;goods;Baja competencia
1198075;20206921898;MUNICIPALIDAD PROVINCIAL DE CARABAYA - MACUSANI;PUNO;CARABAYA;"CONSTRUCCION DE CAMPO DEPORTIVO, AMBIENTE DE PREPARACION Y EXPENDIO DE ALIMENTOS Y CERCO PERIMETRICO; EN EL(LA) I.E. 72167 EN EL CENTRO POBLADO KANA, DISTRITO DE AYAPATA, PROVINCIA CARABAYA, DEPARTAMENTO PUNO";50700;PEN;6;Subasta Inversa Electrónica;goods;Baja competencia
1197244;20183093941;MUNICIPALIDAD PROVINCIAL DE JAUJA;JUNIN;JAUJA;"ADQUISICION DE HARDWARE GENERAL, SERVIDOR, IMPRESORA MULTIFUNCIONAL Y PROYECTOR MULTIMEDIA; ADEMÁS DE OTROS ACTIVOS EN EL(LA) MUNICIPALIDAD PROVINCIAL DE JAUJA  DISTRITO DE JAUJA, PROVINCIA JAUJA, DEPARTAMENTO JUNIN";57900;PEN;15;Licitación Pública Abreviada;goods;Mediana competencia
1193673;20159249779;MUNICIPALIDAD DISTRITAL DE VICE;PIURA;SECHURA;MEJORAMIENTO DEL SERVICIO DE ATENCIÓN DE SALUD BÁSICOS EN C.S VICE  DE CENTRO POBLADO VICE DISTRITO DE VICE DE LA PROVINCIA DE SECHURA DEL DEPARTAMENTO DE PIURA;391240.8;PEN;22;Concurso Público Abreviado;services;Alta competencia
1200055;20490338773;GOBIERNO REGIONAL DE APURIMAC-GERENCIA SUBREGIONAL CHINCHEROS;APURIMAC;CHINCHEROS;MEJORAMIENTO DE LOS SERVICIOS EDUCATIVOS DE LA I.E.I. NRO 475-19, I.E.P NRO 54240 Y I.E.S. FERNANDO BELAUNDE TERRY DEL CENTRO POBLADO - OCCEPATA DEL DISTRITO DE RANRACANCHA - PROVINCIA DE CHINCHEROS - DEPARTAMENTO DE APURIMAC;92910;PEN;37;Licitación Pública Abreviada;goods;Alta competencia
1203475;20177901963;MUNICIPALIDAD DISTRITAL DE SUPE;LIMA;BARRANCA;CREACION DE LOS SERVICIOS OPERATIVOS O MISIONALES INSTITUCIONALES EN EL LOCAL COMUNAL DE USO MULTIPLE EN EL CC.PP. JESUS DE NAZARETH DEL DISTRITO DE SUPE - PROVINCIA DE BARRANCA - DEPARTAMENTO DE LIMA;375992.86;PEN;10;Licitación Pública Abreviada;works;Mediana competencia
1193264;20163065330;MUNICIPALIDAD PROVINCIAL DE SANTA - CHIMBOTE;ANCASH;SANTA;"CONSTRUCCION DE COBERTURA; EN EL(LA) I.E. 88046 JOSE CARLOS MARIATEGUI - CHIMBOTE, DISTRITO DE CHIMBOTE, PROVINCIA SANTA, DEPARTAMENTO ANCASH";1261326.2;PEN;14;Licitación Pública Abreviada;works;Mediana competencia
1192685;20219345004;MUNICIPALIDAD DISTRITAL DE PROGRESO;APURIMAC;GRAU;MEJORAMIENTO DEL SERVICIO DE EDUCACIÓN INICIAL EN INSTITUCION EDUCATIVA 1177 SAN MARTIN   DISTRITO DE PROGRESO DE LA PROVINCIA DE GRAU DEL DEPARTAMENTO DE APURIMAC;1298620.69;PEN;4;Licitación Pública Abreviada;works;Baja competencia
1201199;20202591591;MUNICIPALIDAD DISTRITAL DE MORONA;LORETO;DATEM DEL MARAÑON;CREACION DE LOS SERVICIOS DE ESPACIOS PÚBLICOS URBANOS EN PLAZA  DE CENTRO POBLADO PUERTO ALEGRIA DISTRITO DE MORONA DE LA PROVINCIA DE DATEM DEL MARAÑON DEL DEPARTAMENTO DE LORETO;2277498.48;PEN;6;Licitación Pública Abreviada;works;Baja competencia
1196562;20288774553;MUNICIPALIDAD DISTRITAL DE CHALLHUAHUACHO;APURIMAC;COTABAMBAS;MEJORAMIENTO DE LAS CAPACIDADES PRODUCTIVAS EN LA CRIANZA DE CAMELIDOS SUDAMERICANOS DOMESTICOS EN LAS COMUNIDADES DEL  DISTRITO DE CHALLHUAHUACHO - PROVINCIA DE COTABAMBAS - DEPARTAMENTO DE APURIMAC;86400;PEN;37;Licitación Pública Abreviada;goods;Alta competencia
1197650;20192751919;MUNICIPALIDAD DISTRITAL DE QUIRUVILCA;LA LIBERTAD;SANTIAGO DE CHUCO;MEJORAMIENTO DEL SERVICIO EN EL CANAL DE RIEGO TOTORAPAMPA - ICHAL - PALCO - PASAMBARA EN EL CASERÍO PALCO, DISTRITO DE QUIRUVILCA - SANTIAGO DE CHUCO - LA LIBERTAD;222217.88;PEN;22;Concurso Público Abreviado;services;Alta competencia
1198126;20185898343;GOBIERNO REGIONAL DE APURIMAC-CHANKA;APURIMAC;ABANCAY;MEJORAMIENTO Y AMPLIACION DEL SERVICIO DE AGUA PARA RIEGO EN ANCCARAYLLA, CCACCE,CHAVELAYOC, PALMA REAL,SANTA ROSA ALTA,UNIÓN CLAVELES,CUNCAYOC,CCACHCCARUMIHUAYCCO, RAYANNIYOC,CCOCHO MOCCO, SANTA ANITA,AÑASORCCO,SACHAYOC MOCCO,CABALLO OCCO,PURMACC WASICUCHO, POTRERO OCCO,CCALLPA MOCCO,CUMANAYLLA,CHECCHE,SACLAYA, ÑAHUINPUQUIO, HUARACCOPATA, CCANCHUPATA Y CHAQUICCOCHAPATA, EN LOS DISTRITOS DE ANDAHUAYLAS, SAN JERONIMO Y JOSE MARIA ARGUEDAS DE LA  PROVINCIA DE ANDAHUAYLAS - DEPARTAMENTO DE APURIMAC;78200;PEN;3;Comparación de Precios;goods;Baja competencia
1201201;20527760314;UNIVERSIDAD NACIONAL JOSE MARIA ARGUEDAS;APURIMAC;ANDAHUAYLAS;CREACIÓN DE LOS SERVICIOS DE LA RESIDENCIA UNIVERSITARIA DE LA UNAJMA - SAN JERONIMO - ANDAHUAYLAS;133340;PEN;16;Licitación Pública Abreviada;goods;Mediana competencia
1201335;20154432516;MUNICIPALIDAD DISTRITAL DE SANTIAGO - CUSCO;CUSCO;CUSCO;"CONSTRUCCION DE TECHO DE MERCADOS Y SERVICIOS HIGIENICOS Y/O VESTIDORES; REMODELACION DE ESPACIOS DE CIRCULACION HORIZONTAL Y/O VERTICAL Y MURO DE CONTENCION; ADEMÁS DE OTROS ACTIVOS EN EL(LA) MERCADO DE ABASTOS HUANCARO DEL  DISTRITO DE SANTIAGO, PROVINCIA CUSCO, DEPARTAMENTO CUSCO";235875;PEN;11;Subasta Inversa Electrónica;goods;Mediana competencia
1197704;20282911915;MUNICIPALIDAD DISTRITAL DE NUEVO CHIMBOTE;ANCASH;SANTA;MEJORAMIENTO DEL SERVICIOS DE ESPACIOS PÚBLICOS URBANOS EN LA MZ W LT 1, MZ X LOTES 1,3,4 DEL U.P.I.S. BELEN  DEL   DISTRITO DE NUEVO CHIMBOTE DE LA PROVINCIA DE SANTA DEL DEPARTAMENTO DE ANCASH;2476979.04;PEN;11;Licitación Pública Abreviada;works;Mediana competencia
1198796;20165563515;MUNICIPALIDAD PROVINCIAL DE LAMPA;PUNO;LAMPA;MEJORAMIENTO DEL SERVICIO DE MOVILIDAD URBANA EN EL CONTORNO DE LA PLAZA DE ARMAS DE NICASIO DEL   DISTRITO DE NICASIO DE LA PROVINCIA DE LAMPA DEL DEPARTAMENTO DE PUNO;85297.6;PEN;9;Subasta Inversa Electrónica;goods;Baja competencia
1201793;20202591591;MUNICIPALIDAD DISTRITAL DE MORONA;LORETO;DATEM DEL MARAÑON;CREACION DEL SERVICIO DE MOVILIDAD URBANA EN PUENTES  DE CENTRO POBLADO PUERTO ALEGRIA DISTRITO DE MORONA DE LA PROVINCIA DE DATEM DEL MARAÑON DEL DEPARTAMENTO DE LORETO;1572069.82;PEN;2;Licitación Pública Abreviada;works;Baja competencia
1196803;20141897935;MUNICIPALIDAD PROVINCIAL DE SANCHEZ CARRION - HUAMACHUCO;LA LIBERTAD;SANCHEZ CARRION;AMPLIACION DEL SERVICIO DE SUMINISTRO ELÉCTRICO DOMICILIARIO EN ZONAS RURALES EN EL CASERIO OLICHOCO DEL   DISTRITO DE HUAMACHUCO DE LA PROVINCIA DE SANCHEZ CARRION DEL DEPARTAMENTO DE LA LIBERTAD;1600200.97;PEN;9;Licitación Pública Abreviada;works;Baja competencia
1202153;20172499679;MUNICIPALIDAD PROVINCIAL DE AZANGARO;PUNO;AZANGARO;MEJORAMIENTO DE LA COMPETITIVIDAD DE LA CADENA PRODUCTIVA DEL GANADO OVINO EN LA CUENCA DEL RIO RAMIS DEL  DISTRITO DE AZANGARO - PROVINCIA DE AZANGARO - DEPARTAMENTO DE PUNO;76000;PEN;3;Comparación de Precios;goods;Baja competencia
1195046;20406325815;GOBIERNO REGIONAL DE PUNO SEDE CENTRAL;PUNO;PUNO;MEJORAMIENTO DE LA CARRETERA PU 147, EMP. PE-34I JIPATA - EMP. PE-34I MOHO,  DISTRITO DE MOHO - PROVINCIA DE MOHO - DEPARTAMENTO DE PUNO;1100000;PEN;40;Concurso Público Abreviado;services;Alta competencia
1198806;20163065330;MUNICIPALIDAD PROVINCIAL DE SANTA - CHIMBOTE;ANCASH;SANTA;MEJORAMIENTO DEL SERVICIO DE PRÁCTICA DEPORTIVA Y/O RECREATIVA EN MZ R1 LOTE 01 DE LA URB. BUENOS AIRES SECTOR 5C   DISTRITO DE NUEVO CHIMBOTE DE LA PROVINCIA DE SANTA DEL DEPARTAMENTO DE ANCASH;3707789.59;PEN;13;Licitación Pública Abreviada;works;Mediana competencia
1197492;20154469941;MUNICIPALIDAD PROVINCIAL DE MARISCAL NIETO - MOQUEGUA;MOQUEGUA;MARISCAL NIETO;AMPLIACION DEL SERVICIO DE PROTECCIÓN EN RIBERAS DEL RIO MOQUEGUA VULNERABLE ANTE EL PELIGRO, EN EL MARGEN IZQUIERDO TRAMO ALTURA PROLONGACIÓN CALLE ANCASH HASTA EL PUENTE EL RAYO,  DISTRITO DE MOQUEGUA - PROVINCIA DE MARISCAL NIETO - DEPARTAMENTO DE MOQUEGUA;514393.25;PEN;8;Concurso Público Abreviado;services;Baja competencia
1200672;20477936882;PROGRAMA DE DESARROLLO PRODUCTIVO AGRARIO RURAL - AGRO RURAL;LIMA;LIMA;MEJORAMIENTO DE LA CADENA DE VALOR DEL  PALTO EN LAS LOCALIDADES INTERANDINAS DE 5 PROVINCIAS DEL DEPARTAMENTO DE JUNIN;53326.2;PEN;19;Licitación Pública Abreviada;goods;Mediana competencia
1198182;20172968253;MUNICIPALIDAD DISTRITAL DE TALAVERA;APURIMAC;ANDAHUAYLAS;MEJORAMIENTO DEL SERVICIO DE PROVISIÓN DE AGUA PARA RIEGO EN EL SECTOR DE BUENA VISTA, LAMBRASHUAYCCO, SECCSAMACHAY Y ORTIZ CCATA   DISTRITO DE TALAVERA DE LA PROVINCIA DE ANDAHUAYLAS DEL DEPARTAMENTO DE APURIMAC;62300;PEN;11;Concurso Público Abreviado;services;Mediana competencia
1193004;20162456408;MUNICIPALIDAD DISTRITAL DE EL INGENIO;ICA;NAZCA;CREACION DE LOS SERVICIOS OPERATIVOS O MISIONALES INSTITUCIONALES EN LOCAL MULTIUSOS  DE CENTRO POBLADO SAN SALVADOR DE LUCUMILLO DISTRITO DE EL INGENIO DE LA PROVINCIA DE NASCA DEL DEPARTAMENTO DE ICA;75000;PEN;13;Concurso Público Abreviado;services;Mediana competencia
1197233;20195406937;MUNICIPALIDAD DISTRITAL DE PAUCAS;ANCASH;HUARI;"CONSTRUCCION DE MURO DE CONTENCION; EN EL(LA) SERVICIO DE MOVILIDAD URBANA DE LA PLAZA DE LA LOCALIDAD DE VILCABAMBA,  DISTRITO DE PAUCAS, PROVINCIA HUARI, DEPARTAMENTO ANCASH";147148.09;PEN;8;Licitación Pública Abreviada;works;Baja competencia
1198692;20498390570;GOBIERNO REGIONAL DE AREQUIPA Sede Central;AREQUIPA;AREQUIPA;MEJORAMIENTO DE LOS SERVICIOS EDUCATIVOS EN EL NIVEL SECUNDARIA DE LA INSTITUCION EDUCATIVA SEBASTIAN BARRANCA, DEL DISTRITO DE CAMANA - PROVINCIA DE CAMANA - DEPARTAMENTO DE AREQUIPA;269908.33;PEN;22;Licitación Pública Abreviada;goods;Alta competencia
1193861;20163795494;MUNICIPALIDAD DISTRITAL DE VEGUETA;LIMA;HUAURA;"REMODELACION DE CAMPO DEPORTIVO; EN EL(LA) EL CENTRO POBLADO LA FLORIDA  DISTRITO DE VEGUETA, PROVINCIA HUAURA, DEPARTAMENTO LIMA";704337.24;PEN;17;Licitación Pública Abreviada;works;Mediana competencia
1194602;20131378115;MUNICIPALIDAD DISTRITAL DE SAN LUIS - LIMA;LIMA;LIMA;MEJORAMIENTO DEL SERVICIOS DE ESPACIOS PÚBLICOS URBANOS EN EL PARQUE JOSE ABELARDO QUIÑONES DE LA URBANIZACION VILLA JARDIN, DISTRITO DE SAN LUIS DE LA PROVINCIA DE LIMA DEL DEPARTAMENTO DE LIMA  DISTRITO DE SAN LUIS - PROVINCIA DE LIMA - DEPARTAMENTO DE LIMA;150110;PEN;26;Licitación Pública Abreviada;works;Alta competencia
1200052;20145850798;MUNICIPALIDAD PROVINCIAL DE DOS DE MAYO - LA UNION;HUANUCO;DOS DE MAYO;CREACION DEL SERVICIO DE AGUA POTABLE RURAL EN DISPOSICION SANITARIA DE EXCRETAS EN EL CENTRO POBLADO MERCEDES PURISIMA   DISTRITO DE MARIAS DE LA PROVINCIA DE DOS DE MAYO DEL DEPARTAMENTO DE HUANUCO;4967401.75;PEN;8;Licitación Pública Abreviada;works;Baja competencia
1197460;20189262451;MUNICIPALIDAD DISTRITAL DE OXAMARCA;CAJAMARCA;CELENDIN;"RENOVACION DE INFRAESTRUCTURA DEPORTIVA; EN EL(LA) LOSA DEPORTIVA EN LA LOCALIDAD DE CONDORILLA  DISTRITO DE OXAMARCA, PROVINCIA CELENDIN, DEPARTAMENTO CAJAMARCA";150645.73;PEN;12;Licitación Pública Abreviada;works;Mediana competencia
1198055;20187459258;MUNICIPALIDAD PROVINCIAL DE LA CONVENCION - SANTA ANA;CUSCO;LA CONVENCION;MEJORAMIENTO DEL CEMENTERIO GENERAL DE LA CIUDAD DE QUILLABAMBA, DISTRITO DE SANTA ANA, PROVINCIA DE LA CONVENCION - CUSCO;242760;PEN;11;Subasta Inversa Electrónica;goods;Mediana competencia
1201072;20490600842;GOBIERNO REGIONAL DE APURIMAC - UNIDAD EJECUTORA 004: PRO DESARROLLO APURIMAC;APURIMAC;ABANCAY;MEJORAMIENTO DEL SERVICIO DE AGUA PARA RIEGO TECNIFICADO EN LOS SECTORES ERAPAMPA, PAUCAPATA, UCHUBAMBA , LA VICTORIA, CEDROPAMPA, LA FLORIDA, VILLA PAMPAS, DISTRITO DE COCHARCAS - CHINCHEROS - APURIMAC;469413.38;PEN;27;Licitación Pública Abreviada;goods;Alta competencia
1198485;20131368233;MUNICIPALIDAD DISTRITAL DE CHACLACAYO;LIMA;LIMA;"REPARACION DE CANAL; EN EL(LA) CANAL DERIVADOR LOS ANGELES EN EL AA.HH. DON BOSCO EN EL CENTRO POBLADO CHACLACAYO, DISTRITO DE CHACLACAYO, PROVINCIA LIMA, DEPARTAMENTO LIMA";205029.3;PEN;15;Licitación Pública Abreviada;works;Mediana competencia
1199211;20193443479;MUNICIPALIDAD DISTRITAL DE ALTO TAPICHE;LORETO;REQUENA;MEJORAMIENTO Y AMPLIACION DEL SERVICIO DE MOVILIDAD URBANA EN TRANSITABILIDAD PEATONAL EN LA LOCALIDAD DE WICUNGO   DISTRITO DE ALTO TAPICHE DE LA PROVINCIA DE REQUENA DEL DEPARTAMENTO DE LORETO;236654.12;PEN;8;Concurso Público Abreviado;services;Baja competencia
1192840;20216274530;MUNICIPALIDAD DISTRITAL DE PILLPINTO;CUSCO;PARURO;CREACION DEL SERVICIOS DE ESPACIOS PÚBLICOS URBANOS EN LA ALAMEDA SIRENAYOC TTIO PAMPA  DE CENTRO POBLADO PILLPINTO DISTRITO DE PILLPINTO DE LA PROVINCIA DE PARURO DEL DEPARTAMENTO DE CUSCO;149730;PEN;9;Subasta Inversa Electrónica;goods;Baja competencia
1193890;20177217043;MUNICIPALIDAD PROVINCIAL DEL CUSCO;CUSCO;CUSCO;"CREACION DEL SERVICIOS DE ESPACIOS PÚBLICOS URBANOS EN EL ESPACIO PUBLICO ""PASEO DE LOS INCAS"" DE LA AV. ALAMEDA PACHACUTEC, ENTRE EL TRAMO ÓVALO PACHACUTEC Y ÓVALO MARTIN CHAMBI DEL   DISTRITO DE WANCHAQ DE LA PROVINCIA DE CUSCO DEL DEPARTAMENTO DE CUSCO";5250300;PEN;12;Concurso Público Abreviado;services;Mediana competencia
1196181;20177217043;MUNICIPALIDAD PROVINCIAL DEL CUSCO;CUSCO;CUSCO;MEJORAMIENTO DEL SERVICIO DE LA TRANSITABILIDAD VEHICULAR Y PEATONAL ENTRE LA ASOCIACION PRO VIVIENDA CRUZ VERDE - SECTOR CHINCHAYSUYO - SECTOR HUAMPAR Y LA LOCALIDAD DE POROY, DISTRITO DE POROY - CUSCO - CUSCO;235117;PEN;18;Licitación Pública Abreviada;goods;Mediana competencia
1196833;20452393493;GOBIERNO REGIONAL DE AYACUCHO SEDE CENTRAL;AYACUCHO;HUAMANGA;MEJORAMIENTO CAMINO VECINAL  LIMONCHAYOCC-SAN JUAN DE MATUCANA-TRIBOLINE-AY519-GRANJA SIVIA BAJA-SIVIA DE LAS PROVINCIAS DE LA MAR Y HUANTA DEL  DEPARTAMENTO DE AYACUCHO;493265;PEN;7;Subasta Inversa Electrónica;goods;Baja competencia
1195903;20196029584;MUNICIPALIDAD DISTRITAL DE HUANCARAMA;APURIMAC;ANDAHUAYLAS;CREACION DEL SERVICIO DE TRANSITABILIDAD VIAL INTERURBANA EN SECTOR DE LIMONNIYOCC - PACCAYPAMPA DE LLACTABAMBA   DISTRITO DE HUANCARAMA DE LA PROVINCIA DE ANDAHUAYLAS DEL DEPARTAMENTO DE APURIMAC;172185;PEN;18;Concurso Público Abreviado;services;Mediana competencia
1199976;20170422971;MUNICIPALIDAD DISTRITAL DE MARIANO MELGAR;AREQUIPA;AREQUIPA;"REPARACION DE ESPACIO DEPORTIVO CON COBERTURA; RENOVACION DE CERCO PERIMETRICO; ADQUISICION DE EQUIPO DE OTROS ACTIVOS COMPLEMENTARIOS; EN EL(LA) LOSA DEPORTIVA EN EL ASENTAMIENTO HUMANO FUERTE CENEPA  DISTRITO DE MARIANO MELGAR, PROVINCIA AREQUIPA, DEPARTAMENTO AREQUIPA";327637.29;PEN;19;Licitación Pública Abreviada;works;Mediana competencia
1195187;20600171373;MUNICIPALIDAD DISTRITAL DE QUICHUAS;HUANCAVELICA;TAYACAJA;"ADQUISICION DE CAMION COMPACTADOR; EN EL(LA) SUB GERENCIA DE DESARROLLO ECONOMICO Y MEDIO AMBIENTE EN EL CENTRO POBLADO QUICHUAS, DISTRITO DE QUICHUAS, PROVINCIA TAYACAJA, DEPARTAMENTO HUANCAVELICA";353500;PEN;11;Licitación Pública Abreviada;goods;Mediana competencia
1194072;20204863769;MUNICIPALIDAD DISTRITAL DE CHAVIN DE PARIARCA;HUANUCO;HUAMALIES;CREACION DE PISTA Y VEREDAS EN LA LOCALIDAD DE CHAVIN DE PARIARCA, DISTRITO DE CHAVIN DE PARIARCA - HUAMALIES - HUANUCO;409208.69;PEN;6;Concurso Público Abreviado;services;Baja competencia
1194993;20131378620;MUNICIPALIDAD DISTRITAL DE ATE - VITARTE;LIMA;LIMA;CREACION DEL SERVICIO DE MOVILIDAD URBANA EN LAS VIAS LOCALES A TRAVEZ DE PISTAS Y VEREDAS DE LA ASOCIACION DE VIVIENDA EL PARAISO DE AMAUTA, ZONA 04, SUB ZONA 03,   DISTRITO DE ATE DE LA PROVINCIA DE LIMA DEL DEPARTAMENTO DE LIMA;99000;PEN;20;Concurso Público Abreviado;services;Mediana competencia
1197413;20393066386;GOBIERNO REGIONAL DE UCAYALI SEDE CENTRAL;UCAYALI;CORONEL PORTILLO;MEJORAMIENTO DEL SERVICIO DE ATENCIÓN DE SALUD BÁSICOS EN PUESTO DE SALUD MAR DE PLATA   DISTRITO DE NESHUYA DE LA PROVINCIA DE PADRE ABAD DEL DEPARTAMENTO DE UCAYALI;433348.28;PEN;9;Concurso Público Abreviado;services;Baja competencia
1199973;20282911915;MUNICIPALIDAD DISTRITAL DE NUEVO CHIMBOTE;ANCASH;SANTA;CREACION DEL SERVICIOS DE ESPACIOS PÚBLICOS URBANOS EN LA MZ. H LOTE 1 DEL A.H. JARDINES DE NUEVO CHIMBOTE DEL   DISTRITO DE NUEVO CHIMBOTE DE LA PROVINCIA DE SANTA DEL DEPARTAMENTO DE ANCASH;1086192.43;PEN;10;Licitación Pública Abreviada;works;Mediana competencia
1197643;20231431781;MUNICIPALIDAD DISTRITAL DE SALCAHUASI;HUANCAVELICA;TAYACAJA;MEJORAMIENTO Y AMPLIACION DEL SERVICIO DE AGUA POTABLE RURAL Y CREACION DEL SERVICIO DE ALCANTARILLADO U OTRAS FORMAS DE DISPOSICIÓN SANITARIA DE EXCRETAS EN EL CENTRO POBLADO DE SANTA  CRUZ DE PUEBLO LIBRE,   DISTRITO DE SALCAHUASI DE LA PROVINCIA DE TAYACAJA DEL DEPARTAMENTO DE HUANCAVELICA;2373579.89;PEN;11;Licitación Pública Abreviada;works;Mediana competencia
1197410;20188920498;MUNICIPALIDAD DISTRITAL DE SAYAN;LIMA;HUAURA;MEJORAMIENTO DE LAS CONDICIONES DE TRANSITABILIDAD VEHICULAR Y PEATONAL EN LA ASOCIACION CASA BLANCA DEL DISTRITO DE SAYAN - PROVINCIA DE HUAURA - DEPARTAMENTO DE LIMA;957033.82;PEN;19;Licitación Pública Abreviada;works;Mediana competencia
1198088;20221781211;MUNICIPALIDAD DISTRITAL DE CCARHUAYO;CUSCO;QUISPICANCHI;MEJORAMIENTO DEL SERVICIO DE AGUA A NIVEL PARCELARIO CON UN SISTEMA DE RIEGO TECNIFICADO EN LA COMUNIDAD DE CHILLIHUANI DEL  DISTRITO DE CCARHUAYO - PROVINCIA DE QUISPICANCHI - DEPARTAMENTO DE CUSCO;46550;PEN;7;Subasta Inversa Electrónica;goods;Baja competencia
1195855;20288774553;MUNICIPALIDAD DISTRITAL DE CHALLHUAHUACHO;APURIMAC;COTABAMBAS;CREACION DEL SERVICIO DE AGUA PARA RIEGO A TRAVÉS DE LA CONSTRUCCIÓN DE LAS REPRESAS DE QUELLUACOCHA Y CHALLHUICOCHA EN LAS LOCALIDADES DE PATARIO, SAUSAMA, LLACTANI, HUARACCOYO, HUANCUIRE, SUYTUYO, CCAYCOPAMPA, ANTA ANTA, MOLINOPATA Y CCOCHAC DESPENSA DE LOS DISTRITOS DE CHALLHUAHUACHO Y HAQUIRA ¿ COTABAMBAS ¿ APURÍMAC;800329.2;PEN;14;Adjudicación Simplificada;services;Mediana competencia
1193079;20172856706;MUNICIPALIDAD DISTRITAL DE MUÑANI;PUNO;AZANGARO;"CONSTRUCCION DE AMBIENTE COMPLEMENTARIO, PATIO TALLER Y CERCO PERIMETRICO; EN EL(LA) MUNICIPALIDAD DISTRITAL DE MUÑANI  DISTRITO DE MUÑANI, PROVINCIA AZANGARO, DEPARTAMENTO PUNO";2690028.45;PEN;7;Licitación Pública Abreviada;works;Baja competencia
1192860;20406325815;GOBIERNO REGIONAL DE PUNO SEDE CENTRAL;PUNO;PUNO;MEJORAMIENTO DEL SERVICIO DE EDUCACIÓN SECUNDARIA EN I.E. JOSE MARIA ARGUEDAS   DISTRITO DE LLALLI DE LA PROVINCIA DE MELGAR DEL DEPARTAMENTO DE PUNO;70132;PEN;29;Licitación Pública Abreviada;goods;Alta competencia
1194122;20191716397;MUNICIPALIDAD DISTRITAL DE ZEPITA;PUNO;CHUCUITO;MEJORAMIENTO DEL SERVICIO DE PRÁCTICA DEPORTIVA Y/O RECREATIVA EN ESTADIO MUNICIPAL DEL CENTRO POBLADO SAN ANTONIO DE PAVITA   DISTRITO DE ZEPITA DE LA PROVINCIA DE CHUCUITO DEL DEPARTAMENTO DE PUNO;407484;PEN;23;Licitación Pública Abreviada;goods;Alta competencia
1195168;20186461615;MUNICIPALIDAD DISTRITAL DE SAMANCO;ANCASH;SANTA;"REPARACION DE AREA VERDE; REMODELACION DE ZONA DE ESTACIONAMIENTO; EN EL(LA) VÍAS URBANAS EN EL CENTRO POBLADO HUAMBACHO (EL ARENAL), DISTRITO DE SAMANCO, PROVINCIA SANTA, DEPARTAMENTO ANCASH";429214.47;PEN;11;Licitación Pública Abreviada;works;Mediana competencia
1192471;20282911915;MUNICIPALIDAD DISTRITAL DE NUEVO CHIMBOTE;ANCASH;SANTA;CREACION DE LOS SERVICIOS PÚBLICOS DE INTEGRACIÓN ECONÓMICA Y SOCIAL EN LA MZ 30A Y LA MZ 30B LOTE 1 PV. H.U.P. NICOLAS GARATEA DEL   DISTRITO DE NUEVO CHIMBOTE DE LA PROVINCIA DE SANTA DEL DEPARTAMENTO DE ANCASH;802512.32;PEN;7;Licitación Pública Abreviada;works;Baja competencia
1199905;20317347112;MUNICIPALIDAD DISTRITAL DE ALTO PICHIGUA;CUSCO;ESPINAR;CREACION DEL SISTEMA DE RIEGO MEDIANTE BOMBEO CON PANELES SOLARES EN EL MARGEN DERECHO DEL RIO HUICHUMA SECTOR CANDAÑA Y HUICHUMA DE LA COMUNIDAD DE MOLLOCCAHUA  DISTRITO DE ALTO PICHIGUA - PROVINCIA DE ESPINAR - DEPARTAMENTO DE CUSCO;603262.5;PEN;16;Licitación Pública;goods;Mediana competencia
1195318;20492966658;MINISTERIO DEL AMBIENTE;LIMA;LIMA;RECUPERACION DE LAS POBLACIONES DE LA ESPECIE TAPIR ANDINO (TAPIRUS PINCHAQUE) LAS PROVINCIAS DE SAN IGNACIO Y JAEN DEL DEPARTAMENTO DE CAJAMARCA Y LAS PROVINCIAS DE AYABACA Y HUANCABAMBA DEL DEPARTAMENTO DE PIURA;866790.53;PEN;10;Concurso Público Abreviado;services;Mediana competencia
1190950;20489252270;GOBIERNO REGIONAL DE PASCO SEDE CENTRAL;PASCO;PASCO;CREACION DEL SERVICIO DE MOVILIDAD URBANA EN EL PUENTE PEATONAL LA ESPERANZA   DISTRITO DE YANAHUANCA DE LA PROVINCIA DE DANIEL ALCIDES CARRION DEL DEPARTAMENTO DE PASCO;154100;PEN;14;Concurso Público Abreviado;services;Mediana competencia
1196142;20186461615;MUNICIPALIDAD DISTRITAL DE SAMANCO;ANCASH;SANTA;"REPARACION DE AREA VERDE; REMODELACION DE ZONA DE ESTACIONAMIENTO; EN EL(LA) VÍAS URBANAS EN EL CENTRO POBLADO SAN PEDRO, DISTRITO DE SAMANCO, PROVINCIA SANTA, DEPARTAMENTO ANCASH";317208.78;PEN;14;Licitación Pública Abreviada;works;Mediana competencia
1205436;20477936882;PROGRAMA DE DESARROLLO PRODUCTIVO AGRARIO RURAL - AGRO RURAL;LIMA;LIMA;MEJORAMIENTO DEL SERVICIO DE APOYO AL DESARROLLO PRODUCTIVO EN LA CRIANZA DE ANIMALES MENORES (AVES DE CORRAL, OVINOS, CERDOS), TUBERCULOS Y GRANOS EN 32 SECTORES EN LOS DISTRITOS DE IBERIA, IÑAPARI Y TAHUAMANU DE LA  PROVINCIA DE TAHUAMANU - DEPARTAMENTO DE MADRE DE DIOS,RECUPERACION DE ECOSISTEMAS FORESTALES BAJO SISTEMAS SILVOPASTORILES, IMPACTADOS POR ACTIVIDADES ANTRÓPICAS EN LOS DISTRITOS DE TAHUAMANU, IBERIA Y IÑAPARI DE LA  PROVINCIA DE TAHUAMANU - DEPARTAMENTO DE MADRE DE DIOS;232000;PEN;16;Concurso Público Abreviado;services;Mediana competencia
1197541;20146721410;MUNICIPALIDAD PROVINCIAL DE SECHURA;PIURA;SECHURA;CREACION DEL SERVICIO DE MOVILIDAD URBANA EN CASERIO CHUPER CALLE SECHURA DESDE VIA A SANTA CLARA HASTA LA CALLE SAN MARTIN, CALLE SAN JOSE DESDE LA VIA A SANTA CLARA HASTA LA CALLE BOLIVAR, CALLE GRAU DESDE LA VIA A SANTA CLARA HASTA LA CALLE S   DISTRITO DE CRISTO NOS VALGA DE LA PROVINCIA DE SECHURA DEL DEPARTAMENTO DE PIURA;167622.8;PEN;22;Concurso Público Abreviado;services;Alta competencia
1196127;20159386253;MUNICIPALIDAD DISTRITAL DE SAN JERONIMO - CUSCO;CUSCO;CUSCO;MEJORAMIENTO Y AMPLIACION DEL SERVICIO DE AGUA DEL SISTEMA DE RIEGO EN LOS SECTORES DE PACCHAPATA, PICHINCHU IRANA, OCCOMOCCO, CHILLCAPATA, CRUZ MOCCO Y CONCHACALLE PAMPA EN LA COMUNIDAD CAMPESINA DE CONCHACALLA DEL DISTRITO DE SAN JERONIMO - PROVINCIA DE CUSCO - DEPARTAMENTO DE CUSCO;58500;PEN;4;Subasta Inversa Electrónica;goods;Baja competencia
1195549;20146678221;MUNICIPALIDAD DISTRITAL DE RIO NEGRO;JUNIN;SATIPO;MEJORAMIENTO DE LOS SERVICIOS DE APOYO AL DESARROLLO PRODUCTIVO EN LAS 3 CADENAS PRODUCTIVAS AGRÍCOLAS DE PEQUEÑOS PRODUCTORES EN 10 MICROCUENCAS DEL   DISTRITO DE RIO NEGRO DE LA PROVINCIA DE SATIPO DEL DEPARTAMENTO DE JUNIN;664095;PEN;10;Concurso Público Abreviado;services;Mediana competencia
1193215;20185898343;GOBIERNO REGIONAL DE APURIMAC-CHANKA;APURIMAC;ABANCAY;MEJORAMIENTO DE LOS SERVICIOS DE GESTIÓN DE LA GERENCIA SUB REGIONAL CHANKA ANDAHUAYLAS, PROVINCIA DE ANDAHUAYLAS, REGIÓN APURÍMAC;197360;PEN;37;Concurso Público Abreviado;services;Alta competencia
1204125;20201987297;MUNICIPALIDAD PROVINCIAL DE JAEN;CAJAMARCA;JAEN;CREACION DE POLIDEPORTIVO EN EL CASERIO EL LAUREL C.P. LA PALMA CENTRAL,  DISTRITO DE JAEN - PROVINCIA DE JAEN - DEPARTAMENTO DE CAJAMARCA;404911.48;PEN;26;Licitación Pública Abreviada;works;Alta competencia
1200573;20182786935;GOBIERNO REGIONAL DE UCAYALI-DIRECCIÓN REGIONAL SECTORIAL DE TRANSPORTES Y COMUNICACIONES;UCAYALI;CORONEL PORTILLO;"REPARACION DE PLATAFORMA Y PUENTE; EN EL(LA) CARRETERA DEPARTAMENTAL UC -110, TRAMO: NUEVA JERUSALÉN - HERMOSA SELVA - ABEJAICO DISTRITO DE CAMPOVERDE, PROVINCIA CORONEL PORTILLO, DEPARTAMENTO UCAYALI";130838.41;PEN;10;Licitación Pública Abreviada;goods;Mediana competencia
1196344;20171719179;MUNICIPALIDAD DISTRITAL DE CHILCA - CANETE;LIMA;CAÑETE;CREACION DEL SERVICIO DE AGUA POTABLE URBANO Y CREACION DEL SERVICIO DE ALCANTARILLADO EN SISTEMA DE AGUA POTABLE Y ALCANTARILLADO SANITARIO EN ASOCIACION SAN PEDRO   DISTRITO DE CHILCA DE LA PROVINCIA DE CAÑETE DEL DEPARTAMENTO DE LIMA;52500;PEN;12;Concurso Público Abreviado;services;Mediana competencia
1200666;20192146641;MUNICIPALIDAD PROVINCIAL DE YUNGUYO;PUNO;YUNGUYO;"CREACION DE LOS SERVICIOS CULTURALES PARA LA PARTICIPACIÓN DE LA POBLACIÓN EN LAS INDUSTRIAS CULTURALES Y LAS ARTES EN "" TEATRO MUNICIPAL"" DEL   DISTRITO DE YUNGUYO DE LA PROVINCIA DE YUNGUYO DEL DEPARTAMENTO DE PUNO";109164;PEN;9;Subasta Inversa Electrónica;goods;Baja competencia
1194548;20452393493;GOBIERNO REGIONAL DE AYACUCHO SEDE CENTRAL;AYACUCHO;HUAMANGA;MEJORAMIENTO DE LOS SERVICIOS DE LA OREDIS PARA LA ATENCION INTEGRAL A LAS PERSONAS CON DISCAPACIDAD E INCREMENTO DE LA CALIDAD DE VIDA SIN EXCLUSION EN LA SOCIEDAD NI DISCRIMINACION EN 08 PROVINCIAS DE  LA REGION AYACUCHO DISTRITO DE AYACUCHO - PROVINCIA DE HUAMANGA - REGIÓN AYACUCHO;209271;PEN;21;Licitación Pública Abreviada;goods;Alta competencia
1199341;20174691267;MUNICIPALIDAD PROVINCIAL DE CUTERVO;CAJAMARCA;CUTERVO;CREACION DEL SERVICIO DE PRÁCTICA DEPORTIVA Y/O RECREATIVA EN LA LOSA DEPORTIVA DE RECREACIÓN MULTIUSOS EN EL CASERÍO CULLANMAYO   DISTRITO DE CUTERVO DE LA PROVINCIA DE CUTERVO DEL DEPARTAMENTO DE CAJAMARCA;53838.85;PEN;6;Subasta Inversa Electrónica;goods;Baja competencia
1201916;20202455817;MUNICIPALIDAD DISTRITAL DE HUAYOPATA;CUSCO;LA CONVENCION;"ADQUISICION DE ESPECTROFOTOMETRO, MICROSCOPIO BINOCULAR (TELEMEDICINA), EQUIPO DE LABORATORIO Y MONITOR DE FUNCIONES VITALES (TELEMEDICINA); ADEMÁS DE OTROS ACTIVOS EN EL(LA) HUYRO  DISTRITO DE HUAYOPATA, PROVINCIA LA CONVENCION, DEPARTAMENTO CUSCO";60500;PEN;30;Licitación Pública Abreviada;goods;Alta competencia
1195055;20186443391;MUNICIPALIDAD DISTRITAL DE MORO;ANCASH;SANTA;"CONSTRUCCION DE MURO DE CONTENCION Y CERCO PERIMETRICO; REMODELACION DE CUNETA; EN EL(LA) I.E. 88312 EN EL CENTRO POBLADO ANTA, DISTRITO DE MORO, PROVINCIA SANTA, DEPARTAMENTO ANCASH";64815.55;PEN;16;Concurso Público Abreviado;services;Mediana competencia
1192549;20173809663;MUNICIPALIDAD DISTRITAL DE YURA;AREQUIPA;AREQUIPA;MEJORAMIENTO DE LA VÍA DE ACCESO AL RECURSO TURÍSTICO COMPLEJO DE AGUAS TERMALES DEL  DISTRITO DE YURA - PROVINCIA DE AREQUIPA - DEPARTAMENTO DE AREQUIPA;98390;PEN;3;Comparación de Precios;goods;Baja competencia
1203485;20200036698;MUNICIPALIDAD DISTRITAL DE AQUIA;ANCASH;BOLOGNESI;"REMODELACION DE ESPACIO DEPORTIVO CON COBERTURA; EN EL(LA) BARRIO DE CALLAO DEL  DISTRITO DE AQUIA, PROVINCIA BOLOGNESI, DEPARTAMENTO ANCASH";240105.08;PEN;11;Licitación Pública Abreviada;works;Mediana competencia
1196351;20161096068;MUNICIPALIDAD PROVINCIAL DE COTABAMBAS - TAMBOBAMBA;APURIMAC;COTABAMBAS;"ADQUISICION DE TERRENO; EN EL(LA) CEMENTERIO MUNICIPAL DE TAMBOBAMBA EN EL CENTRO POBLADO TAMBOBAMBA, DISTRITO DE TAMBOBAMBA, PROVINCIA COTABAMBAS, DEPARTAMENTO APURIMAC";104174;PEN;1;Contratación Directa;goods;Baja competencia
1196678;20199806344;MUNICIPALIDAD DISTRITAL DE HUAYUCACHI;JUNIN;HUANCAYO;MEJORAMIENTO DEL SERVICIO DE TRANSITABILIDAD VEHICULAR Y PEATONAL DE LA AV. LIBERTAD (TRAMO PASAJE TAYTA NIÑO Y AV. REAL), JR. MISTI SUROYA (TRAMO AV. LIBERTAD Y AV. 10 DE NOVIEMBRE) Y PASAJE TAYTA NIÑO (TRAMO AV. LIBERTAD Y JR. QUINCE DE JUNIO)  DISTRITO DE HUAYUCACHI - PROVINCIA DE HUANCAYO - DEPARTAMENTO DE JUNIN;247950.78;PEN;13;Concurso Público Abreviado;services;Mediana competencia
1200138;20148170933;MUNICIPALIDAD PROVINCIAL DE RIOJA;SAN MARTIN;RIOJA;"REMODELACION DE TECHO DE MERCADOS Y ESPACIO DE CIRCULACION INTERIOR ; EN EL(LA) MERCADO ZONAL N°. 02 DE LA CIUDAD DE RIOJA,  DISTRITO DE RIOJA, PROVINCIA RIOJA, DEPARTAMENTO SAN MARTIN";74340;PEN;5;Concurso Público Abreviado;services;Baja competencia
1193143;20167987207;MUNICIPALIDAD DISTRITAL DE SAUCE;SAN MARTIN;SAN MARTIN;CREACION DEL SERVICIO DE DRENAJE PLUVIAL EN LA ZONA URBANA DE LA LOCALIDAD DE SANTA ROSA DE HUAYALI DEL   DISTRITO DE SAUCE DE LA PROVINCIA DE SAN MARTIN DEL DEPARTAMENTO DE SAN MARTIN;508710.85;PEN;8;Concurso Público para Consultoría;services;Baja competencia
1200112;20288774553;MUNICIPALIDAD DISTRITAL DE CHALLHUAHUACHO;APURIMAC;COTABAMBAS;MEJORAMIENTO DE LOS SERVICIOS EDUCATIVOS EN LA I.E. INICIAL JARDÍN N° 893 DEL ANEXO CCAYCCOPAMPA DE LA COMUNIDAD CAMPESINA DE HUANCUIRE DEL DISTRITO DE CHALLHUAHUACHO - PROVINCIA DE COTABAMBAS - DEPARTAMENTO DE APURIMAC;85080;PEN;10;Subasta Inversa Electrónica;goods;Mediana competencia
1199057;20601012937;MUNICIPALIDAD DISTRITAL DE VILLA KINTIARINA;CUSCO;LA CONVENCION;MEJORAMIENTO DEL SERVICIO DE EDUCACIÓN EN LA I.E. N 38869 INTEGRADO EN LOS NIVELES INICIAL, PRIMARIA Y SECUNDARIA DE LA COMUNIDAD DE PUEBLO LIBRE BAJA, DEL CENTRO POBLADO VILLA KINTIARINA, DISTRITO DE KIMBIRI - LA CONVENCION - CUSCO;81000;PEN;25;Concurso Público Abreviado;services;Alta competencia
1202031;20216270208;MUNICIPALIDAD DISTRITAL DE HUANCHAY;ANCASH;HUARAZ;MEJORAMIENTO Y AMPLIACION DEL SERVICIO DE AGUA PARA RIEGO DE LOS SECTORES DE RUMAR Y PALACIO DEL  DISTRITO DE HUANCHAY - PROVINCIA DE HUARAZ - DEPARTAMENTO DE ANCASH;128139.42;PEN;10;Concurso Público Abreviado;services;Mediana competencia
1199583;20172494952;MUNICIPALIDAD DISTRITAL DE CHAMACA;CUSCO;CHUMBIVILCAS;MEJORAMIENTO Y AMPLIACION DE LOS SERVICIOS DE SALUD DEL PUESTO DE SALUD DE CHAMACA, DISTRITO DE CHAMACA - CHUMBIVILCAS - CUSCO;1093670.64;PEN;10;Concurso Público Abreviado;services;Mediana competencia
1195783;20188808817;MUNICIPALIDAD DISTRITAL DE GROCIO PRADO;ICA;CHINCHA;MEJORAMIENTO DEL SERVICIO DE EDUCACIÓN INICIAL EN I.E. 22281  DE CENTRO POBLADO PAMPA DE ÑOCO DISTRITO DE GROCIO PRADO DE LA PROVINCIA DE CHINCHA DEL DEPARTAMENTO DE ICA;597266.12;PEN;17;Licitación Pública Abreviada;works;Mediana competencia
1198762;20163065330;MUNICIPALIDAD PROVINCIAL DE SANTA - CHIMBOTE;ANCASH;SANTA;"RENOVACION DE SUBESTACION DE DISTRIBUCION Y TABLEROS DE DISTRIBUCIÓN DE BAJA TENSIÓN ; EN EL(LA) ILUMINACION DE LA BERMA CENTRAL DE LA AV. PARDO TRAMO AV. AVIACION HASTA JR. UNION DEL  DISTRITO DE CHIMBOTE, PROVINCIA SANTA, DEPARTAMENTO ANCASH";1709300.38;PEN;11;Licitación Pública Abreviada;works;Mediana competencia
1197279;20147421070;MUNICIPALIDAD PROVINCIAL DE CANCHIS - SICUANI;CUSCO;CANCHIS;MEJORAMIENTO DE LOS SERVICIOS DE APOYO AL DESARROLLO PRODUCTIVO EN LOS PRODUCTORES EN LA ETAPA DE COMERCIALIZACIÓN EN LOS DISTRITOS DE PITUMARCA, CHECACUPE, COMBAPATA, TINTA, SAN PEDRO, SAN PABLO, MARANGANI Y   DISTRITO DE SICUANI DE LA PROVINCIA DE CANCHIS DEL DEPARTAMENTO DE CUSCO;215925;PEN;11;Subasta Inversa Electrónica;goods;Mediana competencia
1197145;20146697527;MUNICIPALIDAD DISTRITAL DE LA HUACA;PIURA;PAITA;MEJORAMIENTO Y AMPLIACION DEL SERVICIO DE EDUCACIÓN SECUNDARIA EN I.E. SAN JOSE  DE CENTRO POBLADO VIVIATE DISTRITO DE LA HUACA DE LA PROVINCIA DE PAITA DEL DEPARTAMENTO DE PIURA;350000;PEN;10;Concurso Público Abreviado;services;Mediana competencia
1199261;20143159001;MUNICIPALIDAD DISTRITAL DE AYNA SAN FRANCISCO;AYACUCHO;LA MAR;MEJORAMIENTO DE LOS SERVICIOS DE APOYO AL DESARROLLO PRODUCTIVO EN LA PRODUCCION DE CACAO EN LOS CENTROS POBLADOS DE LIMONCHAYOCC, CARMEN PAMPA Y AHUARUCHAYOCC DEL   DISTRITO DE AYNA DE LA PROVINCIA DE LA MAR DEL DEPARTAMENTO DE AYACUCHO;166500;PEN;5;Concurso Público Abreviado;services;Baja competencia
1200063;20198022480;MUNICIPALIDAD DISTRITAL DE MEJIA;AREQUIPA;ISLAY;"CONSTRUCCION DE CALZADA Y VEREDA; EN EL(LA) SERVICIO DE  MOVILIDAD URBANA DEL ACCESO AL CEMENTERIO  DISTRITO DE MEJIA, PROVINCIA ISLAY, DEPARTAMENTO AREQUIPA";141440;PEN;9;Licitación Pública Abreviada;goods;Baja competencia
1195429;20406325815;GOBIERNO REGIONAL DE PUNO SEDE CENTRAL;PUNO;PUNO;MEJORAMIENTO DEL SERVICIO DE SALUD EN EL CENTRO DE SALUD YANAPATA DE LA MICRO RED COPANI, RED DE SALUD YUNGUYO,  DISTRITO DE YUNGUYO - PROVINCIA DE YUNGUYO - DEPARTAMENTO DE PUNO;90058;PEN;5;Subasta Inversa Electrónica;goods;Baja competencia
1199718;20175467671;MUNICIPALIDAD PROVINCIAL DE BELLAVISTA;SAN MARTIN;BELLAVISTA;"CONSTRUCCION DE COBERTURA DE INSTALACIONES DEPORTIVAS; EN EL(LA) I.E. FRANCISCO BOLOGNESI EN EL CENTRO POBLADO LEDOY, DISTRITO DE HUALLAGA, PROVINCIA BELLAVISTA, DEPARTAMENTO SAN MARTIN";593923.65;PEN;7;Licitación Pública Abreviada;works;Baja competencia
1198961;20198022480;MUNICIPALIDAD DISTRITAL DE MEJIA;AREQUIPA;ISLAY;"CONSTRUCCION DE CALZADA Y VEREDA; EN EL(LA) SERVICIO DE  MOVILIDAD URBANA DEL ACCESO AL CEMENTERIO  DISTRITO DE MEJIA, PROVINCIA ISLAY, DEPARTAMENTO AREQUIPA";69125;PEN;7;Subasta Inversa Electrónica;goods;Baja competencia
1195550;20288774553;MUNICIPALIDAD DISTRITAL DE CHALLHUAHUACHO;APURIMAC;COTABAMBAS;CREACION DEL SERVICIO DEL CENTRO RECREACIONAL, EDUCATIVO Y DESARROLLO CULTURAL EN LA COMUNIDAD DE HUANACOPAMPA DEL DISTRITO DE CHALLHUAHUACHO - PROVINCIA DE COTABAMBAS - DEPARTAMENTO DE APURIMAC;78200;PEN;26;Licitación Pública Abreviada;goods;Alta competencia
1199685;20601625017;MUNICIPALIDAD DISTRITAL DE MEGANTONI;CUSCO;LA CONVENCION;MEJORAMIENTO Y AMPLIACION DEL SERVICIO DE AGUA POTABLE, ALCANTARILLADO Y SISTEMA DE TRATAMIENTO DE AGUAS RESIDUALES EN LA COMUNIDAD NATIVA DE MIARIA DEL  DISTRITO DE MEGANTONI - PROVINCIA DE LA CONVENCION - DEPARTAMENTO DE CUSCO;221715;PEN;10;Subasta Inversa Electrónica;goods;Mediana competencia
1201080;20530944817;GOBIERNO REGIONAL DE LIMA - DIRECCIÓN REGIONAL DE AGRICULTURA DE LIMA PROVINCIAS;LIMA;HUAURA;"RENOVACION DE RESERVORIO; EN EL(LA) MICRO RESERVORIO EN LA LOCALIDAD DE CALLANGA DEL  DISTRITO DE AYAUCA, PROVINCIA YAUYOS, DEPARTAMENTO LIMA,RENOVACION DE RESERVORIO; EN EL(LA) MICRO RESERVORIO EN LA LOCALIDAD DE CASPIN DEL  DISTRITO DE AYAUCA, PROVINCIA YAUYOS, DEPARTAMENTO LIMA,RENOVACION DE RESERVORIO; EN EL(LA) PIEDRA REDONDA PARA LA SIEMBRA Y COSECHA DE AGUA CON FINES DE AMPLIACION DE RIEGO DEL SECTOR MACAZANA ¿ CRUZ ANTAGOSA EN EL ANEXO DE LA MERCED DE CHAUTE  DISTRITO DE SAN BARTOLOME, PROVINCIA HUAROCHIRI, DEPARTAMENTO LIMA";172391.08;PEN;16;Concurso Público Abreviado;services;Mediana competencia
1198023;20163065330;MUNICIPALIDAD PROVINCIAL DE SANTA - CHIMBOTE;ANCASH;SANTA;MEJORAMIENTO DEL SERVICIO DE AGUA PARA RIEGO DEL CANAL DE DERIVACION HUAYABO - L2 DEL C.P HUAMBACHO LA HUACA DEL HUAMBACHO NUEVA (LA HUACA) DEL DISTRITO DE SAMANCO - PROVINCIA DE SANTA - DEPARTAMENTO DE ANCASH;97509.68;PEN;12;Concurso Público Abreviado;services;Mediana competencia
1195620;20147552506;MUNICIPALIDAD DISTRITAL DE PISAC;CUSCO;CALCA;CREACION DE LOS SERVICIOS PÚBLICOS DE INTEGRACIÓN ECONÓMICA Y SOCIAL EN EL CENTRO POBLADO DE CUYO GRANDE DEL   DISTRITO DE PISAC DE LA PROVINCIA DE CALCA DEL DEPARTAMENTO DE CUSCO;133196.67;PEN;22;Licitación Pública Abreviada;goods;Alta competencia
1194351;20172255885;MUNICIPALIDAD DISTRITAL DE CACRA;LIMA;YAUYOS;MEJORAMIENTO DEL SERVICIO DE PROVISIÓN DE AGUA PARA RIEGO EN EL CANAL PAMPA QUERO - TUPINA   DISTRITO DE CACRA DE LA PROVINCIA DE YAUYOS DEL DEPARTAMENTO DE LIMA;528408.63;PEN;10;Concurso Público para Consultoría;services;Mediana competencia
1197863;20205028600;MUNICIPALIDAD DISTRITAL DE COYLLURQUI;APURIMAC;COTABAMBAS;MEJORAMIENTO Y AMPLIACION DEL SERVICIO DE AGUA POTABLE RURAL Y MEJORAMIENTO Y AMPLIACION DEL SERVICIO DE ALCANTARILLADO U OTRAS FORMAS DE DISPOSICIÓN SANITARIA DE EXCRETAS EN LA COMUNIDAD DE SIJAHUI   DISTRITO DE COYLLURQUI DE LA PROVINCIA DE COTABAMBAS DEL DEPARTAMENTO DE APURIMAC;169354;PEN;23;Concurso Público Abreviado;services;Alta competencia
1201019;20145496170;UNIVERSIDAD NACIONAL DEL ALTIPLANO;PUNO;PUNO;MEJORAMIENTO DEL SERVICIO DE FORMACIÓN DE PREGRADO EN EDUCACIÓN SUPERIOR UNIVERSITARIA EN LA ESCUELA PROFESIONAL DE CIENCIAS DE LA COMUNICACIÓN SOCIAL DE LA UNIVERSIDAD NACIONAL DEL ALTIPLANO,   DISTRITO DE PUNO DE LA PROVINCIA DE PUNO DEL DEPARTAMENTO DE PUNO;85450.83;PEN;3;Comparación de Precios;goods;Baja competencia
1193905;20174691267;MUNICIPALIDAD PROVINCIAL DE CUTERVO;CAJAMARCA;CUTERVO;MEJORAMIENTO DE VÍAS URBANAS EN LA CALLE LAS DALIAS Y JR. EL OBRERO EN LA CIUDAD DE CUTERVO,  DISTRITO DE CUTERVO - PROVINCIA DE CUTERVO - DEPARTAMENTO DE CAJAMARCA;1216566.14;PEN;14;Licitación Pública Abreviada;works;Mediana competencia
1192321;20365993671;GOBIERNO REGIONAL DE APURIMAC-AGRICULTURA APURIMAC;APURIMAC;ABANCAY;MEJORAMIENTO DE LA GESTIÓN DE SERVICIOS AGROPECUARIOS DE LA DIRECCIÓN REGIONAL AGRARIA APURIMAC EN 5 PROVINCIAS DEL DEPARTAMENTO DE APURIMAC;72000;PEN;17;Concurso Público Abreviado;services;Mediana competencia
1195902;20146678221;MUNICIPALIDAD DISTRITAL DE RIO NEGRO;JUNIN;SATIPO;"CONSTRUCCION DE BUZON Y CONEXION DOMICILIARIA DE ALCANTARILLADO; EN EL(LA) SISTEMA DE ALCANTARILLADO RIO NEGRO EN LA JUNTA VECINAL LARCOMAR DISTRITO DE RIO NEGRO, PROVINCIA SATIPO, DEPARTAMENTO JUNIN";98661.81;PEN;5;Licitación Pública Abreviada;works;Baja competencia
1196386;20527143200;GOBIERNO REGIONAL DE MADRE DE DIOS SEDE CENTRAL;MADRE DE DIOS;TAMBOPATA;MEJORAMIENTO Y AMPLIACION DEL SERVICIO EDUCATIVO DEL NIVEL PRIMARIA DE LA I.E.B.R. N° 52026 EL CASTAÑAL, CENTRO POBLADO EL CASTAÑAL DEL DISTRITO DE TAMBOPATA - PROVINCIA DE TAMBOPATA - DEPARTAMENTO DE MADRE DE DIOS;100675;PEN;5;Subasta Inversa Electrónica;goods;Baja competencia
1197169;20140266575;GOBIERNO REGIONAL DE CUSCO - PROYECTO ESPECIAL PLAN MERISS INKA;CUSCO;CUSCO;MEJORAMIENTO Y AMPLIACION SISTEMA DE RIEGO UYUCANI Y HUALLO DEL DISTRITO DE MARANGANI - PROVINCIA DE CANCHIS - DEPARTAMENTO DE CUSCO;299837.5;PEN;7;Subasta Inversa Electrónica;goods;Baja competencia
1193136;20527147612;GOBIERNO REGIONAL DE CUSCO SEDE CENTRAL;CUSCO;CUSCO;MEJORAMIENTO Y AMPLIACION DE LOS SERVICIOS DE E.B.R. PRIMARIA Y SECUNDARIA DE LA I.E. NUESTRA SEÑORA DE BELÉN EN EL  DISTRITO DE CALCA - PROVINCIA DE CALCA - DEPARTAMENTO DE CUSCO;166843.76;PEN;28;Licitación Pública Abreviada;goods;Alta competencia
1195078;20527147612;GOBIERNO REGIONAL DE CUSCO SEDE CENTRAL;CUSCO;CUSCO;RECUPERACION DEL USO SOSTENIBLE DE LA AGROBIODIVERSIDAD EN LOS CULTIVOS ANDINOS DE LA PAPA, OCA, MASHUA, OLLUCO, MAÍZ, TARWI, QUINÚA, CCAÑIHUA, FRIJOL, KIWICHA  (ANTA, PARURO, CANAS Y ACOMAYO) EN 4 PROVINCIAS DEL DEPARTAMENTO DE CUSCO;228800;PEN;15;Concurso Público Abreviado;services;Mediana competencia
1192034;20226962892;MUNICIPALIDAD PROVINCIAL DE PATAZ - TAYABAMBA;LA LIBERTAD;PATAZ;MEJORAMIENTO DEL SERVICIO DE EDUCACIÓN INICIAL, SERVICIO DE EDUCACION PRIMARIA Y SERVICIO DE EDUCACIÓN SECUNDARIA EN I.E. 80466 RICARDO PALMA  DE CENTRO POBLADO HUARICCHACA DISTRITO DE TAYABAMBA DE LA PROVINCIA DE PATAZ DEL DEPARTAMENTO DE LA LIBERTAD;335120;PEN;20;Concurso Público Abreviado;services;Mediana competencia
1201015;20185898343;GOBIERNO REGIONAL DE APURIMAC-CHANKA;APURIMAC;ABANCAY;MEJORAMIENTO Y AMPLIACION DEL SERVICIO DE AGUA PARA RIEGO EN ANCCARAYLLA, CCACCE,CHAVELAYOC, PALMA REAL,SANTA ROSA ALTA,UNIÓN CLAVELES,CUNCAYOC,CCACHCCARUMIHUAYCCO, RAYANNIYOC,CCOCHO MOCCO, SANTA ANITA,AÑASORCCO,SACHAYOC MOCCO,CABALLO OCCO,PURMACC WASICUCHO, POTRERO OCCO,CCALLPA MOCCO,CUMANAYLLA,CHECCHE,SACLAYA, ÑAHUINPUQUIO, HUARACCOPATA, CCANCHUPATA Y CHAQUICCOCHAPATA, EN LOS DISTRITOS DE ANDAHUAYLAS, SAN JERONIMO Y JOSE MARIA ARGUEDAS DE LA  PROVINCIA DE ANDAHUAYLAS - DEPARTAMENTO DE APURIMAC;205955.5;PEN;14;Subasta Inversa Electrónica;goods;Mediana competencia
1200576;20490600842;GOBIERNO REGIONAL DE APURIMAC - UNIDAD EJECUTORA 004: PRO DESARROLLO APURIMAC;APURIMAC;ABANCAY;MEJORAMIENTO DEL SERVICIO DE AGUA PARA RIEGO TECNIFICADO EN LOS SECTORES ERAPAMPA, PAUCAPATA, UCHUBAMBA , LA VICTORIA, CEDROPAMPA, LA FLORIDA, VILLA PAMPAS, DISTRITO DE COCHARCAS - CHINCHEROS - APURIMAC;577017.37;PEN;28;Licitación Pública;goods;Alta competencia
1195408;20452393493;GOBIERNO REGIONAL DE AYACUCHO SEDE CENTRAL;AYACUCHO;HUAMANGA;MEJORAMIENTO DE LOS SERVICIOS DE PROMOCIÓN DEL COMERCIO INTERNO DEL CAMPO FERIAL CANAÁN BAJO DEL  DISTRITO DE ANDRES AVELINO CACERES - PROVINCIA DE HUAMANGA - DEPARTAMENTO DE AYACUCHO;249600.27;PEN;20;Subasta Inversa Electrónica;goods;Mediana competencia
1200618;20452393493;GOBIERNO REGIONAL DE AYACUCHO SEDE CENTRAL;AYACUCHO;HUAMANGA;MEJORAMIENTO Y AMPLIACION DE LA CARRETERA EMP. PE ¿ 32A (MINASCUCHO) ¿ LLACHOCCMAYO - ALLPACHACA ¿ MUNAYPATA - EMP. AY-106 (ROSASPATA), DISTRITOS DE CHIARA, LOS MOROCHUCOS Y VINCHOS DE LAS PROVINCIAS DE HUAMANGA Y CANGALLO DEL  DEPARTAMENTO DE AYACUCHO;720000;PEN;4;Subasta Inversa Electrónica;goods;Baja competencia
1194292;20154469941;MUNICIPALIDAD PROVINCIAL DE MARISCAL NIETO - MOQUEGUA;MOQUEGUA;MARISCAL NIETO;MEJORAMIENTO DEL SERVICIO DE TRANSITABILIDAD VIAL DE LA RUTA: R1801258 EN LA JUNTA VECINAL DE CHARSAGUA Y ALTO LA VILLA DEL CENTRO POBLADO LOS ANGELES,  DISTRITO DE MOQUEGUA - PROVINCIA DE MARISCAL NIETO - DEPARTAMENTO DE MOQUEGUA;647730;PEN;8;Subasta Inversa Electrónica;goods;Baja competencia
1190435;20285763313;MUNICIPALIDAD DISTRITAL DE ICHUÑA;MOQUEGUA;GENERAL SANCHEZ CERRO;CREACION DE PISTAS Y VEREDAS EN  LA LOCALIDAD DE ICHUÑA, DISTRITO DE ICHUNA - GENERAL SANCHEZ CERRO - MOQUEGUA;195257.54;PEN;17;Concurso Público Abreviado;services;Mediana competencia
1202021;20170327129;MUNICIPALIDAD DISTRITAL DE QUELLOUNO;CUSCO;LA CONVENCION;MEJORAMIENTO Y AMPLIACION DEL SERVICIO DE ENERGÍA ELÉCTRICA MEDIANTE SISTEMA CONVENCIONAL EN EL SECTOR DE MAPITUNARI Y ALTO MAPITUNARI,  DISTRITO DE QUELLOUNO - PROVINCIA DE LA CONVENCION - DEPARTAMENTO DE CUSCO;71090;PEN;3;Comparación de Precios;goods;Baja competencia
1193957;20220666418;MUNICIPALIDAD DISTRITAL DE TACABAMBA;CAJAMARCA;CHOTA;MEJORAMIENTO Y AMPLIACION DEL SERVICIO DE AGUA POTABLE RURAL Y MEJORAMIENTO Y AMPLIACION DEL SERVICIO DE ALCANTARILLADO U OTRAS FORMAS DE DISPOSICIÓN SANITARIA DE EXCRETAS EN LA LOCALIDAD DE DINAMARCA   DISTRITO DE TACABAMBA DE LA PROVINCIA DE CHOTA DEL DEPARTAMENTO DE CAJAMARCA;933887.44;PEN;13;Concurso Público Abreviado;services;Mediana competencia
1200478;20154432516;MUNICIPALIDAD DISTRITAL DE SANTIAGO - CUSCO;CUSCO;CUSCO;MEJORAMIENTO DEL SERVICIO DE MOVILIDAD URBANA EN LAS VÍAS LOCALES DE LA AV. MICAELA BASTIDAS ENTRE COOP. VIV. ZARZUELA ALTA Y APV. KANTOC-CALLE EMILIANO HUAMANTICA, CALLE SURQUILLO-APV. GIRALDO RUIZ CARO Y CALLE MARIANO MELGAR ¿ COOP. FCO. BOLOGNESI   DISTRITO DE SANTIAGO DE LA PROVINCIA DE CUSCO DEL DEPARTAMENTO DE CUSCO;125619.38;PEN;9;Subasta Inversa Electrónica;goods;Baja competencia
1200395;20272619574;MUNICIPALIDAD DISTRITAL DE CAYARANI;AREQUIPA;CONDESUYOS;MEJORAMIENTO Y AMPLIACION DEL SERVICIO EDUCATIVO EN LA I.E. 40458 SAN JUAN BAUTISTA DEL CENTRO POBLADO DE CAYARANI  DISTRITO DE CAYARANI - PROVINCIA DE CONDESUYOS - DEPARTAMENTO DE AREQUIPA;78408;PEN;4;Comparación de Precios;services;Baja competencia
1199308;20486021692;GOBIERNO REGIONAL DE JUNIN SEDE CENTRAL;JUNIN;HUANCAYO;MEJORAMIENTO Y AMPLIACION DEL SERVICIO DE ATENCIÓN DE SALUD BÁSICOS EN AOTI   DISTRITO DE RIO TAMBO DE LA PROVINCIA DE SATIPO DEL DEPARTAMENTO DE JUNIN;241000;PEN;9;Concurso Público Abreviado;services;Baja competencia
1198114;20159515240;MUNICIPALIDAD DISTRITAL DE CERRO COLORADO;AREQUIPA;AREQUIPA;MEJORAMIENTO DEL SERVICIO EDUCATIVO EN LA I.E. SAN JOSE DE COTTOLENGO EN EL NIVEL SECUNDARIO DEL CENTRO POBLADO ANDRES AVELINO CACERES, DISTRITO DE CERRO COLORADO - AREQUIPA - AREQUIPA;212434.29;PEN;26;Concurso Público Abreviado;services;Alta competencia
1196695;20198250199;MUNICIPALIDAD DISTRITAL DE CHAVIN DE HUANTAR;ANCASH;HUARI;MEJORAMIENTO  SERVICIO DE PROVISIÓN DE AGUA PARA RIEGO EN LA INFRAESTRUCTURA DE RIEGO EN EL CASERIO RURIQUILCA DEL CENTRO POBLADO MACHAC,   DISTRITO DE CHAVIN DE HUANTAR DE LA PROVINCIA DE HUARI DEL DEPARTAMENTO DE ANCASH;1731400.76;PEN;9;Licitación Pública Abreviada;works;Baja competencia
1198816;20171880115;MUNICIPALIDAD DISTRITAL DE TORATA;MOQUEGUA;MARISCAL NIETO;MEJORAMIENTO DEL SERVICIO DE EDUCACION PRIMARIA Y SERVICIO DE EDUCACIÓN SECUNDARIA EN I.E. VIDAL HERRERA DIAZ  DE CENTRO POBLADO YACANGO DISTRITO DE TORATA DE LA PROVINCIA DE MARISCAL NIETO DEL DEPARTAMENTO DE MOQUEGUA;562500;PEN;34;Concurso Público Abreviado;services;Alta competencia
1195751;20171880115;MUNICIPALIDAD DISTRITAL DE TORATA;MOQUEGUA;MARISCAL NIETO;CREACION DEL SERVICIO DE PRÁCTICA DEPORTIVA Y/O RECREATIVA EN JUNTA VECINAL DOCE QUEBRADAS ,    DISTRITO DE TORATA DE LA PROVINCIA DE MARISCAL NIETO DEL DEPARTAMENTO DE MOQUEGUA;102710.67;PEN;29;Concurso Público Abreviado;services;Alta competencia
1194598;20174999393;MUNICIPALIDAD DISTRITAL DE TORRES CAUSANA;LORETO;MAYNAS;"ADQUISICION DE GRUPO ELECTROGENO; EN EL(LA) LOCALIDAD DE CABO PANTOJA - RIO NAPO EN EL CENTRO POBLADO PANTOJA, DISTRITO DE TORRES CAUSANA, PROVINCIA MAYNAS, DEPARTAMENTO LORETO";350000;PEN;16;Licitación Pública Abreviada;goods;Mediana competencia
1200308;20171880115;MUNICIPALIDAD DISTRITAL DE TORATA;MOQUEGUA;MARISCAL NIETO;MEJORAMIENTO Y AMPLIACION DEL SERVICIO DE AGUA PARA RIEGO, MEDIANTE SISTEMA PRESURIZADO POR GOTEO EN EL ANEXO SAN JUAN SAN JUNE -, DISTRITO DE TORATA - MARISCAL NIETO - MOQUEGUA;143815;PEN;7;Subasta Inversa Electrónica;goods;Baja competencia
1199130;20207747204;MUNICIPALIDAD DISTRITAL DE SARIN;LA LIBERTAD;SANCHEZ CARRION;MEJORAMIENTO Y AMPLIACION DEL SERVICIO DE EDUCACION PRIMARIA EN I.E. 81743  DE CENTRO POBLADO COMOBARA DISTRITO DE SARIN DE LA PROVINCIA DE SANCHEZ CARRION DEL DEPARTAMENTO DE LA LIBERTAD;1126959.47;PEN;10;Licitación Pública Abreviada;works;Mediana competencia
1199483;20600004001;PROYECTO ESPECIAL DE DESARROLLO DEL VALLE DE LOS RÍO APURIMAC, ENE Y MANTARO- PROVRAEM;AYACUCHO;LA MAR;MEJORAMIENTO Y AMPLIACION DEL APOYO AL DESARROLLO PRODUCTIVO DEL PLÁTANO Y BANANO EN LAS PROVINCIAS DE LA MAR Y HUANTA DEL DEPARTAMENTO DE AYACUCHO Y LA PROVINCIA DE SATIPO DEL DEPARTAMENTO DE JUNIN;144220;PEN;11;Licitación Pública Abreviada;goods;Mediana competencia
1192606;20171665141;MUNICIPALIDAD DISTRITAL DE CRISTO NOS VALGA;PIURA;SECHURA;MEJORAMIENTO DEL SERVICIO DE ESPACIOS PÚBLICOS VERDES EN PARQUE RECREACIONAL MIGUEL GRAU   DISTRITO DE CRISTO NOS VALGA DE LA PROVINCIA DE SECHURA DEL DEPARTAMENTO DE PIURA;1718085.59;PEN;15;Licitación Pública Abreviada;works;Mediana competencia
1199823;20154432516;MUNICIPALIDAD DISTRITAL DE SANTIAGO - CUSCO;CUSCO;CUSCO;"CREACION DEL SERVICIO DE MOVILIDAD URBANA ENTRE LAS APVS; ARAWAY, INTIRAYMI, EL SOLAR Y QOSQO KAWARINA  DISTRITO DE SANTIAGO - PROVINCIA DE CUSCO - DEPARTAMENTO DE CUSCO";102212.5;PEN;9;Subasta Inversa Electrónica;goods;Baja competencia
1193513;20165195290;MUNICIPALIDAD PROVINCIAL DE SAN ROMAN - JULIACA;PUNO;SAN ROMAN;MEJORAMIENTO DEL SERVICIO DE MOVILIDAD URBANA EN AV. CIRCUNVALACION I TRAMO OVALO SALIDA CUSCO - PARQUE DEL TRICICLISTA   DISTRITO DE JULIACA DE LA PROVINCIA DE SAN ROMAN DEL DEPARTAMENTO DE PUNO;60300;PEN;12;Subasta Inversa Electrónica;goods;Mediana competencia
1196863;20172618864;MUNICIPALIDAD DISTRITAL DE CASTILLA;PIURA;PIURA;CREACION DEL SERVICIO DE MOVILIDAD URBANA EN AH CIUDAD DEL NIÑO 2 ETAPA   DISTRITO DE CASTILLA DE LA PROVINCIA DE PIURA DEL DEPARTAMENTO DE PIURA;83882;PEN;23;Concurso Público Abreviado;services;Alta competencia
1202049;20452393493;GOBIERNO REGIONAL DE AYACUCHO SEDE CENTRAL;AYACUCHO;HUAMANGA;MEJORAMIENTO DEL SERVICIO DE FORMACIÓN PROFESIONAL EN LA ESCUELA DE MEDICINA HUMANA DE LA FACULTAD DE CIENCIAS DE LA SALUD DE LA UNSCH  DISTRITO DE AYACUCHO - PROVINCIA DE HUAMANGA - DEPARTAMENTO DE AYACUCHO;99820;PEN;3;Comparación de Precios;goods;Baja competencia
1201094;20601625017;MUNICIPALIDAD DISTRITAL DE MEGANTONI;CUSCO;LA CONVENCION;MEJORAMIENTO DE LOS SERVICIOS DE LIMPIEZA PUBLICA EN EL ASENTAMIENTO RURAL DE MISHAHUA DEL DISTRITO DE MEGANTONI - PROVINCIA DE LA CONVENCION - DEPARTAMENTO DE CUSCO;54000;PEN;1;Comparación de Precios;goods;Baja competencia
1196318;20166544000;MUNICIPALIDAD DISTRITAL DE SAN MARCOS;ANCASH;HUARI;CREACION DE LOS SERVICIOS DE PROTECCIÓN EN RIBERAS DE RÍO VULNERABLES ANTE EL PELIGRO EN EL MARGEN DERECHO DEL RIO MOSNA EN EL TRAMO TINCO HASTA YUNCA CUTA DEL CENTRO POBLADO LA MERCED DE GAUCHO   DISTRITO DE SAN MARCOS DE LA PROVINCIA DE HUARI DEL DEPARTAMENTO DE ANCASH;161211.6;PEN;16;Concurso Público Abreviado;services;Mediana competencia
1197011;20133696742;MUNICIPALIDAD DISTRITAL DE EL TAMBO;JUNIN;HUANCAYO;CREACION DEL SERVICIO DE ALCANTARILLADO U OTRAS FORMAS DE DISPOSICIÓN SANITARIA DE EXCRETAS EN EL CENTRO POBLADO DE PACCHA   DISTRITO DE EL TAMBO DE LA PROVINCIA DE HUANCAYO DEL DEPARTAMENTO DE JUNIN;155587.47;PEN;7;Concurso Público Abreviado;services;Baja competencia
1193539;20165195290;MUNICIPALIDAD PROVINCIAL DE SAN ROMAN - JULIACA;PUNO;SAN ROMAN;MEJORAMIENTO DEL SERVICIO DE MOVILIDAD URBANA EN AV. CIRCUNVALACION I TRAMO OVALO SALIDA CUSCO - PARQUE DEL TRICICLISTA   DISTRITO DE JULIACA DE LA PROVINCIA DE SAN ROMAN DEL DEPARTAMENTO DE PUNO;840000;PEN;6;Subasta Inversa Electrónica;goods;Baja competencia
1199565;20167741208;MUNICIPALIDAD DISTRITAL DE MOCHE;LA LIBERTAD;TRUJILLO;"CONSTRUCCION DE PAVIMENTO, VEREDA Y SARDINEL; REMODELACION DE AREA VERDE; ADEMÁS DE OTROS ACTIVOS EN EL(LA) SERVICIO DE MOVILIDAD URBANA EN LAS CALLES DEL CASCO URBANO DEL  DISTRITO DE MOCHE, PROVINCIA TRUJILLO, DEPARTAMENTO LA LIBERTAD";152312.63;PEN;7;Concurso Público Abreviado;services;Baja competencia
1199910;20365993671;GOBIERNO REGIONAL DE APURIMAC-AGRICULTURA APURIMAC;APURIMAC;ABANCAY;MEJORAMIENTO DE LA GESTIÓN DE SERVICIOS AGROPECUARIOS DE LA DIRECCIÓN REGIONAL AGRARIA APURIMAC EN 5 PROVINCIAS DEL DEPARTAMENTO DE APURIMAC;193000;PEN;16;Concurso Público Abreviado;services;Mediana competencia
1197673;20288774553;MUNICIPALIDAD DISTRITAL DE CHALLHUAHUACHO;APURIMAC;COTABAMBAS;MEJORAMIENTO Y AMPLIACION DEL SERVICIO DE ATENCIÓN Y PROMOCIÓN DE LAS FAMILIAS EN LA COMUNIDAD DE CCASA DEL   DISTRITO DE CHALLHUAHUACHO DE LA PROVINCIA DE COTABAMBAS DEL DEPARTAMENTO DE APURIMAC;50757;PEN;17;Subasta Inversa Electrónica;goods;Mediana competencia
1201499;20161096068;MUNICIPALIDAD PROVINCIAL DE COTABAMBAS - TAMBOBAMBA;APURIMAC;COTABAMBAS;"CONSTRUCCION DE ALMACEN O DEPOSITO; EN EL(LA) UNIDAD DE ALMACEN PARA EL CONSUMO DIRECTO DE LA MUNICIPALIDAD PROVINICIAL DE COTABAMBAS - TAMBOBAMBA  DISTRITO DE TAMBOBAMBA, PROVINCIA COTABAMBAS, DEPARTAMENTO APURIMAC";124020;PEN;8;Subasta Inversa Electrónica;goods;Baja competencia
1192246;20190520286;MUNICIPALIDAD DISTRITAL DE SOCABAYA;AREQUIPA;AREQUIPA;MEJORAMIENTO DEL SERVICIO DE DRENAJE PLUVIAL EN LA AV. SOCABAYA DE LA URB. SAN MARTIN DE SOCABAYA ,    DISTRITO DE SOCABAYA DE LA PROVINCIA DE AREQUIPA DEL DEPARTAMENTO DE AREQUIPA;1797390.95;PEN;8;Licitación Pública Abreviada;works;Baja competencia
1198225;20494642078;GOBIERNO REGIONAL DE AYACUCHO - PROGRAMA REGIONAL DE IRRIGACION Y DESARROLLO RURAL INTEGRADO;AYACUCHO;HUAMANGA;CREACION DEL SERVICIO DE AGUA PARA EL SISTEMA DE RIEGO TECNIFICADO, EN LAS COMUNIDADES DE HUAYCHAO, HUAMANCCOCHA, CHACABAMBA, CCANOBAMBA, QUICHCAPATA Y GÓMEZ,  DISTRITO DE ACOS VINCHOS - PROVINCIA DE HUAMANGA - DEPARTAMENTO DE AYACUCHO;119000;PEN;9;Subasta Inversa Electrónica;goods;Baja competencia
1196047;20154601644;MUNICIPALIDAD DISTRITAL DE CAMPO VERDE;UCAYALI;CORONEL PORTILLO;CREACION DEL SERVICIO DE MOVILIDAD URBANA EN JR. JOSÉ MARIANO GANOZA, JR. LIBERTAD, DESDE JR. MARINO GANOZA HASTA JR. JOSÉ PEZO, PSJE. 1 DE JUNIO, PSJE. RESERVA  DE CENTRO POBLADO CAMPOVERDE DISTRITO DE CAMPOVERDE DE LA PROVINCIA DE CORONEL PORTILLO DEL DEPARTAMENTO DE UCAYALI;350000;PEN;6;Concurso Público Abreviado;services;Baja competencia
1192347;20141897935;MUNICIPALIDAD PROVINCIAL DE SANCHEZ CARRION - HUAMACHUCO;LA LIBERTAD;SANCHEZ CARRION;MEJORAMIENTO Y AMPLIACION DEL SERVICIO DE AGUA POTABLE Y SANEAMIENTO RURAL EN LOS SECTORES TOGANGA Y PAMPATAC CENTRO DEL CASERIO PAMPATAC, DISTRITO DE HUAMACHUCO, PROVINCIA DE SANCHEZ CARRION - LA LIBERTAD;332707.08;PEN;12;Concurso Público Abreviado;services;Mediana competencia
1201392;20141897935;MUNICIPALIDAD PROVINCIAL DE SANCHEZ CARRION - HUAMACHUCO;LA LIBERTAD;SANCHEZ CARRION;MEJORAMIENTO DEL SERVICIO DE PRÁCTICA DEPORTIVA Y/O RECREATIVA EN EL BARRIO SANTA ÚRSULA DE LA JUNTA VECINAL N°02,   DISTRITO DE HUAMACHUCO DE LA PROVINCIA DE SANCHEZ CARRION DEL DEPARTAMENTO DE LA LIBERTAD;145314.28;PEN;5;Concurso Público Abreviado;services;Baja competencia
1199222;20201191280;MUNICIPALIDAD DISTRITAL DE VITOC;JUNIN;CHANCHAMAYO;MEJORAMIENTO DEL SERVICIO DE MOVILIDAD URBANA EN PISTAS Y VEREDAS DEL CENTRO POBLADO DE ANTALOMA,  DISTRITO DE VITOC - PROVINCIA DE CHANCHAMAYO - DEPARTAMENTO DE JUNIN;77333.37;PEN;8;Subasta Inversa Electrónica;goods;Baja competencia
1201346;20154432516;MUNICIPALIDAD DISTRITAL DE SANTIAGO - CUSCO;CUSCO;CUSCO;CREACION DEL SERVICIO DE MOVILIDAD URBANA EN LA CALLE 3, CALLE ¿A¿, CALLE ¿C¿, CALLE ¿D¿, CALLE TRONCAL, Y CALLE S/N DE AA HH HERMANOS AYAR, CALLE S/N -APV VIRGEN CONCEPCIÓN, MZ ¿B¿ DE LA APV. LA PRADERA II Y LA MZ ¿A¿ Y ¿J¿ DE LA APV LA PRADERA   DISTRITO DE SANTIAGO DE LA PROVINCIA DE CUSCO DEL DEPARTAMENTO DE CUSCO;473322.5;PEN;9;Subasta Inversa Electrónica;goods;Baja competencia
1201319;20365993671;GOBIERNO REGIONAL DE APURIMAC-AGRICULTURA APURIMAC;APURIMAC;ABANCAY;MEJORAMIENTO DE LA COMPETITIVIDAD DE LA CADENA PRODUCTIVA DEL CULTIVO DE MAÍZ AMILÁCEO EN LAS PROVINCIAS DE ABANCAY, AYMARAES, ANTABAMBA, GRAU Y COTABAMBAS DE LA REGION APURIMAC 5 PROVINCIAS DEL DEPARTAMENTO DE APURIMAC;54000;PEN;3;Comparación de Precios;goods;Baja competencia
1199832;20527143200;GOBIERNO REGIONAL DE MADRE DE DIOS SEDE CENTRAL;MADRE DE DIOS;TAMBOPATA;MEJORAMIENTO DE LA RED VIAL DEPARTAMENTAL MD-102 TRAMO CHAPAJAL - EMBARCADERO BOTAFOGO - DISTRITO DE TAMBOPATA - PROVINCIA DE TAMBOPATA - REGIÓN MADRE DE DIOS;99732.5;PEN;5;Subasta Inversa Electrónica;goods;Baja competencia
1200590;20601122805;MUNICIPALIDAD DISTRITAL DE LA MORADA;HUANUCO;MARAÑON;"REPARACIÓN DE AULA DE EDUCACION INICIAL, AULA DE EDUCACION PRIMARIA, AMBIENTE DE PREPARACION Y EXPENDIO DE ALIMENTOS Y VESTUARIOS Y/O SSHH DE USUARIOS; EN EL(LA) I.E. 33158 EN LA LOCALIDAD ALTO AZUL, DISTRITO DE LA MORADA, PROVINCIA MARAÑON, DEPARTAMENTO HUANUCO";203287.83;PEN;8;Concurso Público Abreviado;services;Baja competencia
1199534;20206921898;MUNICIPALIDAD PROVINCIAL DE CARABAYA - MACUSANI;PUNO;CARABAYA;"CONSTRUCCION DE AULA DE INNOVACION PEDAGOGICA Y TALLER DE ARTE; ADQUISICION DE EQUIPAMIENTO DE AULA DE INNOVACION PEDAGOGICA Y EQUIPAMIENTO DE AMBIENTES COMPLEMENTARIOS; ADEMÁS DE OTROS ACTIVOS EN EL(LA) I.E. JULIO GABANCHO ENRIQUEZ  DISTRITO DE MACUSANI, PROVINCIA CARABAYA, DEPARTAMENTO PUNO";51725;PEN;3;Comparación de Precios;goods;Baja competencia
1193040;20131378620;MUNICIPALIDAD DISTRITAL DE ATE - VITARTE;LIMA;LIMA;"REMODELACION DE LOSA DEPORTIVA, CERCO PERIMETRICO, TORRE DE ILUMINACION Y VEREDA O ACERA; ADEMÁS DE OTROS ACTIVOS EN UN RECINTOS DEPORTIVOS EN LAS ZONAS DE DESARROLLO 1, 2, 3, 4, 5, 6 Y 7, DISTRITO DE ATE, PROVINCIA LIMA, DEPARTAMENTO LIMA";3667127.72;PEN;19;Licitación Pública Abreviada;works;Mediana competencia
1196712;20166544000;MUNICIPALIDAD DISTRITAL DE SAN MARCOS;ANCASH;HUARI;MEJORAMIENTO Y AMPLIACION DE LA TROCHA CARROZABLE TRAMO PUENTE SAN ANTONIO DE JUPROG HASTA EL CASERIO DE JUPROG BADO DEL  DISTRITO DE SAN MARCOS - PROVINCIA DE HUARI - DEPARTAMENTO DE ANCASH;251578.49;PEN;9;Concurso Público Abreviado;services;Baja competencia
1198695;20452393493;GOBIERNO REGIONAL DE AYACUCHO SEDE CENTRAL;AYACUCHO;HUAMANGA;MEJORAMIENTO Y AMPLIACION DEL SERVICIO EDUCATIVO DEL NIVEL PRIMARIA, SECUNDARIA Y BASICA ALTERNATIVA DE LA I.E. LOS LIBERTADORES  DISTRITO DE AYACUCHO - PROVINCIA DE HUAMANGA - DEPARTAMENTO DE AYACUCHO;484495;PEN;29;Licitación Pública Abreviada;goods;Alta competencia
1198845;20288774553;MUNICIPALIDAD DISTRITAL DE CHALLHUAHUACHO;APURIMAC;COTABAMBAS;MEJORAMIENTO Y AMPLIACION DEL SERVICIO DE ATENCIÓN Y PROMOCIÓN DE LAS FAMILIAS EN LA COMUNIDAD DE CCASA DEL   DISTRITO DE CHALLHUAHUACHO DE LA PROVINCIA DE COTABAMBAS DEL DEPARTAMENTO DE APURIMAC;58500;PEN;38;Subasta Inversa Electrónica;goods;Alta competencia
1200936;20189975920;GOBIERNO REGIONAL DE CUSCO - DIRECCION REGIONAL DE TRANSPORTES Y COMUNICACIONES CUSCO;CUSCO;CUSCO;MEJORAMIENTO DEL SERVICIO DE LA TRANSITABILIDAD VEHICULAR DE LA CARRETERA DEPARTAMENTAL CU-120, TRAMO EMP CU-119 (TINCOC) ¿ EMP. CU 117 (CUSIBAMBA) EN LOS DISTRITOS DE PACCARITAMBO Y PARURO DE LA  PROVINCIA DE PARURO - DEPARTAMENTO DE CUSCO;11950000;PEN;35;Concurso Público de Servicios;services;Alta competencia
1200612;20190173110;MUNICIPALIDAD DISTRITAL DE MIRAFLORES - YAUYOS;LIMA;YAUYOS;CREACION DEL SERVICIO DE SEGURIDAD CIUDADANA LOCAL EN LOCALIDAD DE MIRAFLORES   DISTRITO DE MIRAFLORES DE LA PROVINCIA DE YAUYOS DEL DEPARTAMENTO DE LIMA;160000;PEN;11;Licitación Pública Abreviada;goods;Mediana competencia
1192337;20479569861;GOBIERNO REGIONAL DE AMAZONAS SEDE CENTRAL;AMAZONAS;CHACHAPOYAS;MEJORAMIENTO DE LOS SERVICIOS TURÍSTICOS PÚBLICOS EN RECURSOS TURÍSTICOS  EN EL CORREDOR TURÍSTICO , CHACHAPOYAS - HUANCAS   DISTRITOS DE CHACHAPOYAS, HUANCAS DE LA PROVINCIA DE CHACHAPOYAS DEL DEPARTAMENTO DE AMAZONAS;304596.81;PEN;4;Licitación Pública Abreviada;works;Baja competencia
1200111;20365993671;GOBIERNO REGIONAL DE APURIMAC-AGRICULTURA APURIMAC;APURIMAC;ABANCAY;MEJORAMIENTO DE LA PRODUCCIÓN PECUARIA A TRAVÉS LA RECUPERACIÓN DE PASTOS Y FORRAJES MEDIANTE EL SISTEMA INTEGRAL AGROSILVOPASTORIL EN ZONAS ALTO ANDINAS EN 7 PROVINCIAS DEL DEPARTAMENTO DE APURIMAC;129900;PEN;28;Licitación Pública Abreviada;goods;Alta competencia
1197321;20175113194;MUNICIPALIDAD DISTRITAL DE PACASMAYO;LA LIBERTAD;PACASMAYO;"CONSTRUCCION DE CALZADA Y VEREDA; EN EL(LA) CALLE LIBERTAD DEL  DISTRITO DE PACASMAYO, PROVINCIA PACASMAYO, DEPARTAMENTO LA LIBERTAD";431484.31;PEN;11;Licitación Pública Abreviada;works;Mediana competencia
1195623;20601625017;MUNICIPALIDAD DISTRITAL DE MEGANTONI;CUSCO;LA CONVENCION;MEJORAMIENTO Y AMPLIACION DEL SERVICIO DE AGUA POTABLE RURAL Y DISPOSICIÓN SANITARIA DE EXCRETAS EN LA COMUNIDAD NATIVA DE CAMANÁ DEL  DISTRITO DE MEGANTONI - PROVINCIA DE LA CONVENCION - DEPARTAMENTO DE CUSCO;948578.52;PEN;29;Concurso Público para Consultoría;services;Alta competencia
1193980;20191636016;MUNICIPALIDAD DISTRITAL DE PASTAZA;LORETO;DATEM DEL MARAÑON;MEJORAMIENTO DEL SERVICIO DE ATENCIÓN DE SALUD BÁSICOS EN NUEVA YARINA   DISTRITO DE PASTAZA DE LA PROVINCIA DE DATEM DEL MARAÑON DEL DEPARTAMENTO DE LORETO;427816.08;PEN;7;Concurso Público Abreviado;services;Baja competencia
1198377;20193063218;MUNICIPALIDAD PROVINCIAL DE SANCHEZ CERRO - OMATE;MOQUEGUA;GENERAL SANCHEZ CERRO;CREACION DEL SERVICIO DE MOVILIDAD URBANA EN LAS VÍAS LOCALES DE LA ASOCIACIÓN DE VIVIENDA SAN ISIDRO II ETAPA DEL ANEXO COGRI DEL   DISTRITO DE OMATE DE LA PROVINCIA DE GENERAL SANCHEZ CERRO DEL DEPARTAMENTO DE MOQUEGUA;215600;PEN;8;Subasta Inversa Electrónica;goods;Baja competencia
1197533;20406325815;GOBIERNO REGIONAL DE PUNO SEDE CENTRAL;PUNO;PUNO;MEJORAMIENTO DE LOS SERVICIOS DE APOYO AL DESARROLLO PRODUCTIVO EN 19 UNIDADES PRODUCTORAS 19 DISTRITOS DE 7 PROVINCIAS DEL DEPARTAMENTO DE PUNO;53233;PEN;11;Subasta Inversa Electrónica;goods;Mediana competencia
1201033;20178082222;MUNICIPALIDAD PROVINCIAL DE CONDORCANQUI - NIEVA;AMAZONAS;CONDORCANQUI;"CONSTRUCCION DE AULA DE EDUCACION SECUNDARIA Y AMBIENTE ADMINISTRATIVO; ADQUISICION DE EQUIPO PARA FUENTES DE ENERGIA SOLAR Y MOBILIARIO DE AULA DE EDUCACION SECUNDARIA; EN EL(LA) I.E. HECTOR PEAS TSEGKUAN EN EL CENTRO POBLADO KAYACUSHA, DISTRITO DE NIEVA, PROVINCIA CONDORCANQUI, DEPARTAMENTO AMAZONAS";1225849.91;PEN;6;Licitación Pública Abreviada;works;Baja competencia
1199658;20489250731;GOBIERNO REGIONAL DE HUANUCO SEDE CENTRAL;HUANUCO;HUANUCO;MEJORAMIENTO DE LA CAPACIDAD RESOLUTIVA DEL HOSPITAL DE TINGO MARIA;80220.4;PEN;3;Comparación de Precios;goods;Baja competencia
1195601;20406325815;GOBIERNO REGIONAL DE PUNO SEDE CENTRAL;PUNO;PUNO;MEJORAMIENTO DEL SERVICIO EDUCATIVO DE LA I.E.S. LAS MERCEDES DE LA CIUDAD DE JULIACA - DISTRITO DE JULIACA - PROVINCIA DE SAN ROMAN - DEPARTAMENTO DE PUNO;51000;PEN;46;Licitación Pública Abreviada;goods;Alta competencia
1197702;20489250731;GOBIERNO REGIONAL DE HUANUCO SEDE CENTRAL;HUANUCO;HUANUCO;CONSTRUCCION DEL SISTEMA DE AGUA POTABLE Y ALCANTARILLADO DEL CENTRO POBLADO LA ESPERANZA Y ANEXOS - AMARILIS HUANUCO, PROVINCIA DE HUANUCO - HUANUCO;137500;PEN;3;Concurso Público Abreviado;services;Baja competencia
1198444;20219098236;MUNICIPALIDAD DISTRITAL DE LUIS CARRANZA;AYACUCHO;LA MAR;CREACION DEL SERVICIO DE PROVISIÓN DE AGUA PARA RIEGO EN SECTOR DE RIEGO TARAORCCO  DE CENTRO POBLADO PAMPAS DISTRITO DE LUIS CARRANZA DE LA PROVINCIA DE LA MAR DEL DEPARTAMENTO DE AYACUCHO;81397.5;PEN;3;Comparación de Precios;goods;Baja competencia
1193613;20192751919;MUNICIPALIDAD DISTRITAL DE QUIRUVILCA;LA LIBERTAD;SANTIAGO DE CHUCO;MEJORAMIENTO DEL SERVICIO EDUCATIVO EN LA I.E. N80556 ALEJANDRO TORIBIO RODRIGUEZ DE MENDOZA COLLANTES NIVEL PRIMARIO DEL CASERIO PALCO, DISTRITO DE QUIRUVILCA - SANTIAGO DE CHUCO - LA LIBERTAD;145905.13;PEN;18;Concurso Público Abreviado;services;Mediana competencia
1200771;20154572792;MUNICIPALIDAD PROVINCIAL DE CORONEL PORTILLO;UCAYALI;CORONEL PORTILLO;MEJORAMIENTO DEL SERVICIOS DE ESPACIOS PÚBLICOS URBANOS EN PLAZA CIVICA SANTA ROSA   DISTRITO DE MASISEA DE LA PROVINCIA DE CORONEL PORTILLO DEL DEPARTAMENTO DE UCAYALI;182693.5;PEN;4;Concurso Público Abreviado;services;Baja competencia
1201755;20604676372;PROGRAMA NACIONAL DE TELECOMUNICACIONES;LIMA;LIMA;INSTALACION DE BANDA ANCHA PARA LA CONECTIVIDAD INTEGRAL Y DESARROLLO SOCIAL DE LA REGION CAJAMARCA,INSTALACION DE BANDA ANCHA PARA LA CONECTIVIDAD INTEGRAL Y DESARROLLO SOCIAL DE LA REGION TUMBES,INSTALACION DE BANDA ANCHA PARA LA CONECTIVIDAD INTEGRAL Y DESARROLLO SOCIAL DE LA REGION PIURA;846852.05;PEN;1;Contratación Directa;services;Baja competencia
1199176;20205028600;MUNICIPALIDAD DISTRITAL DE COYLLURQUI;APURIMAC;COTABAMBAS;MEJORAMIENTO DE LOS SERVICIOS DE APOYO AL DESARROLLO PRODUCTIVO EN LA CRIANZA DE GANADO VACUNO DE LECHE Y ENGORDE EN LAS COMUNIDADES DE AYAHUILLCA, ACPITAN, YADQUIRI, LLAULLIYOQ, HUANCUIRE  Y SORCCO DEL   DISTRITO DE COYLLURQUI DE LA PROVINCIA DE COTABAMBAS DEL DEPARTAMENTO DE APURIMAC;63360;PEN;10;Subasta Inversa Electrónica;goods;Mediana competencia
1193505;20168007168;MUNICIPALIDAD PROVINCIAL DE CHACHAPOYAS;AMAZONAS;CHACHAPOYAS;MEJORAMIENTO DEL SERVICIO DE MOVILIDAD URBANA EN 4 UNIDADES PRODUCTORAS   DISTRITO DE CHACHAPOYAS DE LA PROVINCIA DE CHACHAPOYAS DEL DEPARTAMENTO DE AMAZONAS;81050.13;PEN;9;Subasta Inversa Electrónica;goods;Baja competencia
1197017;20227108691;MUNICIPALIDAD DISTRITAL DE SANTIAGO DE PUPUJA;PUNO;AZANGARO;MEJORAMIENTO DEL SERVICIO DE EDUCACION PRIMARIA EN I.E. 72094 JOSE ANTONIO ENCINAS FRANCO   DISTRITO DE SANTIAGO DE PUPUJA DE LA PROVINCIA DE AZANGARO DEL DEPARTAMENTO DE PUNO;3295216.94;PEN;9;Licitación Pública Abreviada;works;Baja competencia
1195622;20452393493;GOBIERNO REGIONAL DE AYACUCHO SEDE CENTRAL;AYACUCHO;HUAMANGA;CREACION DEL SERVICIO DE TRANSITABILIDAD VEHICULAR DEL TRAMO TIRCUS ¿ MEJORADA,  DISTRITO DE SIVIA - PROVINCIA DE HUANTA - DEPARTAMENTO DE AYACUCHO;463050;PEN;12;Concurso Público Abreviado;services;Mediana competencia
1198152;20489250731;GOBIERNO REGIONAL DE HUANUCO SEDE CENTRAL;HUANUCO;HUANUCO;MEJORAMIENTO DE SERVICIOS DE PRESTACIÓN DE SERVICIOS DE APOYO TECNICO A PRODUCTORES DE  CADENA PRODUCTIVA DE PECES TROPICALES EN LAS 5 PROVINCIAS DEL DEPARTAMENTO DE HUANUCO;191408;PEN;18;Licitación Pública Abreviada;goods;Mediana competencia
1195741;20220499767;MUNICIPALIDAD PROVINCIAL DE CHOTA;CAJAMARCA;CHOTA;MEJORAMIENTO DEL SERVICIO DE PRÁCTICA DEPORTIVA Y/O RECREATIVA EN EL POLIDEPORTIVO EN EL CASERIO DE SAN CARLOS BAJO  DE CENTRO POBLADO SAN CARLOS DISTRITO DE LLAMA DE LA PROVINCIA DE CHOTA DEL DEPARTAMENTO DE CAJAMARCA;740333.66;PEN;16;Licitación Pública Abreviada;works;Mediana competencia
1192633;20147552506;MUNICIPALIDAD DISTRITAL DE PISAC;CUSCO;CALCA;CREACION DE LOS SERVICIOS PÚBLICOS DE INTEGRACIÓN ECONÓMICA Y SOCIAL EN EL CENTRO POBLADO DE CUYO GRANDE DEL   DISTRITO DE PISAC DE LA PROVINCIA DE CALCA DEL DEPARTAMENTO DE CUSCO;76905.3;PEN;7;Subasta Inversa Electrónica;goods;Baja competencia
1200329;20172361138;MUNICIPALIDAD DISTRITAL DE CRESPO Y CASTILLO;HUANUCO;LEONCIO PRADO;CREACION DEL SERVICIO DE MOVILIDAD URBANA EN LA AV. SAN MARTIN CUADRA 1,2,3 Y 4 DEL SECTOR SANGAPILLA I,EN EL CENTRO POBLADO DE AUCAYACU DEL DISTRITO DE JOSE CRESPO Y CASTILLO - PROVINCIA DE LEONCIO PRADO - DEPARTAMENTO DE HUANUCO;1473050.69;PEN;7;Licitación Pública Abreviada;works;Baja competencia
1194874;20527147612;GOBIERNO REGIONAL DE CUSCO SEDE CENTRAL;CUSCO;CUSCO;MEJORAMIENTO DE LA OFERTA DEL SERVICIO EDUCATIVO DE LA INSTITUCIÓN EDUCATIVA PRIMARIA N 50718 DE LA COMUNIDAD DE AUSARAY CCATCA, DISTRITO DE CCATCA - QUISPICANCHI - CUSCO;64440;PEN;3;Comparación de Precios;goods;Baja competencia
1194265;20193334262;MUNICIPALIDAD PROVINCIAL DE YUNGAY;ANCASH;YUNGAY;MEJORAMIENTO Y AMPLIACION DEL SERVICIO DE AGUA POTABLE Y CREACION DEL SERVICIO DE DESAGUE EN EL CASERIO DE COLLCAPAMPA, DISTRITO DE YUNGAY, PROVINCIA DE YUNGAY - ANCASH;78900;PEN;10;Concurso Público Abreviado;services;Mediana competencia
1193227;20479569780;GOBIERNO REGIONAL DE LAMBAYEQUE SEDE CENTRAL;LAMBAYEQUE;CHICLAYO;MEJORAMIENTO Y AMPLIACION DEL SERVICIO DE EDUCACIÓN INICIAL, SERVICIO DE EDUCACION PRIMARIA Y SERVICIO DE EDUCACIÓN SECUNDARIA EN I.E. 11049  DE CENTRO POBLADO  SIGUES DISTRITO DE CAÑARIS DE LA PROVINCIA DE FERREÑAFE DEL DEPARTAMENTO DE LAMBAYEQUE;340567.32;PEN;24;Concurso Público Abreviado;services;Alta competencia
1197810;20452393493;GOBIERNO REGIONAL DE AYACUCHO SEDE CENTRAL;AYACUCHO;HUAMANGA;AMPLIACIÓN Y MEJORAMIENTO DE INFRAESTRUCTURA Y EQUIPAMIENTO DE LA INSTITUCIÓN EDUCATIVA SECUNDARIA LOS MOROCHUCOS DE PAMPACANGALLO, DISTRITO LOS MOROCHUCOS, PROVINCIA DE CANGALLO - AYACUCHO;153000;PEN;10;Subasta Inversa Electrónica;goods;Mediana competencia
1200910;20178082222;MUNICIPALIDAD PROVINCIAL DE CONDORCANQUI - NIEVA;AMAZONAS;CONDORCANQUI;"CONSTRUCCION DE AULA DE EDUCACION PRIMARIA Y AMBIENTE ADMINISTRATIVO; ADQUISICION DE EQUIPO PARA FUENTES DE ENERGIA SOLAR Y MOBILIARIO DE AULA DE EDUCACION PRIMARIA; EN EL(LA) I.E. 17830 EN EL CENTRO POBLADO CHINCAN, DISTRITO DE NIEVA, PROVINCIA CONDORCANQUI, DEPARTAMENTO AMAZONAS";1148604.21;PEN;5;Licitación Pública Abreviada;works;Baja competencia
1201425;20201520364;MUNICIPALIDAD DISTRITAL DE MARA;APURIMAC;COTABAMBAS;CREACION DEL SERVICIO DE PRÁCTICA DEPORTIVA Y/O RECREATIVA EN CENTRO POBLADO DE APUMARCA   DISTRITO DE MARA DE LA PROVINCIA DE COTABAMBAS DEL DEPARTAMENTO DE APURIMAC;69625;PEN;16;Subasta Inversa Electrónica;goods;Mediana competencia
1205655;20198827054;MUNICIPALIDAD DISTRITAL DE PUCARA - LAMPA;PUNO;LAMPA;"RENOVACION DE INFRAESTRUCTURA DEPORTIVA; EN EL(LA) CANCHA DEPORTIVA DEL CENTRO POBLADO DE CHIJNAYA  DISTRITO DE PUCARA, PROVINCIA LAMPA, DEPARTAMENTO PUNO";150000;PEN;21;Concurso Público Abreviado;services;Alta competencia
1200862;20167987118;MUNICIPALIDAD DISTRITAL DE SAN MARTIN ALAO;SAN MARTIN;EL DORADO;CREACION DEL SERVICIOS DE ESPACIOS PÚBLICOS URBANOS EN PLAZA DE ARMAS DE SAN MARTIN   DE CENTRO POBLADO SAN MARTIN DISTRITO DE SAN MARTIN DE LA PROVINCIA DE EL DORADO DEL DEPARTAMENTO DE SAN MARTIN;123915;PEN;12;Subasta Inversa Electrónica;goods;Mediana competencia
1197786;20185898343;GOBIERNO REGIONAL DE APURIMAC-CHANKA;APURIMAC;ABANCAY;MEJORAMIENTO Y AMPLIACION DEL SERVICIO DE AGUA PARA RIEGO EN ANCCARAYLLA, CCACCE,CHAVELAYOC, PALMA REAL,SANTA ROSA ALTA,UNIÓN CLAVELES,CUNCAYOC,CCACHCCARUMIHUAYCCO, RAYANNIYOC,CCOCHO MOCCO, SANTA ANITA,AÑASORCCO,SACHAYOC MOCCO,CABALLO OCCO,PURMACC WASICUCHO, POTRERO OCCO,CCALLPA MOCCO,CUMANAYLLA,CHECCHE,SACLAYA, ÑAHUINPUQUIO, HUARACCOPATA, CCANCHUPATA Y CHAQUICCOCHAPATA, EN LOS DISTRITOS DE ANDAHUAYLAS, SAN JERONIMO Y JOSE MARIA ARGUEDAS DE LA  PROVINCIA DE ANDAHUAYLAS - DEPARTAMENTO DE APURIMAC;137169.07;PEN;32;Licitación Pública Abreviada;goods;Alta competencia
1193930;20189975920;GOBIERNO REGIONAL DE CUSCO - DIRECCION REGIONAL DE TRANSPORTES Y COMUNICACIONES CUSCO;CUSCO;CUSCO;MEJORAMIENTO DEL SERVICIO DE LA TRANSITABILIDAD VEHICULAR DE LA CARRETERA DEPARTAMENTAL CU-120, TRAMO EMP CU-119 (TINCOC) ¿ EMP. CU 117 (CUSIBAMBA) EN LOS DISTRITOS DE PACCARITAMBO Y PARURO DE LA  PROVINCIA DE PARURO - DEPARTAMENTO DE CUSCO;335000;PEN;9;Subasta Inversa Electrónica;goods;Baja competencia
1195397;20452393493;GOBIERNO REGIONAL DE AYACUCHO SEDE CENTRAL;AYACUCHO;HUAMANGA;CREACION DE CAMINO VECINAL ENTRE LAS COMUNIDADES DE SAN JOSE-SILLACCASA Y YANTA YANTA  EN EL DISTRITO DE SANTA ROSA, PROVINCIA DE LA MAR - AYACUCHO;86400;PEN;9;Concurso Público Abreviado;services;Baja competencia
1198316;20191716397;MUNICIPALIDAD DISTRITAL DE ZEPITA;PUNO;CHUCUITO;MEJORAMIENTO DEL SERVICIO DE PRÁCTICA DEPORTIVA Y/O RECREATIVA EN ESTADIO MUNICIPAL DEL CENTRO POBLADO JOSE CARLOS MARIATEGUI   DISTRITO DE ZEPITA DE LA PROVINCIA DE CHUCUITO DEL DEPARTAMENTO DE PUNO;467401.6;PEN;21;Licitación Pública Abreviada;goods;Alta competencia
1196420;20173249421;MUNICIPALIDAD DISTRITAL DE CIRCA;APURIMAC;ABANCAY;CREACION DE LOS SERVICIOS OPERATIVOS O MISIONALES INSTITUCIONALES EN LOCAL MULTIUSOS DE CENTRO POBLADO TACCACCA DEL DISTRITO DE CIRCA - PROVINCIA DE ABANCAY - DEPARTAMENTO DE APURIMAC;76513.6;PEN;8;Subasta Inversa Electrónica;goods;Baja competencia
1201068;20178082222;MUNICIPALIDAD PROVINCIAL DE CONDORCANQUI - NIEVA;AMAZONAS;CONDORCANQUI;"CONSTRUCCION DE AULA DE EDUCACION PRIMARIA Y AMBIENTE ADMINISTRATIVO; ADQUISICION DE EQUIPO PARA FUENTES DE ENERGIA SOLAR Y MOBILIARIO DE AULA DE EDUCACION PRIMARIA; EN EL(LA) I.E. 17327 EN EL CENTRO POBLADO ALTO WAISIM, DISTRITO DE NIEVA, PROVINCIA CONDORCANQUI, DEPARTAMENTO AMAZONAS";1201352.67;PEN;5;Licitación Pública Abreviada;works;Baja competencia
1199573;20198193454;MUNICIPALIDAD DISTRITAL DE CUENCA - HUANCAVELICA;HUANCAVELICA;HUANCAVELICA;MEJORAMIENTO Y AMPLIACION DEL SERVICIO DE MOVILIDAD URBANA EN PISTAS Y VEREDAS DE LA LOCALIDAD DE CUENCA DEL   DISTRITO DE CUENCA DE LA PROVINCIA DE HUANCAVELICA DEL DEPARTAMENTO DE HUANCAVELICA;236697.25;PEN;7;Concurso Público Abreviado;services;Baja competencia
1193271;20193443479;MUNICIPALIDAD DISTRITAL DE ALTO TAPICHE;LORETO;REQUENA;MEJORAMIENTO Y AMPLIACION DEL SERVICIO DE MOVILIDAD URBANA EN TRANSITABILIDAD PEATONAL EN LA LOCALIDAD DE WICUNGO   DISTRITO DE ALTO TAPICHE DE LA PROVINCIA DE REQUENA DEL DEPARTAMENTO DE LORETO;2226477.88;PEN;8;Licitación Pública Abreviada;works;Baja competencia
1195344;20215430554;MUNICIPALIDAD DISTRITAL DE PUERTO BERMUDEZ;PASCO;OXAPAMPA;CREACION DEL SERVICIO DE PRÁCTICA DEPORTIVA Y/O RECREATIVA EN LA LOSA DEPORTIVA DE LA CC.NN. MANICHARI   DISTRITO DE PUERTO BERMUDEZ DE LA PROVINCIA DE OXAPAMPA DEL DEPARTAMENTO DE PASCO,CREACION DEL SERVICIO DE PRÁCTICA DEPORTIVA Y/O RECREATIVA EN LA LOSA DEPORTIVA DE LA LOCALIDAD DE NARANJILLO NEVATI DEL   DISTRITO DE PUERTO BERMUDEZ DE LA PROVINCIA DE OXAPAMPA DEL DEPARTAMENTO DE PASCO,CREACION DEL SERVICIO DE PRÁCTICA DEPORTIVA Y/O RECREATIVA EN LA LOSA DEPORTIVA DE LA CC.NN. SARDIS,  DISTRITO DE PUERTO BERMUDEZ - PROVINCIA DE OXAPAMPA - DEPARTAMENTO DE PASCO,CREACION DEL SERVICIO DE PRÁCTICA DEPORTIVA Y/O RECREATIVA EN LA LOSA DEPORTIVA DE LA CC.NN. SANTA ISIDORA   DISTRITO DE PUERTO BERMUDEZ DE LA PROVINCIA DE OXAPAMPA DEL DEPARTAMENTO DE PASCO;933391.21;PEN;1;Licitación Pública Abreviada;works;Baja competencia
1192955;20148092282;UNIVERSIDAD NACIONAL MAYOR DE SAN MARCOS;LIMA;LIMA;MEJORAMIENTO Y AMPLIACIÓN DE LOS SERVICIOS DE CTI PARA FORTALECER EL SISTEMA NACIONAL DE CIENCIA, TECNOLOGÍA E INNOVACIÓN;22600;PEN;4;Convenio;services;Baja competencia
1197230;20191716397;MUNICIPALIDAD DISTRITAL DE ZEPITA;PUNO;CHUCUITO;MEJORAMIENTO DEL SERVICIO DE PRÁCTICA DEPORTIVA Y/O RECREATIVA EN EL ESTADIO DEPORTIVO DEL CENTRO POBLADO DE ISANI   DISTRITO DE ZEPITA DE LA PROVINCIA DE CHUCUITO DEL DEPARTAMENTO DE PUNO;435325.8;PEN;15;Licitación Pública Abreviada;goods;Mediana competencia
1199959;20494642078;GOBIERNO REGIONAL DE AYACUCHO - PROGRAMA REGIONAL DE IRRIGACION Y DESARROLLO RURAL INTEGRADO;AYACUCHO;HUAMANGA;CONSTRUCCION REPRESA CHANQUIL Y EL SISTEMA DE RIEGO  CHANQUIL INCARACCAY, PROVINCIA DE CANGALLO - AYACUCHO;122500;PEN;22;Concurso Público Abreviado;services;Alta competencia
1201542;20201520364;MUNICIPALIDAD DISTRITAL DE MARA;APURIMAC;COTABAMBAS;CREACION DEL SERVICIO DE PRÁCTICA DEPORTIVA Y/O RECREATIVA EN CENTRO POBLADO DE APUMARCA   DISTRITO DE MARA DE LA PROVINCIA DE COTABAMBAS DEL DEPARTAMENTO DE APURIMAC;61280;PEN;8;Subasta Inversa Electrónica;goods;Baja competencia
1198802;20131369477;INSTITUTO TECNOLOGICO DE LA PRODUCCION;LIMA;LIMA;MEJORAMIENTO Y AMPLIACION SERVICIOS DE INNOVACIÓN PRODUCTIVA Y TRANSFERENCIA TECNOLÓGICA EN LA CADENA DE VALOR DE PRODUCTOS PROCESADOS DE FRUTAS, HORTALIZAS, LEGUMBRES, CEREALES (ARÁNDANOS, MARACUYÁ, PIÑA, PIMIENTO, AJÍ, CHÍA Y QUINUA) Y LÁCTEOS EN EL CITEAGROINDUSTRIAL CHAVIMOCHIC  DISTRITO DE VIRU - PROVINCIA DE VIRU - DEPARTAMENTO DE LA LIBERTAD;405000;PEN;10;Licitación Pública Abreviada;goods;Mediana competencia
1198927;20146992367;MUNICIPALIDAD DISTRITAL DE TAMARINDO;PIURA;PAITA;CREACION DEL SERVICIO DE MOVILIDAD URBANA EN LA CALLE SAN MARTIN, TRANS. CALLE S/N, TUPAC AMARU, ALFONSO UGARTE, MARISCAL CASTILLA DEL SECTOR TAMARINDO   DISTRITO DE TAMARINDO DE LA PROVINCIA DE PAITA DEL DEPARTAMENTO DE PIURA;100000;PEN;13;Concurso Público Abreviado;services;Mediana competencia
1192788;20195270938;MUNICIPALIDAD DISTRITAL DE SAN GABAN;PUNO;CARABAYA;MEJORAMIENTO DE LOS SERVICIOS DE ESPACIOS PUBLICOS URBANOS EN ACTIVIDADES PROTOCOLARES DE CENTRO POBLADO ICACO DISTRITO DE SAN GABAN DE LA PROVINCIA DE CARABAYA DEL DEPARTAMENTO DE PUNO;799759.11;PEN;13;Licitación Pública Abreviada;works;Mediana competencia
1197182;20164032613;MUNICIPALIDAD DISTRITAL DE PIMENTEL;LAMBAYEQUE;CHICLAYO;"CONSTRUCCION DE PISTA Y VEREDA; EN EL(LA) PSJS CORTIJO Y PEDRO RUIZ  DISTRITO DE PIMENTEL, PROVINCIA CHICLAYO, DEPARTAMENTO LAMBAYEQUE,CONSTRUCCION DE PAVIMENTO Y VEREDA; EN EL(LA) PASAJE JORGE BASADRE  DISTRITO DE PIMENTEL, PROVINCIA CHICLAYO, DEPARTAMENTO LAMBAYEQUE,CONSTRUCCION DE PISTA Y VEREDA; EN EL(LA) PASAJE COLISEO Y PSJ. S/N 001  DISTRITO DE PIMENTEL, PROVINCIA CHICLAYO, DEPARTAMENTO LAMBAYEQUE";547858;PEN;22;Licitación Pública Abreviada;works;Alta competencia
1199728;20161096068;MUNICIPALIDAD PROVINCIAL DE COTABAMBAS - TAMBOBAMBA;APURIMAC;COTABAMBAS;MEJORAMIENTO DE LA PLAZA PRINCIPAL DEL CENTRO POBLADO DE MINASCUCHO DEL  DISTRITO DE CHALLHUAHUACHO - PROVINCIA DE COTABAMBAS - DEPARTAMENTO DE APURIMAC;65709;PEN;25;Subasta Inversa Electrónica;goods;Alta competencia
1196212;20527143200;GOBIERNO REGIONAL DE MADRE DE DIOS SEDE CENTRAL;MADRE DE DIOS;TAMBOPATA;MEJORAMIENTO Y AMPLIACION DE LOS SERVICIOS EDUCATIVOS DEL NIVEL PRIMARIA Y SECUNDARIA CON JORNADA ESCOLAR COMPLETA DE LA I.E. CAP. FAP. JOSE ABELARDO QUIÑONES DEL CENTRO POBLADO LA JOYA - DISTRITO DE TAMBOPATA - PROVINCIA DE TAMBOPATA - REGIÓN MADRE DE DIOS;217634;PEN;22;Licitación Pública Abreviada;goods;Alta competencia
1197743;20489250731;GOBIERNO REGIONAL DE HUANUCO SEDE CENTRAL;HUANUCO;HUANUCO;MEJORAMIENTO DE LA CAPACIDAD RESOLUTIVA DEL HOSPITAL DE TINGO MARIA;165484.97;PEN;17;Licitación Pública Abreviada;goods;Mediana competencia
1200480;20199906306;MUNICIPALIDAD DISTRITAL DE SAN JERONIMO - ANDAHUAYLAS;APURIMAC;ANDAHUAYLAS;MEJORAMIENTO DE LOS SERVICIOS OPERATIVOS O MISIONALES INSTITUCIONALES EN PALACIO MUNICIPAL  DE CENTRO POBLADO CHAMPACCOCHA DISTRITO DE SAN JERONIMO DE LA PROVINCIA DE ANDAHUAYLAS DEL DEPARTAMENTO DE APURIMAC;65660.5;PEN;4;Subasta Inversa Electrónica;goods;Baja competencia
1200993;20159316981;GOBIERNO REGIONAL DE CUSCO-INSTITUTO DE MANEJO DE AGUA Y MEDIO AMBIENTE( IMA);CUSCO;CUSCO;RECUPERACION DEL SERVICIO  ECOSISTEMICO DE REGULACIÓN HIDRICA EN LAS MICROCUENCAS DE TOCCOHUANCA, LLANCAMA, LLANQUEMAYO, TAUCABAMBA Y MISKAHUAYCCO DE LA CUENCA MEDIA DEL APURIMAC - EN LOS DISTRITOS DE PARURO, OMACHA, PILLPINTO Y CHINCHAYPUJIO EN LAS PROVINCIAS DE ANTA Y PARURO DEL  DEPARTAMENTO DE CUSCO;220990;PEN;20;Licitación Pública Abreviada;goods;Mediana competencia
1197065;20607828050;MUNICIPALIDAD DISTRITAL DE HUIPOCA;UCAYALI;PADRE ABAD;"RENOVACION DE SUPERFICIE DE RODADURA; EN EL(LA) VIA VECINAL SECTOR TRAMO II  DE SANTA MARÍA, SECTOR NUEVO PERU, SECTOR NUEVO JAEN Y ANEXOS  DISTRITO DE HUIPOCA, PROVINCIA PADRE ABAD, DEPARTAMENTO UCAYALI";237556.25;PEN;2;Subasta Inversa Electrónica;goods;Baja competencia
1195633;20564327019;GOBIERNO REGIONAL DE APURIMAC  - UNIDAD EJECUTORA GERENCIA SUB REGIONAL DE COTABAMBAS;APURIMAC;COTABAMBAS;MEJORAMIENTO DEL SERVICIO EDUCATIVO DEL INSTITUTO DE EDUCACIÓN SUPERIOR TECNOLÓGICO PUBLICO DE HAQUIRA, DEL DISTRITO DE HAQUIRA, PROVINCIA DE ABANCAY - APURÍMAC;250000;PEN;32;Concurso Público Abreviado;services;Alta competencia
1199156;20146721410;MUNICIPALIDAD PROVINCIAL DE SECHURA;PIURA;SECHURA;MEJORAMIENTO DE LA PLAZA CÍVICA PRINCIPAL DEL C.P CHUSIS DEL DISTRITO DE SECHURA - PROVINCIA DE SECHURA - DEPARTAMENTO DE PIURA;140120;PEN;21;Concurso Público Abreviado;services;Alta competencia
1200420;20159311598;GOBIERNO REGIONAL DE CUSCO - PROYECTO ESPECIAL REGIONAL PLAN COPESCO;CUSCO;CUSCO;MEJORAMIENTO DEL SERVICIO DE TRANSITABILIDAD VIAL INTERURBANA, EN LA VÍA VECINAL CU 902 - TRAMO CCPPS HUAROCONDO Y ZURITE, EN LOS DISTRITOS DE HUAROCONDO Y ZURITE DE LA  PROVINCIA DE ANTA - DEPARTAMENTO DE CUSCO;83073.33;PEN;3;Comparación de Precios;goods;Baja competencia
1199954;20527143200;GOBIERNO REGIONAL DE MADRE DE DIOS SEDE CENTRAL;MADRE DE DIOS;TAMBOPATA;MEJORAMIENTO Y AMPLIACION DEL SERVICIO EDUCATIVO DE LOS NIVELES PRIMARIA Y SECUNDARIA EN LA IEBR Nº 52143 - SANTA INÉS DE LA LOCALIDAD DE HUEPETUHE DEL DISTRITO DE HUEPETUHE - PROVINCIA DE MANU - DEPARTAMENTO DE MADRE DE DIOS;220282.5;PEN;4;Subasta Inversa Electrónica;goods;Baja competencia
1193158;20187630101;MUNICIPALIDAD PROVINCIAL DE SANTIAGO DE CHUCO;LA LIBERTAD;SANTIAGO DE CHUCO;MEJORAMIENTO DEL SERVICIOS DE ESPACIOS PÚBLICOS URBANOS EN PASAJE CALDERON   DISTRITO DE SANTIAGO DE CHUCO DE LA PROVINCIA DE SANTIAGO DE CHUCO DEL DEPARTAMENTO DE LA LIBERTAD;506246.49;PEN;11;Licitación Pública Abreviada;works;Mediana competencia
1198971;20170327129;MUNICIPALIDAD DISTRITAL DE QUELLOUNO;CUSCO;LA CONVENCION;MEJORAMIENTO Y AMPLIACION DEL SERVICIO DE AGUA POTABLE Y DISPOSICIÓN SANITARIA DE EXCRETAS EN EL SECTOR DE CANELON DEL DISTRITO DE QUELLOUNO - PROVINCIA DE LA CONVENCION - DEPARTAMENTO DE CUSCO;70447.5;PEN;3;Subasta Inversa Electrónica;goods;Baja competencia
1201245;20195499765;MUNICIPALIDAD DISTRITAL DE OCONGATE;CUSCO;QUISPICANCHI;MEJORAMIENTO DE LOS SERVICIOS DE APOYO AL DESARROLLO PRODUCTIVO EN EL PROCESO DE PRODUCCIÓN, TRANSFORMACIÓN Y COMERCIALIZACIÓN DE FIBRA, PIEL Y CARNE DE ALPACA EN LAS COMUNIDADES CAMPESINAS DEL   DISTRITO DE OCONGATE DE LA PROVINCIA DE QUISPICANCHI DEL DEPARTAMENTO DE CUSCO;54504;PEN;3;Comparación de Precios;goods;Baja competencia
1196942;20159386415;MUNICIPALIDAD DISTRITAL DE QUIQUIJANA;CUSCO;QUISPICANCHI;MEJORAMIENTO Y AMPLIACION DE SANEAMIENTO INTEGRAL DE LOS SECTORES NINABAMBA, CENTRAL Y HUISCCA DE LA COMUNIDAD CAMPESINA DE HAYUNI,  DISTRITO DE QUIQUIJANA - PROVINCIA DE QUISPICANCHI - DEPARTAMENTO DE CUSCO;212133.33;PEN;33;Concurso Público Abreviado;services;Alta competencia
1192652;20163646499;UNIVERSIDAD NACIONAL SAN AGUSTIN;AREQUIPA;AREQUIPA;MEJORAMIENTO Y AMPLIACIÓN DE LOS SERVICIOS DE CTI PARA FORTALECER EL SISTEMA NACIONAL DE CIENCIA, TECNOLOGÍA E INNOVACIÓN;6490;PEN;2;Convenio;services;Baja competencia
1198334;20170327129;MUNICIPALIDAD DISTRITAL DE QUELLOUNO;CUSCO;LA CONVENCION;MEJORAMIENTO Y AMPLIACION DEL SERVICIO DE AGUA POTABLE RURAL Y MEJORAMIENTO Y AMPLIACION DEL SERVICIO DE ALCANTARILLADO U OTRAS FORMAS DE DISPOSICIÓN SANITARIA DE EXCRETAS EN EL SECTOR DE PAMUCUYOC   DISTRITO DE QUELLOUNO DE LA PROVINCIA DE LA CONVENCION DEL DEPARTAMENTO DE CUSCO;154462;PEN;7;Subasta Inversa Electrónica;goods;Baja competencia
1196738;20171880115;MUNICIPALIDAD DISTRITAL DE TORATA;MOQUEGUA;MARISCAL NIETO;PUESTA EN VALOR DEL SITIO ARQUEOLOGICO CERRO BAUL DE LA PROVINCIA MARISCAL NIETO DE LA REGION MOQUEGUA;544670;PEN;8;Subasta Inversa Electrónica;goods;Baja competencia
1195632;20131372184;MUNICIPALIDAD DISTRITAL DE SAN MIGUEL;LIMA;LIMA;CREACION DEL PARQUE RECREACIONAL EN LA URBANIZACION CIUDAD NUEVA (JR 30 DE ENERO CON JR HUAYNAROQUE) DEL  DISTRITO DE SAN MIGUEL - PROVINCIA DE SAN ROMAN - DEPARTAMENTO DE PUNO;306367.5;PEN;11;Subasta Inversa Electrónica;goods;Mediana competencia
1194525;20284157967;MUNICIPALIDAD DISTRITAL DE CHIMBAN;CAJAMARCA;CHOTA;INSTALACION DEL SISTEMA DE AGUA POTABLE Y DISPOSICION SANITARIA DE EXCRETAS EN EL CASERIO DE CHONTAS, DISTRITO DE CHIMBAN - CHOTA - CAJAMARCA;2793807.53;PEN;10;Licitación Pública Abreviada;works;Mediana competencia
1196874;20200712146;MUNICIPALIDAD DISTRITAL DE ASILLO;PUNO;AZANGARO;CREACION DE LOS SERVICIOS DE APOYO AL DESARROLLO PRODUCTIVO EN LA PROTECCION CON COBERTURA PARA LA PRODUCCION DE GANADO VACUNO EN LA COMUNIDAD CAMPESINA DE ACCOPATA DEL   DISTRITO DE ASILLO DE LA PROVINCIA DE AZANGARO DEL DEPARTAMENTO DE PUNO;321950;PEN;31;Licitación Pública Abreviada;goods;Alta competencia
1192255;20202510427;MUNICIPALIDAD DISTRITAL DE CAJA ESPIRITU;HUANCAVELICA;ACOBAMBA;MEJORAMIENTO Y AMPLIACIÓN DEL SISTEMA DE AGUA POTABLE Y CREACIÓN DE UNIDADES BÁSICAS DE SANEAMIENTO EN LAS LOCALIDADES DE  OYOCCOCHA, YURACC CANCHA, PISQUIRI, TOCCTO, RURUNMARCA Y CCASANCCA, DISTRITO DE CAJA - ACOBAMBA - HUANCAVELICA;12265769.19;PEN;13;Licitación Pública;works;Mediana competencia
1198898;20288774553;MUNICIPALIDAD DISTRITAL DE CHALLHUAHUACHO;APURIMAC;COTABAMBAS;CREACION DEL CENTRO INTEGRAL PARA LA PRESTACION DE SERVICIOS CULTURALES Y DEPORTIVOS EN EL BARRIO CARMEN ALTO DE LA COMUNIDAD DE CARMEN ALTO DEL  DISTRITO DE CHALLHUAHUACHO - PROVINCIA DE COTABAMBAS - DEPARTAMENTO DE APURIMAC;95909.75;PEN;17;Subasta Inversa Electrónica;goods;Mediana competencia
1201474;20490448951;GOBIERNO REGIONAL DE MADRE DE DIOS - UNIDAD EJECUTORA 1392 SUBREGION MANU;MADRE DE DIOS;MANU;MEJORAMIENTO Y AMPLIACION DEL SERVICIO DE EDUCACIÓN INICIAL EN I.E. 326 PALOTOA  DE CENTRO POBLADO LLACTAPAMPA (PALOTOA) DISTRITO DE MANU DE LA PROVINCIA DE MANU DEL DEPARTAMENTO DE MADRE DE DIOS;64687.44;PEN;8;Subasta Inversa Electrónica;goods;Baja competencia
1195882;20282911915;MUNICIPALIDAD DISTRITAL DE NUEVO CHIMBOTE;ANCASH;SANTA;CREACION DEL SERVICIO DE PRÁCTICA DEPORTIVA Y/O RECREATIVA EN LA MZ 44´ LOTE 1 DEL A.H. VILLA ATAHUALPA DEL   DISTRITO DE NUEVO CHIMBOTE DE LA PROVINCIA DE SANTA DEL DEPARTAMENTO DE ANCASH;1250397.66;PEN;12;Licitación Pública Abreviada;works;Mediana competencia
1192349;20184022207;MUNICIPALIDAD DISTRITAL DE SAN ANDRES;ICA;PISCO;CREACION DEL SERVICIO DE AGUA POTABLE URBANO Y CREACION DEL SERVICIO DE ALCANTARILLADO EN LA ASOCIACION LAS LOMAS II ETAPA   DISTRITO DE SAN ANDRES DE LA PROVINCIA DE PISCO DEL DEPARTAMENTO DE ICA;251220.83;PEN;21;Licitación Pública Abreviada;works;Alta competencia
1198356;20321809813;MUNICIPALIDAD DISTRITAL DE ALTO INAMBARI;PUNO;SANDIA;MEJORAMIENTO DE LOS SERVICIOS DE TRANSFERENCIA TECNOLOGICA PARA LA COMPETITIVIDAD DE CAFES ESPECIALES BAJO EL SISTEMA AGROFORESTAL EN EL  DISTRITO DE ALTO INAMBARI - PROVINCIA DE SANDIA - DEPARTAMENTO DE PUNO;216000;PEN;18;Licitación Pública Abreviada;goods;Mediana competencia
1192418;20162978528;MUNICIPALIDAD DISTRITAL DE BUENOS AIRES - PICOTA;SAN MARTIN;PICOTA;CREACION DEL SERVICIO DE MOVILIDAD URBANA A TRAVES DE PISTAS Y VEREDAS EN LAS VIAS PRINCIPALES EN LA LOCALIDAD DE BUENOS AIRES DEL DISTRITO DE BUENOS AIRES - PROVINCIA DE PICOTA - DEPARTAMENTO DE SAN MARTIN;5799288.73;PEN;9;Licitación Pública;works;Baja competencia
1195996;20172870873;MUNICIPALIDAD DISTRITAL DE CARACOTO;PUNO;SAN ROMAN;CREACION DEL SERVICIO DE PRÁCTICA DEPORTIVA Y/O RECREATIVA EN EL COMPLEJO DEPORTIVO VILLA LOS TRIUNFADORES DEL   DISTRITO DE CARACOTO DE LA PROVINCIA DE SAN ROMAN DEL DEPARTAMENTO DE PUNO;801652.82;PEN;4;Licitación Pública Abreviada;works;Baja competencia
1200729;20161209792;MUNICIPALIDAD DISTRITAL DE VELILLE;CUSCO;CHUMBIVILCAS;MEJORAMIENTO DE LOS SERVICIOS DE APOYO AL DESARROLLO PRODUCTIVO EN PROMOCIÓN COMERCIAL DE LOS PRODUCTORES AGROPECUARIOS, AGROINDUSTRIALES Y ARTESANALES EN EL ,    DISTRITO DE VELILLE DE LA PROVINCIA DE CHUMBIVILCAS DEL DEPARTAMENTO DE CUSCO;50000;PEN;3;Comparación de Precios;services;Baja competencia
1197780;20148420719;MUNICIPALIDAD DISTRITAL DE MARCONA;ICA;NAZCA;MEJORAMIENTO DEL SERVICIO DE TRANSITABILIDAD VIAL INTERURBANA EN EL IC-821-IC820 SAN NICOLAS, PLAYA EL CONCHAL Y PLAYA LA CHORRERA   DISTRITO DE MARCONA DE LA PROVINCIA DE NASCA DEL DEPARTAMENTO DE ICA;229865.68;PEN;12;Concurso Público Abreviado;services;Mediana competencia
1194677;20172494952;MUNICIPALIDAD DISTRITAL DE CHAMACA;CUSCO;CHUMBIVILCAS;MEJORAMIENTO Y AMPLIACION EL SERVICIO DE AGUA POTABLE Y DISPOSICION DE EXCRETAS EN EL SECTOR DE URAY INGATA DE LA COMUNIDAD DE INGATA DEL  DISTRITO DE CHAMACA - PROVINCIA DE CHUMBIVILCAS - DEPARTAMENTO DE CUSCO;75750;PEN;8;Subasta Inversa Electrónica;goods;Baja competencia
1193738;20169004359;UNIVERSIDAD NACIONAL DE INGENIERIA;LIMA;LIMA;MEJORAMIENTO Y AMPLIACIÓN DE LOS SERVICIOS DE CTI PARA FORTALECER EL SISTEMA NACIONAL DE CIENCIA, TECNOLOGÍA E INNOVACIÓN;42850.41;PEN;5;Convenio;services;Baja competencia
1206431;20551322590;UNIDAD EJECUTORA 003 GESTION INTEGRAL DE LA CALIDAD AMBIENTAL;LIMA;LIMA;PROGRAMA DE RECUPERACION DE AREAS DEGRADADAS POR RESIDUOS SÓLIDOS EN ZONAS PRIORITARIAS;48922.8;PEN;1;Convenio;services;Baja competencia
1204120;20201987297;MUNICIPALIDAD PROVINCIAL DE JAEN;CAJAMARCA;JAEN;CREACION DE POLIDEPORTIVO EN EL CASERIO EL LAUREL C.P. LA PALMA CENTRAL,  DISTRITO DE JAEN - PROVINCIA DE JAEN - DEPARTAMENTO DE CAJAMARCA;404911.48;PEN;14;Licitación Pública Abreviada;works;Mediana competencia
1199487;20601625017;MUNICIPALIDAD DISTRITAL DE MEGANTONI;CUSCO;LA CONVENCION;MEJORAMIENTO DE LOS SERVICIOS OPERATIVOS O MISIONALES INSTITUCIONALES EN LA GERENCIA DE DESARROLLO SOCIAL Y PUEBLOS ORIGINARIOS PARA LA ATENCION DE LA POBLACION VULNERABLE, DEL   DISTRITO DE MEGANTONI DE LA PROVINCIA DE LA CONVENCION DEL DEPARTAMENTO DE CUSCO;168410;PEN;2;Subasta Inversa Electrónica;goods;Baja competencia
1200796;20282911915;MUNICIPALIDAD DISTRITAL DE NUEVO CHIMBOTE;ANCASH;SANTA;CREACION DEL SERVICIOS DE ESPACIOS PÚBLICOS URBANOS EN EL LOTE 2 MZ G DEL A.H. VILLA LOS FICUS DEL   DISTRITO DE NUEVO CHIMBOTE DE LA PROVINCIA DE SANTA DEL DEPARTAMENTO DE ANCASH;121219.05;PEN;13;Concurso Público Abreviado;services;Mediana competencia
1195404;20143122850;MINAG - PROYECTO ESPECIAL SIERRA CENTRO SUR;AYACUCHO;HUAMANGA;AMPLIACION Y MEJORAMIENTO DEL SERVICIO DE AGUA PARA RIEGO DE LOS SECTORES ACPITAN Y COYLLURQUI-REPRESAMIENTO DE LAS LAGUNAS CCOMEROCOCHA Y MESANIPAMPA, DISTRITO DE COYLLURQUI - COTABAMBAS - APURIMAC;44999;PEN;6;Subasta Inversa Electrónica;goods;Baja competencia
1195909;20185898343;GOBIERNO REGIONAL DE APURIMAC-CHANKA;APURIMAC;ABANCAY;MEJORAMIENTO DE LOS SERVICIOS DE PROTECCIÓN EN RIBERAS DE RÍO VULNERABLES ANTE EL PELIGRO EN EL MARGEN DERECHA DEL RIO CHUMBAO   DISTRITO DE SAN JERONIMO DE LA PROVINCIA DE ANDAHUAYLAS DEL DEPARTAMENTO DE APURIMAC;266066.67;PEN;23;Subasta Inversa Electrónica;goods;Alta competencia
1196257;20519923182;GOBIERNO REGIONAL DE MOQUEGUA - PROYECTO ESPECIAL REGIONAL PASTO GRANDE;MOQUEGUA;MARISCAL NIETO;MEJORAMIENTO Y AMPLIACION DE LOS SERVICIOS DE AGUA PARA RIEGO EN LAS COMISIONES DE RIEGO COALAQUE Y PAMPA DOLORES EN 6 LOCALIDADES DEL DISTRITO DE COALAQUE - PROVINCIA DE GENERAL SANCHEZ CERRO - DEPARTAMENTO DE MOQUEGUA;336250;PEN;9;Subasta Inversa Electrónica;goods;Baja competencia
1201074;20527141762;GOBIERNO REGIONAL DE APURIMAC SEDE CENTRAL;APURIMAC;ABANCAY;MEJORAMIENTO DE LOS  SERVICIOS DE SALUD DEL CENTRO DE SALUD ESTRATÉGICO CHICMO DEL DISTRITO DE SANTA MARIA DE CHICMO - PROVINCIA DE ANDAHUAYLAS - DEPARTAMENTO DE APURIMAC;90686.5;PEN;4;Comparación de Precios;goods;Baja competencia
1194026;20178082222;MUNICIPALIDAD PROVINCIAL DE CONDORCANQUI - NIEVA;AMAZONAS;CONDORCANQUI;MEJORAMIENTO Y AMPLIACION DEL SERVICIO DE AGUA POTABLE URBANO Y MEJORAMIENTO Y AMPLIACION DEL SERVICIO DE ALCANTARILLADO Y MEJORAMIENTO Y AMPLIACION DEL SERVICIO DE TRATAMIENTO DE AGUAS RESIDUALES PARA DISPOSICIÓN FINAL EN LA CIUDAD SANTA MARIA DE NIEVA, Y SUS SECTORES JUAN VELASCO ALVARADO, LA TUNA, HÉCTOR PEAS, VISTA ALEGRE, LAS PALMERAS, MIRAFLORES, NUEVA UNION Y EL PARAISO,  DE CENTRO POBLADO SANTA MARIA DE NIEVA DISTRITO DE NIEVA DE LA PROVINCIA DE CONDORCANQUI DEL DEPARTAMENTO DE AMAZONAS;16625335.87;PEN;4;Contratación Directa;services;Baja competencia
1201447;20452393493;GOBIERNO REGIONAL DE AYACUCHO SEDE CENTRAL;AYACUCHO;HUAMANGA;MEJORAMIENTO DEL SERVICIO DE FORMACIÓN PROFESIONAL EN LA ESCUELA DE MEDICINA HUMANA DE LA FACULTAD DE CIENCIAS DE LA SALUD DE LA UNSCH  DISTRITO DE AYACUCHO - PROVINCIA DE HUAMANGA - DEPARTAMENTO DE AYACUCHO;92205;PEN;3;Comparación de Precios;goods;Baja competencia
1198503;20202367951;MUNICIPALIDAD DISTRITAL DE JENARO HERRERA;LORETO;REQUENA;CREACION DEL SERVICIO DE MOVILIDAD URBANA EN VIAS DE ACCESO CON VEREDA PEATONAL EN LA CALLE DOMINGO GORDON CUADRA N°1 EN EL   DISTRITO DE JENARO HERRERA DE LA PROVINCIA DE REQUENA DEL DEPARTAMENTO DE LORETO;181354.51;PEN;2;Licitación Pública Abreviada;works;Baja competencia
1195732;20220499767;MUNICIPALIDAD PROVINCIAL DE CHOTA;CAJAMARCA;CHOTA;"RENOVACION DE PISTA Y VEREDA; EN EL(LA) JR. PONCIANO VIGIL C1-C3,  DISTRITO DE CHOTA, PROVINCIA CHOTA, DEPARTAMENTO CAJAMARCA";567866.41;PEN;14;Licitación Pública Abreviada;works;Mediana competencia
1198784;20189848570;MUNICIPALIDAD DISTRITAL DE KUNTURKANKI;CUSCO;CANAS;MEJORAMIENTO DEL SERVICIO DE ACCESIBILIDAD A LA ADQUISICIÓN DE PRODUCTOS DE PRIMERA NECESIDAD EN EL MERCADO DE ABASTOS KUNTURKANKI DEL   DISTRITO DE KUNTURKANKI DE LA PROVINCIA DE CANAS DEL DEPARTAMENTO DE CUSCO;77160;PEN;17;Subasta Inversa Electrónica;goods;Mediana competencia
1192956;20131378034;MUNICIPALIDAD DISTRITAL DE SAN JUAN DE LURIGANCHO;LIMA;LIMA;CREACION DE LOS SERVICIOS PÚBLICOS DE INTEGRACIÓN ECONÓMICA Y SOCIAL EN PLAZA DE ARMAS DE MARISCAL CACERES - COMUNA 13   DISTRITO DE SAN JUAN DE LURIGANCHO DE LA PROVINCIA DE LIMA DEL DEPARTAMENTO DE LIMA;344787.03;PEN;16;Concurso Público Abreviado;services;Mediana competencia
1198401;20175975315;MUNICIPALIDAD DISTRITAL DE OLMOS;LAMBAYEQUE;LAMBAYEQUE;MEJORAMIENTO Y AMPLIACION DEL SERVICIO DE MOVILIDAD URBANA EN CALLE MAXIMILIANO OYOLA DESDE TARATA HASTA LA CALLE SANTA CECILIA,  DISTRITO DE OLMOS - PROVINCIA DE LAMBAYEQUE - DEPARTAMENTO DE LAMBAYEQUE;1085091.37;PEN;13;Licitación Pública Abreviada;works;Mediana competencia
1193942;20178082222;MUNICIPALIDAD PROVINCIAL DE CONDORCANQUI - NIEVA;AMAZONAS;CONDORCANQUI;MEJORAMIENTO Y AMPLIACION DEL SERVICIO DE AGUA POTABLE URBANO Y MEJORAMIENTO Y AMPLIACION DEL SERVICIO DE ALCANTARILLADO Y MEJORAMIENTO Y AMPLIACION DEL SERVICIO DE TRATAMIENTO DE AGUAS RESIDUALES PARA DISPOSICIÓN FINAL EN LA CIUDAD SANTA MARIA DE NIEVA, Y SUS SECTORES JUAN VELASCO ALVARADO, LA TUNA, HÉCTOR PEAS, VISTA ALEGRE, LAS PALMERAS, MIRAFLORES, NUEVA UNION Y EL PARAISO,  DE CENTRO POBLADO SANTA MARIA DE NIEVA DISTRITO DE NIEVA DE LA PROVINCIA DE CONDORCANQUI DEL DEPARTAMENTO DE AMAZONAS;237477489.1;PEN;4;Contratación Directa;works;Baja competencia
1199927;20161096068;MUNICIPALIDAD PROVINCIAL DE COTABAMBAS - TAMBOBAMBA;APURIMAC;COTABAMBAS;"CONSTRUCCION DE ALMACEN O DEPOSITO; EN EL(LA) UNIDAD DE ALMACEN PARA EL CONSUMO DIRECTO DE LA MUNICIPALIDAD PROVINICIAL DE COTABAMBAS - TAMBOBAMBA  DISTRITO DE TAMBOBAMBA, PROVINCIA COTABAMBAS, DEPARTAMENTO APURIMAC";77280;PEN;15;Subasta Inversa Electrónica;goods;Mediana competencia
1195041;20452393493;GOBIERNO REGIONAL DE AYACUCHO SEDE CENTRAL;AYACUCHO;HUAMANGA;CREACION DE TROCHA CARROZABLE TIQUIHUA - PUMA RUMI DEL DISTRITO DE HUALLA - PROVINCIA DE VICTOR FAJARDO - DEPARTAMENTO DE AYACUCHO;234000;PEN;26;Concurso Público Abreviado;services;Alta competencia
1202774;20527141762;GOBIERNO REGIONAL DE APURIMAC SEDE CENTRAL;APURIMAC;ABANCAY;MEJORAMIENTO DE LA OFERTA DE SERVICIOS EDUCATIVOS DE LA IES FRANCISCO BOLOGNESI DE HUAYO, DISTRITO DE CURPAHUASI, PROVINCIA DE GRAU, REGION APURIMAC;189500;PEN;13;Subasta Inversa Electrónica;goods;Mediana competencia
1199608;20282911915;MUNICIPALIDAD DISTRITAL DE NUEVO CHIMBOTE;ANCASH;SANTA;MEJORAMIENTO DE LA GESTIÓN INTEGRAL DE RESIDUOS SÓLIDOS DEL  DISTRITO DE NUEVO CHIMBOTE - PROVINCIA DE SANTA - DEPARTAMENTO DE ANCASH;81550;PEN;3;Comparación de Precios;goods;Baja competencia
1199657;20170327129;MUNICIPALIDAD DISTRITAL DE QUELLOUNO;CUSCO;LA CONVENCION;INSTALACION DEL SISTEMA DE SANEAMIENTO BÁSICO INTEGRAL RURAL EN LA PARTE ALTA DEL VALLE SAN MARTIN, DISTRITO DE QUELLOUNO - LA CONVENCION - CUSCO;196987.5;PEN;5;Subasta Inversa Electrónica;goods;Baja competencia
1194798;20527147612;GOBIERNO REGIONAL DE CUSCO SEDE CENTRAL;CUSCO;CUSCO;MEJORAMIENTO Y AMPLIACION DEL SERVICIO DE SUMINISTRO ELÉCTRICO DOMICILIARIO EN ZONAS RURALES EN 14 SECTORES (FUERA DE AREA DE CONCESION)   DISTRITO DE LAYO DE LA PROVINCIA DE CANAS DEL DEPARTAMENTO DE CUSCO;111725;PEN;11;Subasta Inversa Electrónica;goods;Mediana competencia
1196413;20282911915;MUNICIPALIDAD DISTRITAL DE NUEVO CHIMBOTE;ANCASH;SANTA;"CONSTRUCCION DE COBERTURA; EN EL(LA) I.E. 2660  DISTRITO DE NUEVO CHIMBOTE, PROVINCIA SANTA, DEPARTAMENTO ANCASH";211568.17;PEN;7;Licitación Pública Abreviada;works;Baja competencia
1198456;20191949499;MUNICIPALIDAD DISTRITAL DE CATILLUC;CAJAMARCA;SAN MIGUEL;CREACION DEL SERVICIO DE PRÁCTICA DEPORTIVA Y/O RECREATIVA EN EL ESTADIO ALEJANDRO BUSTAMANTE ARTEAGA, DEL   DISTRITO DE CATILLUC DE LA PROVINCIA DE SAN MIGUEL DEL DEPARTAMENTO DE CAJAMARCA;1980075.55;PEN;9;Licitación Pública Abreviada;works;Baja competencia
1195026;20406325815;GOBIERNO REGIONAL DE PUNO SEDE CENTRAL;PUNO;PUNO;MEJORAMIENTO DEL SERVICIO DE TRANSITABILIDAD VIAL INTERURBANA EN LA CARRETERA TRAMO ACHAYA ¿ EMP. PU 113(ARAPA) , DE LOS   DISTRITOS DE ACHAYA, ARAPA DE LA PROVINCIA DE AZANGARO DEL DEPARTAMENTO DE PUNO;684000;PEN;4;Subasta Inversa Electrónica;goods;Baja competencia
1198080;20202367951;MUNICIPALIDAD DISTRITAL DE JENARO HERRERA;LORETO;REQUENA;"CONSTRUCCION DE VEREDA; EN EL(LA) CALLE ANGAMOS DESDE EL COLEGIO SECUNDARIO GUSTAVO BARTRA VALDIVIEZO HASTA EL CENTRO DE SALUD I-3  DE LA LOCALIDAD DE JENARO HERRERA  DISTRITO DE JENARO HERRERA, PROVINCIA REQUENA, DEPARTAMENTO LORETO";1864364.03;PEN;4;Licitación Pública Abreviada;works;Baja competencia
1196122;20527141762;GOBIERNO REGIONAL DE APURIMAC SEDE CENTRAL;APURIMAC;ABANCAY;MEJORAMIENTO Y AMPLIACION DEL SERVICIO DE AGUA DE RIEGO EN LAS COMUNIDADES DE CHULLCUISA, SANTA ROSA, CUPISA, CHAMPACCOCHA, ANCATIRA, CHOCCECANCHA Y ARGAMA ALTA, DISTRITOS DE SAN JERONIMO Y PACUCHA, PROVINCIA DE ANDAHUAYLAS - APURIMAC;147160;PEN;19;Concurso Público Abreviado;services;Mediana competencia
1198275;20211559269;MUNICIPALIDAD DISTRITAL DE PACHIZA;SAN MARTIN;MARISCAL CACERES;MEJORAMIENTO DEL SERVICIO EDUCATIVO, DE LA I.E.N0448 EN LA LOCALIDAD DE ALTO EL SOL, DISTRITO DE PACHIZA - MARISCAL CACERES - SAN MARTIN;157187.8;PEN;5;Concurso Público Abreviado;services;Baja competencia
1193195;20527143200;GOBIERNO REGIONAL DE MADRE DE DIOS SEDE CENTRAL;MADRE DE DIOS;TAMBOPATA;MEJORAMIENTO DE LOS SERVICIOS DE SALUD DEL HOSPITAL SAN MARTIN DE PORRES DE IBERIA, DISTRITO DE IBERIA, PROVINCIA DE TAHUAMANU - MADRE DE DIOS;68625;PEN;94;Licitación Pública Abreviada;goods;Alta competencia
1198558;20202367951;MUNICIPALIDAD DISTRITAL DE JENARO HERRERA;LORETO;REQUENA;CREACION DEL SERVICIO DE MOVILIDAD URBANA EN VIAS DE ACCESO CON VEREDA PEATONAL EN LA CALLE JOSE BARCIA CUADRA N°1 EN EL   DISTRITO DE JENARO HERRERA DE LA PROVINCIA DE REQUENA DEL DEPARTAMENTO DE LORETO;217298.37;PEN;2;Licitación Pública Abreviada;works;Baja competencia
1196888;20220499767;MUNICIPALIDAD PROVINCIAL DE CHOTA;CAJAMARCA;CHOTA;"RENOVACION DE PUENTE; EN EL(LA) RIO MEREGUILDO, EN EL CAMINO VECINAL SAN JUAN DEL SURO - C.P. CHAUPELANCHE,  DISTRITO DE CHOTA, PROVINCIA CHOTA, DEPARTAMENTO CAJAMARCA";196533.57;PEN;13;Licitación Pública Abreviada;works;Mediana competencia
1201479;20185898343;GOBIERNO REGIONAL DE APURIMAC-CHANKA;APURIMAC;ABANCAY;MEJORAMIENTO DE LOS CANALES DE RIEGO SECTOR TABLINA ALTA Y BAJA, SECTOR OCCOLLO UNO, TAPAYA BAJA Y ALTA, TAPAYA BAJA RUMI RUMI, CHACCARA Y CHAULLHUA PUQUIO HUMANILLA, DEL CENTRO POBLADO DE  DISTRITO DE ANDAHUAYLAS - PROVINCIA DE ANDAHUAYLAS - DEPARTAMENTO DE APURIMAC;93670;PEN;5;Subasta Inversa Electrónica;goods;Baja competencia
1195831;20220499767;MUNICIPALIDAD PROVINCIAL DE CHOTA;CAJAMARCA;CHOTA;RECUPERACION DEL SERVICIO DE MOVILIDAD URBANA EN EL JR. 27 DE NOVIEMBRE C3-C5, JR. CORONEL BECERRA C2-C3, JR. ANAXIMANDRO VEGA C6 Y JR. JOSE OSORES C2 DE LA CIUDAD DE CHOTA,   DISTRITO DE CHOTA DE LA PROVINCIA DE CHOTA DEL DEPARTAMENTO DE CAJAMARCA;1250348.23;PEN;20;Licitación Pública Abreviada;works;Mediana competencia
1199301;20147796715;MUNICIPALIDAD DISTRITAL DE ALTO DE LA ALIANZA;TACNA;TACNA;MEJORAMIENTO DE LOS SERVICIOS OPERATIVOS O MISIONALES INSTITUCIONALES EN EL TERMINAL TERRESTRE COLLASUYO DEL   DISTRITO DE ALTO DE LA ALIANZA DE LA PROVINCIA DE TACNA DEL DEPARTAMENTO DE TACNA;178860;PEN;6;Subasta Inversa Electrónica;goods;Baja competencia
1198484;20164032613;MUNICIPALIDAD DISTRITAL DE PIMENTEL;LAMBAYEQUE;CHICLAYO;CREACION DE PISTAS Y VEREDAS Y SARDINELES EN EL  AA.HH. MARÍA AUGUSTA DE LA OLIVA DEL  DISTRITO DE PIMENTEL - PROVINCIA DE CHICLAYO - DEPARTAMENTO DE LAMBAYEQUE;159511.4;PEN;22;Licitación Pública Abreviada;works;Alta competencia
1200211;20154491288;MUNICIPALIDAD DISTRITAL DE EL ALGARROBAL;MOQUEGUA;ILO;CREACION DEL SERVICIO DE MOVILIDAD URBANA EN LA AVENIDA 04 DEL PROMUVI I ETAPA,   DISTRITO DE EL ALGARROBAL DE LA PROVINCIA DE ILO DEL DEPARTAMENTO DE MOQUEGUA;372653.16;PEN;25;Concurso Público Abreviado;services;Alta competencia
1198143;20159386415;MUNICIPALIDAD DISTRITAL DE QUIQUIJANA;CUSCO;QUISPICANCHI;MEJORAMIENTO DEL SERVICIO DE PRÁCTICA DEPORTIVA Y/O RECREATIVA EN LA COMUNIDAD CAMPESINA DE QUIQUIJANA,   DISTRITO DE QUIQUIJANA DE LA PROVINCIA DE QUISPICANCHI DEL DEPARTAMENTO DE CUSCO;46881;PEN;6;Subasta Inversa Electrónica;goods;Baja competencia
1192147;20208070836;MUNICIPALIDAD DISTRITAL DE DANIEL HERNANDEZ;HUANCAVELICA;TAYACAJA;CREACION DEL SERVICIOS DE ESPACIOS PÚBLICOS URBANOS EN EL PARQUE PRINCIPAL DEL  DE CENTRO POBLADO LA COLPA DISTRITO DE DANIEL HERNANDEZ DE LA PROVINCIA DE TAYACAJA DEL DEPARTAMENTO DE HUANCAVELICA;813520.46;PEN;5;Licitación Pública Abreviada;works;Baja competencia
1193966;20452393493;GOBIERNO REGIONAL DE AYACUCHO SEDE CENTRAL;AYACUCHO;HUAMANGA;"CONSTRUCCION DE DIQUE; EN EL(LA) RECARGA HIDRICA  PARA LA UNIDAD PRODUCTORA DEL SISTEMA DE RIEGO QUITURARA EN LA LOCALIDAD QUITURARA, DISTRITO DE HUAMANGUILLA, PROVINCIA HUANTA, DEPARTAMENTO AYACUCHO";57600;PEN;8;Subasta Inversa Electrónica;goods;Baja competencia
1201204;20171895147;MUNICIPALIDAD DISTRITAL DE ILABAYA;TACNA;JORGE BASADRE;MEJORAMIENTO DEL SERVICIO DE PROVISIÓN DE AGUA PARA RIEGO EN EL CANAL DE RIEGO TAYPELOGENA, DEL COMITE DE USUARIOS  CAMBAYA   DISTRITO DE ILABAYA DE LA PROVINCIA DE JORGE BASADRE DEL DEPARTAMENTO DE TACNA;72900;PEN;3;Comparación de Precios;goods;Baja competencia
1198343;20204462772;MUNICIPALIDAD DISTRITAL DE SAN PEDRO DE CHUNAN;JUNIN;JAUJA;"CONSTRUCCION DE SERVICIOS HIGIENICOS Y/O VESTIDORES; EN EL(LA) PARQUE PRINCIPAL DEL  DISTRITO DE SAN PEDRO DE CHUNAN, PROVINCIA JAUJA, DEPARTAMENTO JUNIN";77000;PEN;6;Licitación Pública Abreviada;works;Baja competencia
1191143;20147797100;MUNICIPALIDAD PROVINCIAL DE TACNA;TACNA;TACNA;"CONSTRUCCION DE PLATAFORMA, VESTUARIOS Y/O SSHH DE USUARIOS, AMBIENTE DE PREPARACION Y EXPENDIO DE ALIMENTOS Y ESPACIO DE CIRCULACION PEATONAL HORIZONTAL Y/O VERTICAL; ADEMÁS DE OTROS ACTIVOS EN EL(LA) PARQUE PERU  DISTRITO DE POCOLLAY, PROVINCIA TACNA, DEPARTAMENTO TACNA";205167.33;PEN;18;Licitación Pública Abreviada;goods;Mediana competencia
1198600;20527141762;GOBIERNO REGIONAL DE APURIMAC SEDE CENTRAL;APURIMAC;ABANCAY;MEJORAMIENTO DE LA OFERTA DE SERVICIOS EDUCATIVOS DE LA IES FRANCISCO BOLOGNESI DE HUAYO, DISTRITO DE CURPAHUASI, PROVINCIA DE GRAU, REGION APURIMAC;67105;PEN;4;Comparación de Precios;goods;Baja competencia
1193201;20490338773;GOBIERNO REGIONAL DE APURIMAC-GERENCIA SUBREGIONAL CHINCHEROS;APURIMAC;CHINCHEROS;MEJORAMIENTO DEL SERVICIO EDUCATIVO, PARA EL FORTALECIMIENTO DE LAS CAPACIDADES DE APRENDIZAJE DE LOS ESTUDIANTES DEL INSTITUTO DE EDUCACIÓN SUPERIOR TECNOLÓGICO PÚBLICO DE CHINCHEROS,  DISTRITO DE CHINCHEROS - PROVINCIA DE CHINCHEROS - DEPARTAMENTO DE APURIMAC;84286;PEN;6;Subasta Inversa Electrónica;goods;Baja competencia
1197165;20519752515;GOBIERNO REGIONAL DE TACNA SEDE CENTRAL;TACNA;TACNA;MEJORAMIENTO DEL SERVICIO EDUCATIVO EN EL NIVEL INICIAL Y PRIMARIO DE LA I.E. N°42259 - ANEXO MORRO SAMA ,  DISTRITO DE SAMA - PROVINCIA DE TACNA - DEPARTAMENTO DE TACNA;57035;PEN;11;Subasta Inversa Electrónica;goods;Mediana competencia
1192458;20146992367;MUNICIPALIDAD DISTRITAL DE TAMARINDO;PIURA;PAITA;CREACION DEL SERVICIO DE MOVILIDAD URBANA EN LA CALLE SAN MARTIN, TRANS. CALLE S/N, TUPAC AMARU, ALFONSO UGARTE, MARISCAL CASTILLA DEL SECTOR TAMARINDO   DISTRITO DE TAMARINDO DE LA PROVINCIA DE PAITA DEL DEPARTAMENTO DE PIURA;956733.88;PEN;20;Licitación Pública Abreviada;works;Mediana competencia
1192192;20188930027;MUNICIPALIDAD DISTRITAL DE AUCALLAMA;LIMA;HUARAL;MEJORAMIENTO DE LOS SERVICIOS DE ESPACIOS PÚBLICOS URBANOS EN EL PARQUE DEL C.P. SAN JUAN DE DIOS   DISTRITO DE AUCALLAMA DE LA PROVINCIA DE HUARAL DEL DEPARTAMENTO DE LIMA;694531.86;PEN;9;Licitación Pública Abreviada;works;Baja competencia
1199102;20145496170;UNIVERSIDAD NACIONAL DEL ALTIPLANO;PUNO;PUNO;MEJORAMIENTO Y AMPLIACION DEL SERVICIO DE EXTENSION CULTURAL, PROYECCIÓN SOCIAL Y EDUCACIÓN CONTINUA EN EDUCACIÓN SUPERIOR UNIVERSITARIA DEL AUDITORIO MAGNO DE LA DIRECCIÓN DE PROYECCIÓN SOCIAL Y EXTENSIÓN CULTURAL DE LA UNIVERSIDAD NACIONAL DEL ALTIPLANO DEL  DISTRITO DE PUNO - PROVINCIA DE PUNO - DEPARTAMENTO DE PUNO;65000;PEN;10;Subasta Inversa Electrónica;goods;Mediana competencia
1196876;20148182869;MUNICIPALIDAD DISTRITAL DE PICHIRHUA;APURIMAC;ABANCAY;CREACION DEL SERVICIO DE TRANSITABILIDAD VIAL INTERURBANA EN TROCHA CARROZABLE BARRIO CURANGOPATA TRAMO SULLTUCCALPA - TARPAYA   DISTRITO DE PICHIRHUA DE LA PROVINCIA DE ABANCAY DEL DEPARTAMENTO DE APURIMAC;314738.51;PEN;23;Concurso Público Abreviado;services;Alta competencia
1200207;20162983793;MUNICIPALIDAD PROVINCIAL DE LAMAS;SAN MARTIN;LAMAS;"CONSTRUCCION DE CAMPO DEPORTIVO Y CERCO PERIMETRICO; EN EL(LA) ESTADIO DE PAMASHTO EN EL CENTRO POBLADO PAMASHTO, DISTRITO DE LAMAS, PROVINCIA LAMAS, DEPARTAMENTO SAN MARTIN";64052;PEN;9;Licitación Pública Abreviada;goods;Baja competencia
1198100;20131366702;MUNICIPALIDAD DISTRITAL DE PUENTE PIEDRA;LIMA;LIMA;"CREACION DEL SERVICIOS DE ESPACIOS PÚBLICOS URBANOS EN LA ""ALAMEDA PUENTE PIEDRA"" UBICADO ENTRE LA CA. SAN MIGUEL Y AV. SAN JUAN DE DIOS - SECTOR LAS VEGAS - DISTRITO DE PUENTE PIEDRA DE LA PROVINCIA DE LIMA DEL DEPARTAMENTO DE LIMA  DISTRITO DE PUENTE PIEDRA - PROVINCIA DE LIMA - DEPARTAMENTO DE LIMA";169657.38;PEN;1;Contratación Directa;services;Baja competencia
1193596;20131372184;MUNICIPALIDAD DISTRITAL DE SAN MIGUEL;LIMA;LIMA;CREACION DEL PARQUE RECREACIONAL EN LA URBANIZACION CIUDAD NUEVA (JR 30 DE ENERO CON JR HUAYNAROQUE) DEL  DISTRITO DE SAN MIGUEL - PROVINCIA DE SAN ROMAN - DEPARTAMENTO DE PUNO;569100;PEN;4;Subasta Inversa Electrónica;goods;Baja competencia
1197322;20489250731;GOBIERNO REGIONAL DE HUANUCO SEDE CENTRAL;HUANUCO;HUANUCO;MEJORAMIENTO DE LA CAPACIDAD RESOLUTIVA DEL HOSPITAL DE TINGO MARIA;90666.67;PEN;1;Concurso Público Abreviado;services;Baja competencia
1198662;20147604310;MUNICIPALIDAD DISTRITAL DE TUPAC AMARU INCA;ICA;PISCO;MEJORAMIENTO DEL CAMPO DEPORTIVO MICAELA BASTIDAS DEL  DISTRITO DE TUPAC AMARU INCA - PROVINCIA DE PISCO - DEPARTAMENTO DE ICA;902631.78;PEN;16;Licitación Pública Abreviada;works;Mediana competencia
1192170;20168014962;UNIVERSIDAD NACIONAL DE HUANCAVELICA;HUANCAVELICA;HUANCAVELICA;MEJORAMIENTO Y AMPLIACION DEL SERVICIO ACADÉMICO A NIVEL DE EDUCACIÓN SUPERIOR UNIVERSITARIA EN LA FACULTAD DE EDUCACIÓN DE LA UNIVERSIDAD NACIONAL DE HUANCAVELICA  DISTRITO DE HUANCAVELICA - PROVINCIA DE HUANCAVELICA - DEPARTAMENTO DE HUANCAVELICA;2282368.31;PEN;23;Concurso Público Abreviado;services;Alta competencia
1197478;20185011985;MUNICIPALIDAD DISTRITAL  JOSE MANUEL QUIROZ;CAJAMARCA;SAN MARCOS;"RENOVACION DE PUENTE; EN EL(LA) CAMINO VECINAL CA 1598 (PUENTE QUINUAMAYO) EN EL CENTRO POBLADO QUINUAMAYO, DISTRITO DE JOSE MANUEL QUIROZ, PROVINCIA SAN MARCOS, DEPARTAMENTO CAJAMARCA";95137.7;PEN;7;Concurso Público Abreviado;services;Baja competencia
1198131;20147604310;MUNICIPALIDAD DISTRITAL DE TUPAC AMARU INCA;ICA;PISCO;MEJORAMIENTO DEL CAMPO DEPORTIVO COLINAS DE VILLA DEL  DISTRITO DE TUPAC AMARU INCA - PROVINCIA DE PISCO - DEPARTAMENTO DE ICA;844532.74;PEN;17;Licitación Pública Abreviada;works;Mediana competencia
1193938;20519752515;GOBIERNO REGIONAL DE TACNA SEDE CENTRAL;TACNA;TACNA;MEJORAMIENTO DEL SERVICIO EDUCATIVO DEL NIVEL INICIAL, PRIMARIO Y SECUNDARIA DE LA I.E. GUILLERMO AUZA ARCE EN EL  DISTRITO DE ALTO DE LA ALIANZA - PROVINCIA DE TACNA - DEPARTAMENTO DE TACNA;46897.32;PEN;15;Subasta Inversa Electrónica;goods;Mediana competencia
1193695;20175219421;MUNICIPALIDAD DISTRITAL DE PHARA;PUNO;SANDIA;"ADQUISICION DE RETROEXCAVADORA, EXCAVADORA HIDRAULICA Y CARGADOR FRONTAL; EN EL(LA) MUNICIPALIDAD DISTRITAL DE PHARA  DISTRITO DE PHARA, PROVINCIA SANDIA, DEPARTAMENTO PUNO";2400475.5;PEN;10;Licitación Pública;goods;Mediana competencia
1193579;20183093941;MUNICIPALIDAD PROVINCIAL DE JAUJA;JUNIN;JAUJA;"ADQUISICION DE CAMIONETA; EN EL(LA) AREA DE SEGURIDAD CIUDADANA DE LA MUNICIPALIDAD PROVINCIAL DE JAUJA  DISTRITO DE JAUJA, PROVINCIA JAUJA, DEPARTAMENTO JUNIN";540000;PEN;16;Licitación Pública;goods;Mediana competencia
1199667;20185850570;MUNICIPALIDAD DISTRITAL DE ITUATA;PUNO;CARABAYA;MEJORAMIENTO DEL SERVICIO DE TRANSITABILIDAD VIAL INTERURBANA EN LA TROCHA CARROZABLE TRAMOS: APACHETA A CCOTAÑANI , Y UCUCHUPAMPA AL SECTOR BENDITANI  DE CENTRO POBLADO UPINA DISTRITO DE ITUATA DE LA PROVINCIA DE CARABAYA DEL DEPARTAMENTO DE PUNO;265381.5;PEN;10;Concurso Público Abreviado;services;Mediana competencia
1198037;20147346434;MUNICIPALIDAD PROVINCIAL DE ESPINAR;CUSCO;ESPINAR;AMPLIACION DEL SERVICIO DE MOVILIDAD URBANA EN VIAS LOCALES DE LAS CALLES QUILLABAMBA Y WIRACOCHA DEL  PP.JJ. BOLOGNESI, LA VICTORIA, APV CESAR VALLEJO Y MUNI II  DE CENTRO POBLADO YAURI DISTRITO DE ESPINAR DE LA PROVINCIA DE ESPINAR DEL DEPARTAMENTO DE CUSCO;65086.25;PEN;16;Subasta Inversa Electrónica;goods;Mediana competencia
1193623;20131372184;MUNICIPALIDAD DISTRITAL DE SAN MIGUEL;LIMA;LIMA;CREACION DEL SERVICIO DE PRÁCTICA DEPORTIVA Y/O RECREATIVA EN EL COMPLEJO RECREACIONAL MULTIUSOS EN LA URBANIZACIÓN SEÑOR DE LOS MILAGROS I ETAPA DEL   DISTRITO DE SAN MIGUEL DE LA PROVINCIA DE SAN ROMAN DEL DEPARTAMENTO DE PUNO;69403.8;PEN;4;Subasta Inversa Electrónica;goods;Baja competencia
1196766;20187459258;MUNICIPALIDAD PROVINCIAL DE LA CONVENCION - SANTA ANA;CUSCO;LA CONVENCION;MEJORAMIENTO DEL SERVICIO DE ESPACIO PÚBLICO DEPORTIVO DEL COLISEO JORGE ALTAMIRANO ANDRADE DE LA CIUDAD DE QUILLABAMBA  DISTRITO DE SANTA ANA - PROVINCIA DE LA CONVENCION - DEPARTAMENTO DE CUSCO;74752.2;PEN;13;Subasta Inversa Electrónica;goods;Mediana competencia
1198394;20223145052;MUNICIPALIDAD DISTRITAL DE NUEVO PROGRESO;SAN MARTIN;TOCACHE;MEJORAMIENTO DE LOS SERVICIOS DE APOYO AL DESARROLLO PRODUCTIVO EN LA CADENA PRODUCTIVA DE PLÁTANO EN 16 LOCALIDADES   DISTRITO DE NUEVO PROGRESO DE LA PROVINCIA DE TOCACHE DEL DEPARTAMENTO DE SAN MARTIN;359210;PEN;13;Licitación Pública Abreviada;goods;Mediana competencia
1200047;20161096068;MUNICIPALIDAD PROVINCIAL DE COTABAMBAS - TAMBOBAMBA;APURIMAC;COTABAMBAS;MEJORAMIENTO DEL SERVICIO DE MOVILIDAD URBANA EN LAS VIAS LOCALES DEL BARRIO SAN MARTIN  DE CENTRO POBLADO TAMBOBAMBA DISTRITO DE TAMBOBAMBA DE LA PROVINCIA DE COTABAMBAS DEL DEPARTAMENTO DE APURIMAC;237600;PEN;3;Subasta Inversa Electrónica;goods;Baja competencia
1193243;20494642078;GOBIERNO REGIONAL DE AYACUCHO - PROGRAMA REGIONAL DE IRRIGACION Y DESARROLLO RURAL INTEGRADO;AYACUCHO;HUAMANGA;AMPLIACION DE LA PRESA ANCASCOCHA Y AFIANZAMIENTO DEL VALLE DE YAUCA (AYACUCHO Y AREQUIPA);80000;PEN;12;Concurso Público Abreviado;services;Mediana competencia
1201584;20601625017;MUNICIPALIDAD DISTRITAL DE MEGANTONI;CUSCO;LA CONVENCION;MEJORAMIENTO DE LOS SERVICIOS DE INTERCAMBIO INTERCULTURAL EN LA ZONA SUR DEL  DISTRITO DE MEGANTONI - PROVINCIA DE LA CONVENCION - DEPARTAMENTO DE CUSCO;86400;PEN;3;Comparación de Precios;goods;Baja competencia
1200253;20163579791;MUNICIPALIDAD DISTRITAL DE SAN CLEMENTE;ICA;PISCO;CREACION DEL SERVICIO DE PRÁCTICA DEPORTIVA Y/O RECREATIVA EN LA LOSA DEPORTIVA LOS ANDES  - MARACANAZO DEL SECTOR GRUPO 3 DEL   DISTRITO DE SAN CLEMENTE DE LA PROVINCIA DE PISCO DEL DEPARTAMENTO DE ICA;1882424.82;PEN;19;Licitación Pública Abreviada;works;Mediana competencia
1196941;20202190503;MUNICIPALIDAD DISTRITAL DE LIMBANI;PUNO;SANDIA;MEJORAMIENTO DEL SERVICIO DE ACCESIBILIDAD A LA ADQUISICIÓN DE PRODUCTOS DE PRIMERA NECESIDAD EN EL MERCADO MUNICIPAL DE LIMBANI DEL   DISTRITO DE LIMBANI DE LA PROVINCIA DE SANDIA DEL DEPARTAMENTO DE PUNO;111216.11;PEN;14;Concurso Público Abreviado;services;Mediana competencia
1196806;20147604310;MUNICIPALIDAD DISTRITAL DE TUPAC AMARU INCA;ICA;PISCO;MEJORAMIENTO DEL CAMPO DEPORTIVO LA PLANICIE DEL SECTOR VISTA AL VALLE  DEL  DISTRITO DE TUPAC AMARU INCA - PROVINCIA DE PISCO - DEPARTAMENTO DE ICA;1031570.77;PEN;16;Licitación Pública Abreviada;works;Mediana competencia
1198319;20190345344;MUNICIPALIDAD PROVINCIAL DE TAYACAJA - PAMPAS;HUANCAVELICA;TAYACAJA;CREACION DEL SERVICIO DE MOVILIDAD URBANA EN LAS VÍAS LOCALES DEL ÁREA URBANA DE CENTRO POBLADO VIÑAS DEL   DISTRITO DE PAMPAS DE LA PROVINCIA DE TAYACAJA DEL DEPARTAMENTO DE HUANCAVELICA;684089.64;PEN;29;Concurso Público para Consultoría;services;Alta competencia
1204107;20154491873;MUNICIPALIDAD PROVINCIAL DE ILO;MOQUEGUA;ILO;CREACION DEL SERVICIO DE ESPACIOS PÚBLICOS VERDES EN LA MANZANA V' (PRIMA) DEL A.H. JOHN F. KENNEDY,   DISTRITO DE ILO DE LA PROVINCIA DE ILO DEL DEPARTAMENTO DE MOQUEGUA;90500;PEN;4;Licitación Pública Abreviada;goods;Baja competencia
1199512;20452393493;GOBIERNO REGIONAL DE AYACUCHO SEDE CENTRAL;AYACUCHO;HUAMANGA;MEJORAMIENTO CAMINO VECINAL  LIMONCHAYOCC-SAN JUAN DE MATUCANA-TRIBOLINE-AY519-GRANJA SIVIA BAJA-SIVIA DE LAS PROVINCIAS DE LA MAR Y HUANTA DEL  DEPARTAMENTO DE AYACUCHO;485000;PEN;9;Subasta Inversa Electrónica;goods;Baja competencia
1196024;20146721410;MUNICIPALIDAD PROVINCIAL DE SECHURA;PIURA;SECHURA;MEJORAMIENTO DEL SERVICIO DE TRANSITABILIDAD VEHICULAR Y PEATONAL EN EL BARRIO LA PERA, DEL CASERIO TAJAMAR DEL DISTRITO DE SECHURA - PROVINCIA DE SECHURA - DEPARTAMENTO DE PIURA;1561157.11;PEN;20;Licitación Pública Abreviada;works;Mediana competencia
1198891;20146721410;MUNICIPALIDAD PROVINCIAL DE SECHURA;PIURA;SECHURA;MEJORAMIENTO DEL SERVICIO DE EDUCACION PRIMARIA Y SERVICIO DE EDUCACIÓN SECUNDARIA EN I.E. BERNAL   DISTRITO DE BERNAL DE LA PROVINCIA DE SECHURA DEL DEPARTAMENTO DE PIURA;3000000;PEN;22;Licitación Pública Abreviada;works;Alta competencia
1200856;20191636016;MUNICIPALIDAD DISTRITAL DE PASTAZA;LORETO;DATEM DEL MARAÑON;"CONSTRUCCION DE AULA DE EDUCACION PRIMARIA Y SERVICIOS HIGIENICOS Y/O VESTIDORES PARA ESTUDIANTES; ADQUISICION DE MOBILIARIO DE AULA DE EDUCACION PRIMARIA; EN EL(LA) I.E. 62703 EN EL CENTRO POBLADO PUERTO AGUAJAL, DISTRITO DE PASTAZA, PROVINCIA DATEM DEL MARAÑON, DEPARTAMENTO LORETO";1208053.43;PEN;1;Licitación Pública Abreviada;works;Baja competencia
1197351;20202885315;MUNICIPALIDAD DISTRITAL DE AYAPATA;PUNO;CARABAYA;MEJORAMIENTO Y AMPLIACION DE LOS SERVICIOS DE AGUA POTABLE Y SANEAMIENTO EN LA COMUNIDAD DE KANCHI ORCCOTAQUI DEL, DISTRITO DE AYAPATA - CARABAYA - PUNO;3305109.35;PEN;5;Licitación Pública Abreviada;works;Baja competencia
1197742;20608197037;MUNICIPALIDAD DISTRITAL DE SAN ANTONIO;MOQUEGUA;MARISCAL NIETO;MEJORAMIENTO Y AMPLIACION DE LOS SERVICIOS DE PROTECCIÓN EN RIBERAS DE RÍO VULNERABLES ANTE EL PELIGRO EN EL RIO MOQUEGUA DE LOS SECTORES SANTA ROSA, OMO Y LA RINCONADA DEL   DISTRITO DE SAN ANTONIO DE LA PROVINCIA DE MARISCAL NIETO DEL DEPARTAMENTO DE MOQUEGUA;104500;PEN;13;Concurso Público Abreviado;services;Mediana competencia
1196930;20131372427;MUNICIPALIDAD DISTRITAL DE SAN MARTIN DE PORRES;LIMA;LIMA;MEJORAMIENTO Y AMPLIACION DEL SERVICIOS DE ESPACIOS PÚBLICOS URBANOS EN EL PARQUE MARIANO MELGAR UBICADO EN LA URBANIZACIÓN VIRGEN DEL ROSARIO DEL   DISTRITO DE SAN MARTIN DE PORRES DE LA PROVINCIA DE LIMA DEL DEPARTAMENTO DE LIMA;612171.91;PEN;21;Licitación Pública Abreviada;works;Alta competencia
1201518;20452393493;GOBIERNO REGIONAL DE AYACUCHO SEDE CENTRAL;AYACUCHO;HUAMANGA;MEJORAMIENTO Y AMPLIACION DEL SERVICIO DE TRANSITABILIDAD VIAL ENTRE EL TRAMO AY-728(PENAL DE YANAMILLA) HASTA EL TRAMO AY-729(PTAR) LONGITUD 2.38 KM EN EL  DISTRITO DE ANDRES AVELINO CACERES - PROVINCIA DE HUAMANGA - DEPARTAMENTO DE AYACUCHO;90000;PEN;3;Comparación de Precios;goods;Baja competencia
1194702;20189262451;MUNICIPALIDAD DISTRITAL DE OXAMARCA;CAJAMARCA;CELENDIN;"CONSTRUCCION DE CERCO PERIMETRICO; EN EL(LA) I.E. LA QUINUA  DISTRITO DE OXAMARCA, PROVINCIA CELENDIN, DEPARTAMENTO CAJAMARCA";660022.2;PEN;11;Licitación Pública Abreviada;works;Mediana competencia
1193286;20205308556;MUNICIPALIDAD DISTRITAL DE MATAHUASI;JUNIN;CONCEPCION;"REMODELACION DE LOSA DEPORTIVA; EN EL(LA) LOSA DEPORTIVA DEL COLISEO DEL CENTRO POBLADO DE MARAVILCA  DISTRITO DE MATAHUASI, PROVINCIA CONCEPCION, DEPARTAMENTO JUNIN";95903.67;PEN;15;Licitación Pública Abreviada;works;Mediana competencia
1193896;20170164408;MUNICIPALIDAD DISTRITAL DE MASISEA;UCAYALI;CORONEL PORTILLO;MEJORAMIENTO DEL SERVICIO DE ATENCIÓN Y PROMOCIÓN DE LAS FAMILIAS EN LOCAL COMUNAL  DE CENTRO POBLADO NUEVO CEYLAN DISTRITO DE MASISEA DE LA PROVINCIA DE CORONEL PORTILLO DEL DEPARTAMENTO DE UCAYALI;419612.6;PEN;7;Licitación Pública Abreviada;works;Baja competencia
1208239;20414868216;PROGRAMA SUBSECTORIAL DE IRRIGACIONES - PSI;LIMA;LIMA;MEJORAMIENTO DEL SERVICIO DE AGUA A NIVEL PARCELARIO CON UN SISTEMA DE RIEGO TECNIFICADO PARA EL GRUPO DE GESTIÓN EMPRESARIAL SUMAC WIÑAY TUSINI GRANDE,  DISTRITO DE LAMPA - PROVINCIA DE LAMPA - DEPARTAMENTO DE PUNO;24000;PEN;1;Convenio;services;Baja competencia
1198742;20181438364;MUNICIPALIDAD PROVINCIAL DE EL COLLAO - ILAVE;PUNO;EL COLLAO;"REPARACION DE PAVIMENTO; EN EL(LA) AV. EJERCITO (3RA A 9NA CUADRA), JIRÓN 02 DE MAYO (4TA A 7MA CUADRA) Y JIRÓN 28 DE JULIO (8VA Y 9NA CUADRA) A NIVEL DE PAVIMENTO FLEXIBLE EN LA CIUDAD DE ILAVE DEL  DISTRITO DE ILAVE, PROVINCIA EL COLLAO, DEPARTAMENTO PUNO";68964;PEN;9;Subasta Inversa Electrónica;goods;Baja competencia
1196819;20486020882;GOBIERNO REGIONAL DE HUANCAVELICA Sede Central;HUANCAVELICA;HUANCAVELICA;MEJORAMIENTO DEL SERVICIO DE TRANSITABILIDAD VEHICULAR Y PEATONAL DE LA PROLG. MANCHEGO MUÑOZ, JIRON QUICHCCAHUAYCCO, JR. YAULI, JR. LIRCAY, JR. HUANDO, JR. LARIA Y JR. ACORIA DEL BARRIO DE SANTA ANA DISTRITO DE HUANCAVELICA, PROVINCIA DE HUANCAVELIC;93450;PEN;3;Comparación de Precios;goods;Baja competencia
1201114;20601625017;MUNICIPALIDAD DISTRITAL DE MEGANTONI;CUSCO;LA CONVENCION;CREACION DE LA GESTION INTEGRAL DE RESIDUOS SOLIDOS EN LA COMUNIDAD NATIVA DE NUEVO MUNDO, ZONAL BAJO URUBAMBA NORTE, DISTRITO DE ECHARATE - LA CONVENCION - CUSCO;84075;PEN;3;Comparación de Precios;goods;Baja competencia
1202218;20601625017;MUNICIPALIDAD DISTRITAL DE MEGANTONI;CUSCO;LA CONVENCION;AMPLIACION DEL SERVICIO DE LIMPIEZA PUBLICA EN LA COMUNIDAD NATIVA DE NUEVA LUZ DEL DISTRITO DE MEGANTONI - PROVINCIA DE LA CONVENCION - DEPARTAMENTO DE CUSCO;73490;PEN;3;Comparación de Precios;goods;Baja competencia
1198689;20493452241;MUNICIPALIDAD DISTRITAL DE ANDOAS;LORETO;DATEM DEL MARAÑON;MEJORAMIENTO DEL SERVICIO DE EDUCACION PRIMARIA EN I.E. 62381  DE CENTRO POBLADO UWINTSA DISTRITO DE ANDOAS DE LA PROVINCIA DE DATEM DEL MARAÑON DEL DEPARTAMENTO DE LORETO;84498.9;PEN;7;Concurso Público Abreviado;services;Baja competencia
1198281;20452393493;GOBIERNO REGIONAL DE AYACUCHO SEDE CENTRAL;AYACUCHO;HUAMANGA;MEJORAMIENTO DE LA PRESTACION DE LOS SERVICIOS DE SALUD EN LOS PUESTOS DE SALUD TIPO I-1 EN LOS CENTROS POBLADOS DE QUIÑASI Y CHUYMAY, DISTRITO DE TOTOS - CANGALLO - AYACUCHO;47310;PEN;9;Subasta Inversa Electrónica;goods;Baja competencia
1196289;20406325815;GOBIERNO REGIONAL DE PUNO SEDE CENTRAL;PUNO;PUNO;MEJORAMIENTO DEL SERVICIO DE TRANSITABILIDAD VIAL INTERURBANA EN EL CAMINO VECINAL DEL KM=0+000 (DESVIO PUENTE OCRA CHUPA)  AL KM= 6+373 (C.P. PEDRO VILCAPAZA DE MORORCCO),   DISTRITO DE MUÑANI DE LA PROVINCIA DE AZANGARO DEL DEPARTAMENTO DE PUNO;137435;PEN;28;Licitación Pública Abreviada;goods;Alta competencia
1199993;20490338773;GOBIERNO REGIONAL DE APURIMAC-GERENCIA SUBREGIONAL CHINCHEROS;APURIMAC;CHINCHEROS;MEJORAMIENTO DEL SERVICIO EDUCATIVO, PARA EL FORTALECIMIENTO DE LAS CAPACIDADES DE APRENDIZAJE DE LOS ESTUDIANTES DEL INSTITUTO DE EDUCACIÓN SUPERIOR TECNOLÓGICO PÚBLICO DE CHINCHEROS,  DISTRITO DE CHINCHEROS - PROVINCIA DE CHINCHEROS - DEPARTAMENTO DE APURIMAC;51135;PEN;18;Subasta Inversa Electrónica;goods;Mediana competencia
1201088;20189975920;GOBIERNO REGIONAL DE CUSCO - DIRECCION REGIONAL DE TRANSPORTES Y COMUNICACIONES CUSCO;CUSCO;CUSCO;MEJORAMIENTO DEL SERVICIO DE LA TRANSITABILIDAD VEHICULAR DE LA CARRETERA DEPARTAMENTAL CU-120, TRAMO EMP CU-119 (TINCOC) ¿ EMP. CU 117 (CUSIBAMBA) EN LOS DISTRITOS DE PACCARITAMBO Y PARURO DE LA  PROVINCIA DE PARURO - DEPARTAMENTO DE CUSCO;50000;PEN;3;Comparación de Precios;services;Baja competencia
1194043;20288774553;MUNICIPALIDAD DISTRITAL DE CHALLHUAHUACHO;APURIMAC;COTABAMBAS;MEJORAMIENTO Y AMPLIACION DE LOS SERVICIOS CULTURALES DE LA INFRAESTRUCTURA CULTURAL PÚBLICA EN EL  DISTRITO DE CHALLHUAHUACHO - PROVINCIA DE COTABAMBAS - DEPARTAMENTO DE APURIMAC;480000;PEN;9;Licitación Pública Abreviada;goods;Baja competencia
1202120;20285763313;MUNICIPALIDAD DISTRITAL DE ICHUÑA;MOQUEGUA;GENERAL SANCHEZ CERRO;"REPARACION DE PLATAFORMA, DRENAJE TRANSVERSAL Y PROTECCION RIBEREÑA VIAL; EN EL(LA) CAMINO VECINAL R-180201, TRAMO: EMP. P-36B ¿ EMP. MO 106 (PTE. CRUCERO) DEL  DISTRITO DE ICHUÑA, PROVINCIA GENERAL SANCHEZ CERRO, DEPARTAMENTO MOQUEGUA";118129.2;PEN;2;Subasta Inversa Electrónica;goods;Baja competencia
1199121;20163164401;MUNICIPALIDAD DISTRITAL DE SAN JOSE - LAMBAYEQUE;LAMBAYEQUE;LAMBAYEQUE;"MEJORAMIENTO DEL SERVICIO DE PRÁCTICA DEPORTIVA Y/O RECREATIVA EN EL COMPLEJO DEPORTIVO JOSÉ RAMOS CHÁVEZ: ""CRONOMETRO RAMOS"" DEL   DISTRITO DE SAN JOSE DE LA PROVINCIA DE LAMBAYEQUE DEL DEPARTAMENTO DE LAMBAYEQUE";86441.38;PEN;13;Concurso Público Abreviado;services;Mediana competencia
1197023;20198250199;MUNICIPALIDAD DISTRITAL DE CHAVIN DE HUANTAR;ANCASH;HUARI;MEJORAMIENTO DEL SERVICIO DE ORDENAMIENTO TERRITORIAL PARA LA MODERNIZACIÓN Y GESTIÓN ESTRATÉGICA DEL TERRITORIO EN MARCO DEL PROCESO DE ADAPTACIÓN AL CAMBIO CLIMÁTICO DEL  DISTRITO DE CHAVIN DE HUANTAR - PROVINCIA DE HUARI - DEPARTAMENTO DE ANCASH;103902;PEN;16;Licitación Pública Abreviada;goods;Mediana competencia
1193862;20202455817;MUNICIPALIDAD DISTRITAL DE HUAYOPATA;CUSCO;LA CONVENCION;MEJORAMIENTO DEL SERVICIO DE MOVILIDAD URBANA EN LOS PASAJES ESMERALDA Y TUPAC AMARU. JIRON ANGUSTIAS Y AVENIDA MORRO DE ARICA   DISTRITO DE HUAYOPATA DE LA PROVINCIA DE LA CONVENCION DEL DEPARTAMENTO DE CUSCO;167311.83;PEN;13;Subasta Inversa Electrónica;goods;Mediana competencia
1201380;20531375808;GOBIERNO REGIONAL DE SAN MARTIN SEDE CENTRAL;SAN MARTIN;MOYOBAMBA;"ADQUISICION DE EQUIPO DE RAYOS X DIGITAL; CONSTRUCCION DE LABORATORIO Y AREA DE DESINFECCION; REMODELACION DE AMBIENTE DE DISPENSACION Y EXPENDIO; ADEMÁS DE OTROS ACTIVOS EN EL(LA) EESS HABANA - HABANA EN LA LOCALIDAD HABANA, DISTRITO DE HABANA, PROVINCIA MOYOBAMBA, DEPARTAMENTO SAN MARTIN";234478.46;PEN;6;Concurso Público Abreviado;services;Baja competencia
1193110;20489252270;GOBIERNO REGIONAL DE PASCO SEDE CENTRAL;PASCO;PASCO;CREACION DE  PISTAS, VEREDAS Y ESCALINATAS EN EL CENTRO POBLADO DE HUAYLASJIRCA DEL DISTRITO DE YANAHUANCA - PROVINCIA DE DANIEL ALCIDES CARRION - DEPARTAMENTO DE PASCO;140476.05;PEN;10;Concurso Público Abreviado;services;Mediana competencia
1195074;20177427285;MUNICIPALIDAD DISTRITAL DE COTABAMBAS;APURIMAC;COTABAMBAS;"CONSTRUCCION DE AMBIENTE DE MANTENIMIENTO DE EQUIPOS Y VEHICULOS Y CERCO PERIMETRICO; ADQUISICION DE EQUIPOS COMPLEMENTARIOS; REPARACION DE VEHICULO; EN EL(LA) AREA DE EQUIPO MECANICO  DISTRITO DE COTABAMBAS, PROVINCIA COTABAMBAS, DEPARTAMENTO APURIMAC";97500;PEN;10;Subasta Inversa Electrónica;goods;Mediana competencia
1197433;20275974243;MUNICIPALIDAD DISTRITAL DE MOLLEPATA - SANTIAGO DE CHUCO;LA LIBERTAD;SANTIAGO DE CHUCO;MEJORAMIENTO DEL CANAL PRINCIPAL DE AGUA PARA RIEGO DEL SECTOR SARIN HASTA LA LOCALIDAD COMBE DEL DISTRITO DE MOLLEPATA - PROVINCIA DE SANTIAGO DE CHUCO - DEPARTAMENTO DE LA LIBERTAD;236134.01;PEN;11;Concurso Público Abreviado;services;Mediana competencia
1194530;20207621448;MUNICIPALIDAD DISTRITAL DE CAYNARACHI;SAN MARTIN;LAMAS;MEJORAMIENTO Y AMPLIACION DEL SERVICIO DE DRENAJE PLUVIAL EN LOS BARRIOS RICARTE RAMIREZ Y  PROGRESO  DE CENTRO POBLADO PONGO DE CAYNARACHI DISTRITO DE CAYNARACHI DE LA PROVINCIA DE LAMAS DEL DEPARTAMENTO DE SAN MARTIN;404477.81;PEN;5;Concurso Público Abreviado;services;Baja competencia
1198641;20490600842;GOBIERNO REGIONAL DE APURIMAC - UNIDAD EJECUTORA 004: PRO DESARROLLO APURIMAC;APURIMAC;ABANCAY;MEJORAMIENTO DEL SERVICIO DE AGUA PARA EL SISTEMA DE RIEGO CANAL I TINTAY Y CANAL I CAVIRA DE LAS LOCALIDADES DE TINTAY Y CAVIRA, DISTRITO DE KISHUARA - ANDAHUAYLAS - APURIMAC;181668.34;PEN;35;Licitación Pública Abreviada;goods;Alta competencia
1198331;20275306721;MUNICIPALIDAD DISTRITAL DE SARTIMBAMBA;LA LIBERTAD;SANCHEZ CARRION;MEJORAMIENTO DEL SERVICIO DE PRÁCTICA DEPORTIVA Y/O RECREATIVA EN EL CAMPO DEPORTIVO DE MARAYBAMBA   DISTRITO DE SARTIMBAMBA DE LA PROVINCIA DE SANCHEZ CARRION DEL DEPARTAMENTO DE LA LIBERTAD;1641745.01;PEN;6;Licitación Pública Abreviada;works;Baja competencia
1191400;20145705780;MUNICIPALIDAD PROVINCIAL DE SAN ANTONIO DE PUTINA;PUNO;SAN ANTONIO DE PUTINA;"MEJORAMIENTO DEL SERVICIO DE MOVILIDAD URBANA EN LA ""PRIMERA ETAPA"" DE LAS VÍAS LOCALES DEL CENTRO POBLADO SANTIAGO GIRALDO   DISTRITO DE PUTINA DE LA PROVINCIA DE SAN ANTONIO DE PUTINA DEL DEPARTAMENTO DE PUNO";2994903.24;PEN;11;Licitación Pública Abreviada;works;Mediana competencia
1197453;20527760314;UNIVERSIDAD NACIONAL JOSE MARIA ARGUEDAS;APURIMAC;ANDAHUAYLAS;CREACION DE LOS SERVICIOS DE FORMACIÓN PROFESIONAL EN CONTABILIDAD DE LA UNIVERSIDAD NACIONAL JOSE MARÍA ARGUEDAS DE  DISTRITO DE SAN JERONIMO - PROVINCIA DE ANDAHUAYLAS - DEPARTAMENTO DE APURIMAC;98830;PEN;40;Licitación Pública Abreviada;goods;Alta competencia
1200407;20131378034;MUNICIPALIDAD DISTRITAL DE SAN JUAN DE LURIGANCHO;LIMA;LIMA;"RENOVACION DE CALZADA O PISTA; EN EL(LA) AV. CIRCUNVALACION (TRAMO COMPRENDIDO ENTRE LA AV. AMPLIACION HASTA LA AV. MAR SUR ESTE) Y LA AV. MAR SUR ESTE (TRAMO COMPRENDIDO ENTRE LA AV. CIRCUNVALACION Y LA AV. FERNANDO WIESSE)  DISTRITO DE SAN JUAN DE LURIGANCHO, PROVINCIA LIMA, DEPARTAMENTO LIMA";192704.42;PEN;14;Concurso Público Abreviado;services;Mediana competencia
1196292;20444054400;GOBIERNO REGIONAL DE HUANCAVELICA-HOSPITAL DEPARTAMENTAL DE HUANCAVELICA;HUANCAVELICA;HUANCAVELICA;"ADQUISICION DE MAQUINA DE ANESTESIA, ELECTROBISTURI Y EQUIPO DE CIRUGIA LAPAROSCOPICA; CONSTRUCCION DE SALA DE OPERACIONES; ADEMÁS DE OTROS ACTIVOS EN EL(LA) HOSPITAL DEPARTAMENTAL DE HUANCAVELICA AV. ANDRES A. CACERES S/N BARRIO YANANACO HUANCAVELICA DISTRITO DE HUANCAVELICA, PROVINCIA HUANCAVELICA, DEPARTAMENTO HUANCAVELICA";90500;PEN;11;Concurso Público Abreviado;services;Mediana competencia
1201944;20147676574;MUNICIPALIDAD DISTRITAL DE PUEBLO NUEVO - CHINCHA;ICA;CHINCHA;MEJORAMIENTO DEL SERVICIO DE MOVILIDAD URBANA EN EL JR SANTA ROSA  DE CENTRO POBLADO PUEBLO NUEVO DISTRITO DE PUEBLO NUEVO DE LA PROVINCIA DE CHINCHA DEL DEPARTAMENTO DE ICA;2917753.66;PEN;26;Licitación Pública Abreviada;works;Alta competencia
1200479;20452393493;GOBIERNO REGIONAL DE AYACUCHO SEDE CENTRAL;AYACUCHO;HUAMANGA;MEJORAMIENTO DE LA PRESTACION DE LOS SERVICIOS DE SALUD EN LOS PUESTOS DE SALUD TIPO I-1 EN LOS CENTROS POBLADOS DE QUIÑASI Y CHUYMAY, DISTRITO DE TOTOS - CANGALLO - AYACUCHO;83900;PEN;10;Subasta Inversa Electrónica;goods;Mediana competencia
1195536;20146898697;MUNICIPALIDAD PROVINCIAL DE CHINCHA - CHINCHA ALTA;ICA;CHINCHA;MEJORAMIENTO DE LOS SERVICIOS EDUCATIVOS EN LA I.E. Nº 710 AA.HH. AMPLIACION SEÑOR DE LOS MILAGROS DEL DISTRITO DE CHINCHA ALTA - PROVINCIA DE CHINCHA - DEPARTAMENTO DE ICA;217874.93;PEN;17;Concurso Público Abreviado;services;Mediana competencia
1193091;20489250731;GOBIERNO REGIONAL DE HUANUCO SEDE CENTRAL;HUANUCO;HUANUCO;MEJORAMIENTO, AMPLIACION DEL SERVICIO EDUCATIVO DE LA I.E. JUANA MORENO - DISTRITO DE HUANUCO, PROVINCIA DE HUANUCO - HUANUCO;320000;PEN;9;Adjudicación Simplificada;services;Baja competencia
1197645;20174816221;MUNICIPALIDAD PROVINCIAL DE TARMA;JUNIN;TARMA;MEJORAMIENTO DEL SERVICIOS DE ESPACIOS PÚBLICOS URBANOS EN EL MIRADOR DE ANTAPAMPA COMUNIDAD CAMPESINA DE VISTA HERMOSA   DISTRITO DE TARMA DE LA PROVINCIA DE TARMA DEL DEPARTAMENTO DE JUNIN;168000;PEN;5;Concurso Público Abreviado;services;Baja competencia
1198560;20182786935;GOBIERNO REGIONAL DE UCAYALI-DIRECCIÓN REGIONAL SECTORIAL DE TRANSPORTES Y COMUNICACIONES;UCAYALI;CORONEL PORTILLO;"REPARACION DE PLATAFORMA Y PUENTE; EN EL(LA) CARRETERA DEPARTAMENTAL UC -110, TRAMO: NUEVA JERUSALÉN - HERMOSA SELVA - ABEJAICO DISTRITO DE CAMPOVERDE, PROVINCIA CORONEL PORTILLO, DEPARTAMENTO UCAYALI";71811.6;PEN;3;Subasta Inversa Electrónica;goods;Baja competencia
1200447;20452393493;GOBIERNO REGIONAL DE AYACUCHO SEDE CENTRAL;AYACUCHO;HUAMANGA;MEJORAMIENTO Y AMPLIACION DEL SERVICIO DE TRANSITABILIDAD TRAMO: EMP. AY-780 (MOLLEPATA) - EMP. PE 3S (PONGORA)  EN LOS EN LOS DISTRITOS DE AYACUCHO Y JESUS NAZARENO DE LA  PROVINCIA DE HUAMANGA - DEPARTAMENTO DE AYACUCHO;139432.48;PEN;10;Subasta Inversa Electrónica;goods;Mediana competencia
1195857;20154491873;MUNICIPALIDAD PROVINCIAL DE ILO;MOQUEGUA;ILO;CREACION DEL SERVICIO DE ESPACIOS PÚBLICOS VERDES EN LA MANZANA V' (PRIMA) DEL A.H. JOHN F. KENNEDY,   DISTRITO DE ILO DE LA PROVINCIA DE ILO DEL DEPARTAMENTO DE MOQUEGUA;85000;PEN;4;Licitación Pública Abreviada;goods;Baja competencia
1208365;20414868216;PROGRAMA SUBSECTORIAL DE IRRIGACIONES - PSI;LIMA;LIMA;MEJORAMIENTO DEL SERVICIO DE AGUA A NIVEL PARCELARIO CON UN SISTEMA DE RIEGO TECNIFICADO PARA EL GRUPO DE GESTIÓN EMPRESARIAL SUMAC WIÑAY TUSINI GRANDE,  DISTRITO DE LAMPA - PROVINCIA DE LAMPA - DEPARTAMENTO DE PUNO;24000;PEN;1;Convenio;services;Baja competencia
1196621;20489250731;GOBIERNO REGIONAL DE HUANUCO SEDE CENTRAL;HUANUCO;HUANUCO;"CONSTRUCCION DE ASCENSOR; ADQUISICION DE ASCENSOR; EN EL(LA) INSTITUTO DE EDUCACIÓN SUPERIOR TECNOLÓGICA PÚBLICO FELIPE HUAMÁN POMA DE AYALA EN EL CENTRO POBLADO LA UNION, DISTRITO DE LA UNION, PROVINCIA DOS DE MAYO, DEPARTAMENTO HUANUCO";938176.31;PEN;9;Licitación Pública Abreviada;works;Baja competencia
1192309;20202072489;MUNICIPALIDAD DISTRITAL DE SUCRE;CAJAMARCA;CELENDIN;"RENOVACION DE CAMPO MENOR (MULTIDEPORTIVO RECREATIVO); EN EL(LA) I.E. 821145 EN EL CENTRO POBLADO LA FLORIDA, DISTRITO DE SUCRE, PROVINCIA CELENDIN, DEPARTAMENTO CAJAMARCA";187558.47;PEN;12;Licitación Pública Abreviada;works;Mediana competencia
1199777;20170164408;MUNICIPALIDAD DISTRITAL DE MASISEA;UCAYALI;CORONEL PORTILLO;MEJORAMIENTO DEL SERVICIO DE ATENCIÓN Y PROMOCIÓN DE LAS FAMILIAS EN LOCAL COMUNAL  DE CENTRO POBLADO SAN RAFAEL DISTRITO DE MASISEA DE LA PROVINCIA DE CORONEL PORTILLO DEL DEPARTAMENTO DE UCAYALI;401392;PEN;5;Licitación Pública Abreviada;works;Baja competencia
1193274;20159386253;MUNICIPALIDAD DISTRITAL DE SAN JERONIMO - CUSCO;CUSCO;CUSCO;MEJORAMIENTO DEL SERVICIO  DEPORTIVO Y RECREATIVO EN LA COMUNIDAD CAMPESINA DE USPHABAMBA DEL DISTRITO DE SAN JERONIMO - PROVINCIA DE CUSCO - DEPARTAMENTO DE CUSCO;355000;PEN;31;Concurso Público Abreviado;services;Alta competencia
1198688;20170327129;MUNICIPALIDAD DISTRITAL DE QUELLOUNO;CUSCO;LA CONVENCION;CONSTRUCCION DEL CAMINO VECINAL LAMPACHACA ALTO CHIRUMBIA, DISTRITO DE QUELLOUNO - LA CONVENCION - CUSCO;168937.5;PEN;4;Subasta Inversa Electrónica;goods;Baja competencia
1197005;20159345573;MUNICIPALIDAD DISTRITAL DE PITUMARCA;CUSCO;CANCHIS;MEJORAMIENTO DE LOS SERVICIOS DE APOYO AL DESARROLLO PRODUCTIVO EN LA CADENA PRODUCTIVA DE CUYES EN EL   DISTRITO DE PITUMARCA DE LA PROVINCIA DE CANCHIS DEL DEPARTAMENTO DE CUSCO;76707;PEN;3;Comparación de Precios;goods;Baja competencia
1197817;20211874296;MUNICIPALIDAD DISTRITAL DE SOROCHUCO;CAJAMARCA;CELENDIN;"CONSTRUCCION DE CERCO PERIMETRICO; EN EL(LA) I.E. CRUZPAMPA EN EL CENTRO POBLADO CRUZPAMPA, DISTRITO DE SOROCHUCO, PROVINCIA CELENDIN, DEPARTAMENTO CAJAMARCA";639256.62;PEN;7;Licitación Pública Abreviada;works;Baja competencia
1196260;20159340008;MUNICIPALIDAD DISTRITAL DE SANTA TERESA;CUSCO;LA CONVENCION;MEJORAMIENTO DEL SERVICIO DE MOVILIDAD URBANA EN LA CALLE 02, CALLE 03, CALLE 04 Y CALLE 08 DEL CENTRO POBLADO DE SANTA TERESA DEL  DISTRITO DE SANTA TERESA - PROVINCIA DE LA CONVENCION - DEPARTAMENTO DE CUSCO;110020;PEN;9;Subasta Inversa Electrónica;goods;Baja competencia
1185836;20607827983;MUNICIPALIDAD DISTRITAL DE BOQUERÓN;UCAYALI;PADRE ABAD;MEJORAMIENTO Y AMPLIACION DEL SERVICIO DE AGUA POTABLE RURAL Y MEJORAMIENTO Y AMPLIACION DEL SERVICIO DE ALCANTARILLADO U OTRAS FORMAS DE DISPOSICIÓN SANITARIA DE EXCRETAS EN EL CASERIO PAUJIL   DISTRITO DE BOQUERON DE LA PROVINCIA DE PADRE ABAD DEL DEPARTAMENTO DE UCAYALI;180000;PEN;3;Concurso Público Abreviado;services;Baja competencia
1202173;20189848570;MUNICIPALIDAD DISTRITAL DE KUNTURKANKI;CUSCO;CANAS;MEJORAMIENTO DEL SERVICIO DE ACCESIBILIDAD A LA ADQUISICIÓN DE PRODUCTOS DE PRIMERA NECESIDAD EN EL MERCADO DE ABASTOS KUNTURKANKI DEL   DISTRITO DE KUNTURKANKI DE LA PROVINCIA DE CANAS DEL DEPARTAMENTO DE CUSCO;99000;PEN;3;Comparación de Precios;goods;Baja competencia
1192209;20200034211;MUNICIPALIDAD DISTRITAL DE RAGASH;ANCASH;SIHUAS;CREACION DEL SERVICIO DE PROVISIÓN DE AGUA PARA RIEGO EN CENTRO POBLADO MANTA   DISTRITO DE RAGASH DE LA PROVINCIA DE SIHUAS DEL DEPARTAMENTO DE ANCASH;143808;PEN;15;Concurso Público Abreviado;services;Mediana competencia
1197490;20159340008;MUNICIPALIDAD DISTRITAL DE SANTA TERESA;CUSCO;LA CONVENCION;MEJORAMIENTO DEL SERVICIO DE MOVILIDAD URBANA EN LA CALLE 02, CALLE 03, CALLE 04 Y CALLE 08 DEL CENTRO POBLADO DE SANTA TERESA DEL  DISTRITO DE SANTA TERESA - PROVINCIA DE LA CONVENCION - DEPARTAMENTO DE CUSCO;151700;PEN;4;Subasta Inversa Electrónica;goods;Baja competencia
1196851;20170327129;MUNICIPALIDAD DISTRITAL DE QUELLOUNO;CUSCO;LA CONVENCION;MEJORAMIENTO Y AMPLIACION DEL SERVICIO DE AGUA POTABLE Y LETRINAS EN EL SECTOR DE MERCEDESNIYOC ALTA  DISTRITO DE QUELLOUNO - PROVINCIA DE LA CONVENCION - DEPARTAMENTO DE CUSCO;92300;PEN;7;Subasta Inversa Electrónica;goods;Baja competencia
1201225;20159311598;GOBIERNO REGIONAL DE CUSCO - PROYECTO ESPECIAL REGIONAL PLAN COPESCO;CUSCO;CUSCO;MEJORAMIENTO DEL SERVICIO DE TRANSITABILIDAD VIAL INTERURBANA, EN LA VÍA VECINAL CU 902 - TRAMO CCPPS HUAROCONDO Y ZURITE, EN LOS DISTRITOS DE HUAROCONDO Y ZURITE DE LA  PROVINCIA DE ANTA - DEPARTAMENTO DE CUSCO;60307.5;PEN;3;Comparación de Precios;goods;Baja competencia
1198696;20493452241;MUNICIPALIDAD DISTRITAL DE ANDOAS;LORETO;DATEM DEL MARAÑON;CREACION DEL SERVICIO DE ATENCIÓN DE SALUD BÁSICOS EN EL CENTRO DE PROMOCIÓN Y VIGILANCIA COMUNAL EN LIMON COCHA, SAN JUAN DE MANCHARI, CHURUS,  Y  DE CENTRO POBLADO  PURANCHIN DISTRITO DE ANDOAS DE LA PROVINCIA DE DATEM DEL MARAÑON DEL DEPARTAMENTO DE LORETO;64384.29;PEN;5;Concurso Público Abreviado;services;Baja competencia
1196627;20148182788;MUNICIPALIDAD PROVINCIAL DE ABANCAY;APURIMAC;ABANCAY;MEJORAMIENTO DEL SERVICIO DE MOVILIDAD URBANA EN LAS VIAS LOCALES DEL JR. DAVID SAMANEZ OCAMPO , AV. GARCILASO DE LA VEGA (TRAMO JR. DAVID SAMANEZ OCAMPO ¿ AV. CONDEBAMBA) DEL   DISTRITO DE ABANCAY DE LA PROVINCIA DE ABANCAY DEL DEPARTAMENTO DE APURIMAC;181981.08;PEN;18;Subasta Inversa Electrónica;goods;Mediana competencia
1193838;20452393493;GOBIERNO REGIONAL DE AYACUCHO SEDE CENTRAL;AYACUCHO;HUAMANGA;MEJORAMIENTO Y AMPLIACION DEL SERVICIO DE TRANSITABILIDAD VIAL ENTRE EL TRAMO AY-728(PENAL DE YANAMILLA) HASTA EL TRAMO AY-729(PTAR) LONGITUD 2.38 KM EN EL  DISTRITO DE ANDRES AVELINO CACERES - PROVINCIA DE HUAMANGA - DEPARTAMENTO DE AYACUCHO;155400;PEN;8;Licitación Pública Abreviada;goods;Baja competencia
1192704;20175239023;MUNICIPALIDAD DISTRITAL DE PARCONA;ICA;ICA;"RENOVACION DE RED DE DISTRIBUCION, CONEXIONES DOMICILIARIAS DE AGUA POTABLE, RED DE ALCANTARILLADO Y CONEXION DOMICILIARIA DE ALCANTARILLADO; EN EL(LA) AVENIDA ACOMAYO (ENTRE EL PASAJE 11 Y AV. GRAU)  DISTRITO DE ICA, PROVINCIA ICA, DEPARTAMENTO ICA";55152.72;PEN;17;Concurso Público Abreviado;services;Mediana competencia
1193795;20195690988;MUNICIPALIDAD DISTRITAL DE PARINARI;LORETO;LORETO;MEJORAMIENTO DEL SERVICIO DE EDUCACIÓN INICIAL Y SERVICIO DE EDUCACION PRIMARIA EN I.E. 630 , I.E. 60583 PROF. JOSE LUIS IZQUIERDO PINEDO  DE CENTRO POBLADO SHAPAJILLA DISTRITO DE PARINARI DE LA PROVINCIA DE LORETO DEL DEPARTAMENTO DE LORETO;1308347.03;PEN;4;Licitación Pública Abreviada;works;Baja competencia
1199922;20131369477;INSTITUTO TECNOLOGICO DE LA PRODUCCION;LIMA;LIMA;MEJORAMIENTO Y AMPLIACIÓN DE LOS SERVICIOS DE CTI PARA FORTALECER EL SISTEMA NACIONAL DE CIENCIA, TECNOLOGÍA E INNOVACIÓN;5000;PEN;1;Convenio;services;Baja competencia
1192423;20444054400;GOBIERNO REGIONAL DE HUANCAVELICA-HOSPITAL DEPARTAMENTAL DE HUANCAVELICA;HUANCAVELICA;HUANCAVELICA;"ADQUISICION DE MAQUINA DE ANESTESIA, ELECTROBISTURI Y EQUIPO DE CIRUGIA LAPAROSCOPICA; CONSTRUCCION DE SALA DE OPERACIONES; ADEMÁS DE OTROS ACTIVOS EN EL(LA) HOSPITAL DEPARTAMENTAL DE HUANCAVELICA AV. ANDRES A. CACERES S/N BARRIO YANANACO HUANCAVELICA DISTRITO DE HUANCAVELICA, PROVINCIA HUANCAVELICA, DEPARTAMENTO HUANCAVELICA";1642464.55;PEN;10;Licitación Pública Abreviada;works;Mediana competencia
1192346;20452393493;GOBIERNO REGIONAL DE AYACUCHO SEDE CENTRAL;AYACUCHO;HUAMANGA;CREACION Y MEJORAMIENTO DE LA CARRETERA SAN JOSE CHOYMACOTA TRAMO PUTIS-APULEMA-PACHACHACA-CHONGOS, DISTRITO DE SANTILLANA, SIVIA Y LLOCHEGUA, PROVINCIA DE HUANTA-AYACUCHO;782500;PEN;18;Concurso Público de Servicios;services;Mediana competencia
1200362;20527760314;UNIVERSIDAD NACIONAL JOSE MARIA ARGUEDAS;APURIMAC;ANDAHUAYLAS;CREACION DEL SERVICIO DE FORMACIÓN PROFESIONAL EN EDUCACIÓN NIVEL PRIMARIA INTERCULTURAL DE LA UNIVERSIDAD NACIONAL JOSE MARÍA ARGUEDAS  DISTRITO DE SAN JERONIMO - PROVINCIA DE ANDAHUAYLAS - DEPARTAMENTO DE APURIMAC;193800;PEN;7;Subasta Inversa Electrónica;goods;Baja competencia
1194015;20164091547;MUNICIPALIDAD DISTRITAL DE LA ESPERANZA - TRUJILLO;LA LIBERTAD;TRUJILLO;CREACION DEL SERVICIO DEPORTIVO Y RECREATIVO EN EL LOTE 01, MZ. 09 DEL BARRIO 02 DEL SECTOR FRATERNIDAD DEL DISTRITO DE LA ESPERANZA - PROVINCIA DE TRUJILLO - DEPARTAMENTO DE LA LIBERTAD;56140.88;PEN;11;Concurso Público Abreviado;services;Mediana competencia
1193256;20493465491;MUNICIPALIDAD PROVINCIAL DEL DATEM DEL MARAÑON;LORETO;DATEM DEL MARAÑON;MEJORAMIENTO DE LOS SERVICIOS DE APOYO AL DESARROLLO PRODUCTIVO EN ORGANIZACIONES Y ARTICULACION COMERCIAL DE PRODUCTORES RURALES DEL   DISTRITO DE BARRANCA DE LA PROVINCIA DE DATEM DEL MARAÑON DEL DEPARTAMENTO DE LORETO;101999.84;PEN;2;Concurso Público Abreviado;services;Baja competencia
1192397;20221107137;GOBIERNO REGIONAL DE PUNO-AGRICULTURA;PUNO;PUNO;MEJORAMIENTO DE CAPACIDADES PRODUCTIVAS PARA PROMOVER LA SEGURIDAD ALIMENTARIA EN LA REACTIVACIÓN  ECONÓMICA DE LAS 13 PROVINCIAS DEL DEPARTAMENTO DE PUNO;191475;PEN;22;Licitación Pública Abreviada;goods;Alta competencia
1192391;20221107137;GOBIERNO REGIONAL DE PUNO-AGRICULTURA;PUNO;PUNO;MEJORAMIENTO DE CAPACIDADES PRODUCTIVAS PARA PROMOVER LA SEGURIDAD ALIMENTARIA EN LA REACTIVACIÓN  ECONÓMICA DE LAS 13 PROVINCIAS DEL DEPARTAMENTO DE PUNO;211065;PEN;25;Licitación Pública Abreviada;goods;Alta competencia
1197298;20199463129;MUNICIPALIDAD DISTRITAL DE PALCA - HUANCAVELICA;HUANCAVELICA;HUANCAVELICA;CREACION DEL SERVICIO DE PRÁCTICA DEPORTIVA Y/O RECREATIVA EN EL BARRIO CUCHIWASI DE LA LOCALIDAD DE HORNOBAMBA DEL  DISTRITO DE PALCA - PROVINCIA DE HUANCAVELICA - DEPARTAMENTO DE HUANCAVELICA;65886.24;PEN;3;Comparación de Precios;services;Baja competencia
1194411;20193334262;MUNICIPALIDAD PROVINCIAL DE YUNGAY;ANCASH;YUNGAY;CREACION DEL COMPLEJO DEPORTIVO EN EL BARRIO ANCASH DEL CENTRO POBLADO DE TUMPA DEL DISTRITO DE YUNGAY - PROVINCIA DE YUNGAY - DEPARTAMENTO DE ANCASH;59658.15;PEN;10;Concurso Público Abreviado;services;Mediana competencia
1195073;20147552506;MUNICIPALIDAD DISTRITAL DE PISAC;CUSCO;CALCA;MEJORAMIENTO DEL SERVICIO DE EDUCACION  EN LA I.E. PRIMARIA N°50181 DE LA COMUNIDAD CAMPESINA DE AMARU DEL DISTRITO DE PISAC - PROVINCIA DE CALCA - DEPARTAMENTO DE CUSCO;99866.67;PEN;3;Comparación de Precios;goods;Baja competencia
1197549;20199465768;MUNICIPALIDAD DISTRITAL DE ACRAQUIA;HUANCAVELICA;TAYACAJA;MEJORAMIENTO DEL SERVICIO DE PRÁCTICA DEPORTIVA Y/O RECREATIVA EN EL GRASS SINTÉTICO DEL CENTRO POBLADO DOS DE MAYO DEL   DISTRITO DE ACRAQUIA DE LA PROVINCIA DE TAYACAJA DEL DEPARTAMENTO DE HUANCAVELICA;479293.51;PEN;6;Licitación Pública Abreviada;works;Baja competencia
1206068;20284157967;MUNICIPALIDAD DISTRITAL DE CHIMBAN;CAJAMARCA;CHOTA;INSTALACION DEL SISTEMA DE AGUA POTABLE Y DISPOSICION SANITARIA DE EXCRETAS EN EL CASERIO DE CHONTAS, DISTRITO DE CHIMBAN - CHOTA - CAJAMARCA;244574.31;PEN;11;Concurso Público Abreviado;services;Mediana competencia
1192342;20205028600;MUNICIPALIDAD DISTRITAL DE COYLLURQUI;APURIMAC;COTABAMBAS;MEJORAMIENTO Y AMPLIACION DEL SISTEMA DE SANEAMIENTO EN LAS COMUNIDADES DE LLAULLIYOC AYAHUILLCA Y SORCCO - 8 LOCALIDADES DEL DISTRITO DE COYLLURQUI - PROVINCIA DE COTABAMBAS - DEPARTAMENTO DE APURIMAC;166520;PEN;23;Licitación Pública Abreviada;goods;Alta competencia
1192838;20141418557;MUNICIPALIDAD PROVINCIAL DE HUACHO - HUAURA;LIMA;HUAURA;"RENOVACION DE VEREDA, AREA VERDE Y CALZADA; ADQUISICION DE LUMINARIA; ADEMÁS DE OTROS ACTIVOS EN EL(LA) PASAJE IRENE SALVADOR (EX PASAJE Z)  DISTRITO DE HUACHO, PROVINCIA HUAURA, DEPARTAMENTO LIMA";537706.34;PEN;18;Licitación Pública Abreviada;works;Mediana competencia
1200282;20527143200;GOBIERNO REGIONAL DE MADRE DE DIOS SEDE CENTRAL;MADRE DE DIOS;TAMBOPATA;CREACION DE LOS SERVICIOS OPERATIVOS O MISIONALES INSTITUCIONALES EN EL CAMPO FERIAL KM 14 PARA LA PROMOCIÓN, DIVERSIFICACIÓN DE ACTIVIDADES PRODUCTIVAS Y ARTICULACION COMERCIAL EN APOYO AL DESARROLLO PRODUCTIVO   DISTRITO DE TAMBOPATA DE LA PROVINCIA DE TAMBOPATA DEL DEPARTAMENTO DE MADRE DE DIOS;66850;PEN;47;Licitación Pública Abreviada;goods;Alta competencia
1194581;20191716397;MUNICIPALIDAD DISTRITAL DE ZEPITA;PUNO;CHUCUITO;MEJORAMIENTO DEL SERVICIO DE PRÁCTICA DEPORTIVA Y/O RECREATIVA EN COMPLEJO DEPORTIVO CLUB DEL PUEBLO EN LA LOCALIDAD DE ZEPITA   DISTRITO DE ZEPITA DE LA PROVINCIA DE CHUCUITO DEL DEPARTAMENTO DE PUNO;149966;PEN;13;Subasta Inversa Electrónica;goods;Mediana competencia
1191153;20288350605;MUNICIPALIDAD DISTRITAL DE HUACHON;PASCO;PASCO;CREACION DEL SERVICIO DE PRÁCTICA DEPORTIVA Y/O RECREATIVA EN EL BARRIO DE AGOCHINCHAN  DE CENTRO POBLADO QUIPARACRA DISTRITO DE HUACHON DE LA PROVINCIA DE PASCO DEL DEPARTAMENTO DE PASCO;1253259.31;PEN;9;Licitación Pública Abreviada;works;Baja competencia
1192813;20184168082;MUNICIPALIDAD DISTRITAL DE HUAMANQUIQUIA;AYACUCHO;VICTOR FAJARDO;MEJORAMIENTO DEL SERVICIO DE PROVISIÓN DE AGUA PARA RIEGO EN EL SECTOR HUAMANQUIQUIA   DISTRITO DE HUAMANQUIQUIA DE LA PROVINCIA DE VICTOR FAJARDO DEL DEPARTAMENTO DE AYACUCHO;3067110.92;PEN;6;Licitación Pública Abreviada;works;Baja competencia
1197073;20170060963;MUNICIPALIDAD DISTRITAL DE POROY;CUSCO;CUSCO;MEJORAMIENTO DE LA PRESTACION DE SERVICIOS EDUCATIVOS DE LA EDUCACION BASICA REGULAR EN LAS INSTITUCIONES EDUCATIVAS DEL  DISTRITO DE POROY - PROVINCIA DE CUSCO - DEPARTAMENTO DE CUSCO;149000;PEN;5;Concurso Público Abreviado;services;Baja competencia
1197728;20527141762;GOBIERNO REGIONAL DE APURIMAC SEDE CENTRAL;APURIMAC;ABANCAY;MEJORAMIENTO DE LA OFERTA DE SERVICIOS EDUCATIVOS DE LA IES FRANCISCO BOLOGNESI DE HUAYO, DISTRITO DE CURPAHUASI, PROVINCIA DE GRAU, REGION APURIMAC;81907.83;PEN;3;Comparación de Precios;goods;Baja competencia
1195099;20147552506;MUNICIPALIDAD DISTRITAL DE PISAC;CUSCO;CALCA;MEJORAMIENTO DEL SERVICIO DE EDUCACION  EN LA I.E. PRIMARIA N°50181 DE LA COMUNIDAD CAMPESINA DE AMARU DEL DISTRITO DE PISAC - PROVINCIA DE CALCA - DEPARTAMENTO DE CUSCO;78758.6;PEN;3;Comparación de Precios;goods;Baja competencia
1202190;20191802633;MUNICIPALIDAD PROVINCIAL DE CONDESUYOS - CHUQUIBAMBA;AREQUIPA;CONDESUYOS;MEJORAMIENTO Y AMPLIACION DE LOS SERVICIOS DE AGUA POTABLE Y ALCANTARILLADO DE LOS SECTORES RURALES DE PAPACHACRA, CARMEN ALTO, CHIRINGAY, AYACOTO COLLPANCA Y AYAHUALA DEL DISTRITO DE CHUQUIBAMBA, PROVINCIA DE CONDESUYOS - AREQUIPA;230265.02;PEN;8;Concurso Público Abreviado;services;Baja competencia
1197776;20156959783;MUNICIPALIDAD PROVINCIAL DE ANDAHUAYLAS;APURIMAC;ANDAHUAYLAS;MEJORAMIENTO DEL SERVICIO DE MOVILIDAD URBANA EN AV. ANDAHUAYLAS, AV.PERU (1ERA, 2DA Y 3RA) JR. JUAN ANTONIO TRELLES 6TA Y 7MA, JR. GUILLERMO CACERES 6TA, PSJ. CALVARIO JR. RESURECCION 3RA Y 4TA CUADRA   DISTRITO DE ANDAHUAYLAS DE LA PROVINCIA DE ANDAHUAYLAS DEL DEPARTAMENTO DE APURIMAC;235357.03;PEN;10;Subasta Inversa Electrónica;goods;Mediana competencia
1196408;20164032613;MUNICIPALIDAD DISTRITAL DE PIMENTEL;LAMBAYEQUE;CHICLAYO;MEJORAMIENTO DE LA TRANSITABILIDAD VEHICULAR Y PEATONAL DE LAS CALLES PROLONGACIÓN ALFONSO UGARTE,BAYOBAR,TUPAC AMARU, PASAJE ELIAS AGUIRRE, PRIMERO DE MAYO Y LOS PARQUES DEL SECTOR VICTORIA VIUDA DE DALLORSO ,  DISTRITO DE PIMENTEL - PROVINCIA DE CHICLAYO - DEPARTAMENTO DE LAMBAYEQUE;122986.66;PEN;21;Licitación Pública Abreviada;works;Alta competencia
1196300;20198789705;MUNICIPALIDAD DISTRITAL DE QUEROCOTO;CAJAMARCA;CHOTA;CREACION DEL SERVICIO SOCIAL PARA LA POBLACION VULNERABLE EN LA LOCALIDAD VISTA ALEGRE DEL DISTRITO DE QUEROCOTO - PROVINCIA DE CHOTA - DEPARTAMENTO DE CAJAMARCA;726205.11;PEN;6;Licitación Pública Abreviada;works;Baja competencia
1197269;20143137296;MUNICIPALIDAD PROVINCIAL DE HUAMANGA;AYACUCHO;HUAMANGA;MEJORAMIENTO Y AMPLIACION DEL SERVICIO INTEGRAL DE SEGURIDAD CIUDADANA EN EL  DISTRITO DE AYACUCHO - PROVINCIA DE HUAMANGA - DEPARTAMENTO DE AYACUCHO;243000;PEN;11;Concurso Público Abreviado;services;Mediana competencia
1193408;20159308961;MUNICIPALIDAD DISTRITAL DE SAN SEBASTIAN;CUSCO;CUSCO;MEJORAMIENTO DEL SERVICIO DE MOVILIDAD URBANA EN LA APV. MIRADOR DANIEL ESTRADA PEREZ Y LA ADV SAN PEDRO MIRADOR   DISTRITO DE SAN SEBASTIAN DE LA PROVINCIA DE CUSCO DEL DEPARTAMENTO DE CUSCO;190188.4;PEN;8;Subasta Inversa Electrónica;goods;Baja competencia
1198884;20199368053;MUNICIPALIDAD DISTRITAL DE RIO TAMBO;JUNIN;SATIPO;MEJORAMIENTO DEL SERVICIO DE APOYO AL DESARROLLO PRODUCTIVO DE PLÁTANOS EN 13 LOCALIDADES DEL DISTRITO DE RIO TAMBO - PROVINCIA DE SATIPO - DEPARTAMENTO DE JUNIN;78430;PEN;2;Comparación de Precios;goods;Baja competencia
1195920;20452393493;GOBIERNO REGIONAL DE AYACUCHO SEDE CENTRAL;AYACUCHO;HUAMANGA;CREACION DE TROCHA CARROZABLE TIQUIHUA - PUMA RUMI DEL DISTRITO DE HUALLA - PROVINCIA DE VICTOR FAJARDO - DEPARTAMENTO DE AYACUCHO;249600;PEN;3;Subasta Inversa Electrónica;goods;Baja competencia
1197721;20278211895;MUNICIPALIDAD DISTRITAL DE LIVITACA;CUSCO;CHUMBIVILCAS;MEJORAMIENTO Y AMPLIACION DEL SISTEMA DE SANEAMIENTO BÁSICO EN LOS SECTORES DE QUELLO QUELLO, ESPILLICO, LLOCCO LLOCCO, QUECHAPAMPA, QATACANCHA Y HUAMPO HUAMPO DEL ANEXO DE QUECHAQUEHUINCHA DE LA COMUNIDAD CAMPESINA DE QUEHUINCHA DEL DISTRITO DE LIVITACA - PROVINCIA DE CHUMBIVILCAS - DEPARTAMENTO DE CUSCO;96019;PEN;2;Comparación de Precios;goods;Baja competencia
1192144;20183998651;MUNICIPALIDAD DISTRITAL DE HUARIACA;PASCO;PASCO;CREACION DEL SERVICIO DE MOVILIDAD URBANA EN EL PUENTE PEATONAL Y VEHICULAR YESOYOG DEL   DISTRITO DE HUARIACA DE LA PROVINCIA DE PASCO DEL DEPARTAMENTO DE PASCO;241291.65;PEN;8;Licitación Pública Abreviada;works;Baja competencia
1198632;20531423624;GOBIERNO REGIONAL DE SAN MARTIN - DIRECCION REGIONAL DE LA PRODUCCION DE SAN MARTIN;SAN MARTIN;MOYOBAMBA;MEJORAMIENTO DEL SERVICIO DE APOYO A LA ADOPCION DE TECNOLOGIAS EN ACUICULTURA CON ESPECIES NATIVAS AMAZONICAS, A ACUICULTORES DE LAS 10 PROVINCIAS DEL DEPARTAMENTO DE SAN MARTIN;84895.85;PEN;4;Concurso Público Abreviado;services;Baja competencia
1200399;20393356899;MUNICIPALIDAD DISTRITAL DE MANANTAY;UCAYALI;CORONEL PORTILLO;MEJORAMIENTO DE LA TRANSITABILIDAD DE LAS VIAS URBANAS DEL JR. LAS MERCEDES, JR. GARCILAZO DE LA VEGA ENTRE LA AV. TUPAC AMARU Y LA AV. RAMIRO PRIALE,  DISTRITO DE MANANTAY - PROVINCIA DE CORONEL PORTILLO - DEPARTAMENTO DE UCAYALI;413000;PEN;8;Concurso Público Abreviado;services;Baja competencia
1198936;20131369477;INSTITUTO TECNOLOGICO DE LA PRODUCCION;LIMA;LIMA;MEJORAMIENTO Y AMPLIACIÓN DE LOS SERVICIOS DE CTI PARA FORTALECER EL SISTEMA NACIONAL DE CIENCIA, TECNOLOGÍA E INNOVACIÓN;42096.31;PEN;3;Convenio;goods;Baja competencia
1198227;20221107137;GOBIERNO REGIONAL DE PUNO-AGRICULTURA;PUNO;PUNO;MEJORAMIENTO DE CAPACIDADES PRODUCTIVAS PARA PROMOVER LA SEGURIDAD ALIMENTARIA EN LA REACTIVACIÓN  ECONÓMICA DE LAS 13 PROVINCIAS DEL DEPARTAMENTO DE PUNO;100000;PEN;3;Comparación de Precios;goods;Baja competencia
1197119;20171665141;MUNICIPALIDAD DISTRITAL DE CRISTO NOS VALGA;PIURA;SECHURA;MEJORAMIENTO DEL SERVICIO DE MOVILIDAD URBANA EN CALLE SAN RAMON DESDE AVENIDA LAMBAYEQUE HASTA CALLE S/N  DE CENTRO POBLADO SAN CRISTO DISTRITO DE CRISTO NOS VALGA DE LA PROVINCIA DE SECHURA DEL DEPARTAMENTO DE PIURA;1119536.3;PEN;18;Licitación Pública Abreviada;works;Mediana competencia
1196979;20155998718;MUNICIPALIDAD DISTRITAL DE SANTA CRUZ DE FLORES;LIMA;CAÑETE;"CONSTRUCCION DE AULA DE INNOVACION TECNOLOGICA; EN EL(LA) I.E. 20250 EN EL ANEXO DE SAN VICENTE DE AZPITIA DISTRITO DE SANTA CRUZ DE FLORES, PROVINCIA CAÑETE, DEPARTAMENTO LIMA";310430.45;PEN;10;Licitación Pública Abreviada;works;Mediana competencia
1200549;20199906306;MUNICIPALIDAD DISTRITAL DE SAN JERONIMO - ANDAHUAYLAS;APURIMAC;ANDAHUAYLAS;MEJORAMIENTO DE LOS SERVICIOS OPERATIVOS O MISIONALES INSTITUCIONALES EN PALACIO MUNICIPAL  DE CENTRO POBLADO CHAMPACCOCHA DISTRITO DE SAN JERONIMO DE LA PROVINCIA DE ANDAHUAYLAS DEL DEPARTAMENTO DE APURIMAC;83810.29;PEN;17;Subasta Inversa Electrónica;goods;Mediana competencia
1201438;20223561510;MUNICIPALIDAD DISTRITAL DE ANCAHUASI;CUSCO;ANTA;MEJORAMIENTO Y AMPLIACION DEL SERVICIO DE PROVISIÓN DE AGUA PARA RIEGO EN INFRAESTRUCTURA DE RIEGO DE LA COMUNIDAD DE CCACCAHUARA DEL  DISTRITO DE ANCAHUASI - PROVINCIA DE ANTA - DEPARTAMENTO DE CUSCO;52483.33;PEN;3;Subasta Inversa Electrónica;goods;Baja competencia
1200506;20452393493;GOBIERNO REGIONAL DE AYACUCHO SEDE CENTRAL;AYACUCHO;HUAMANGA;MEJORAMIENTO DE LOS SERVICIOS DE PROMOCIÓN DEL COMERCIO INTERNO DEL CAMPO FERIAL CANAÁN BAJO DEL  DISTRITO DE ANDRES AVELINO CACERES - PROVINCIA DE HUAMANGA - DEPARTAMENTO DE AYACUCHO;80910;PEN;3;Comparación de Precios;goods;Baja competencia
1198296;20148183083;MUNICIPALIDAD DISTRITAL DE SORAYA;APURIMAC;AYMARAES;MEJORAMIENTO DEL SERVICIO DE PROVISIÓN DE AGUA PARA RIEGO EN LAS LOCALIDADES DE CCOCHAPAMPA, CHUYCHO, CCARCCANTA DEL   DISTRITO DE SORAYA DE LA PROVINCIA DE AYMARAES DEL DEPARTAMENTO DE APURIMAC;2158824.52;PEN;17;Licitación Pública Abreviada;works;Mediana competencia
1192511;20183995121;MUNICIPALIDAD PROVINCIAL DE PACHITEA - PANAO;HUANUCO;PACHITEA;MEJORAMIENTO DEL SERVICIO DE PRÁCTICA DEPORTIVA Y/O RECREATIVA EN EL ESTADIO MUNICIPAL  DE CENTRO POBLADO CHINCHAVITO DISTRITO DE CHAGLLA DE LA PROVINCIA DE PACHITEA DEL DEPARTAMENTO DE HUANUCO;1507124.74;PEN;5;Licitación Pública Abreviada;works;Baja competencia
1196783;20527143200;GOBIERNO REGIONAL DE MADRE DE DIOS SEDE CENTRAL;MADRE DE DIOS;TAMBOPATA;MEJORAMIENTO DE LA RED VIAL DEPARTAMENTAL MD-102 TRAMO CHAPAJAL - EMBARCADERO BOTAFOGO - DISTRITO DE TAMBOPATA - PROVINCIA DE TAMBOPATA - REGIÓN MADRE DE DIOS;212625;PEN;2;Licitación Pública Abreviada;goods;Baja competencia
1194287;20159308961;MUNICIPALIDAD DISTRITAL DE SAN SEBASTIAN;CUSCO;CUSCO;MEJORAMIENTO DEL SERVICIO DE MOVILIDAD URBANA EN LAS APVS. HANAN QOSQO, SANTO TOMAS, ORIÓN K'AWARINA Y VILLA EL MIRADOR ACOMAYO DEL   DISTRITO DE SAN SEBASTIAN DE LA PROVINCIA DE CUSCO DEL DEPARTAMENTO DE CUSCO;81250;PEN;25;Concurso Público Abreviado;services;Alta competencia
1198955;20177217043;MUNICIPALIDAD PROVINCIAL DEL CUSCO;CUSCO;CUSCO;MEJORAMIENTO Y AMPLIACION SERVICIO DEPORTIVO Y RECREATIVO DEL ESPACIO RECREATIVO DE LA URB. ERNESTO GUNTHER, ZONA NOR ESTE  DISTRITO DE CUSCO - PROVINCIA DE CUSCO - DEPARTAMENTO DE CUSCO;105695;PEN;16;Subasta Inversa Electrónica;goods;Mediana competencia
1195001;20406325815;GOBIERNO REGIONAL DE PUNO SEDE CENTRAL;PUNO;PUNO;MEJORAMIENTO Y AMPLIACION DEL SERVICIO DE EDUCACIÓN SUPERIOR TECNOLÓGICA EN EL INSTITUTO SUPERIOR TECNOLÓGICO PUBLICO DE MACUSANI  DISTRITO DE MACUSANI - PROVINCIA DE CARABAYA - DEPARTAMENTO DE PUNO;159733.7;PEN;5;Subasta Inversa Electrónica;goods;Baja competencia
1198473;20199906306;MUNICIPALIDAD DISTRITAL DE SAN JERONIMO - ANDAHUAYLAS;APURIMAC;ANDAHUAYLAS;MEJORAMIENTO DEL SERVICIO DE MOVILIDAD URBANA EN EN LAS VÍAS LOCALES DE AV. LEONCIO PRADO (ARCO - JR. ALFONSO URGARTE) Y AV. JOSÉ MARÍA ARGUEDAS  DE CENTRO POBLADO SAN JERONIMO DISTRITO DE SAN JERONIMO DE LA PROVINCIA DE ANDAHUAYLAS DEL DEPARTAMENTO DE APURIMAC;138941.65;PEN;8;Subasta Inversa Electrónica;goods;Baja competencia
1200742;20222954623;MUNICIPALIDAD DISTRITAL DE HUANCARANI;CUSCO;PAUCARTAMBO;MEJORAMIENTO DE LOS SERVICIOS DE APOYO AL DESARROLLO PRODUCTIVO EN LA PROMOCIÓN PECUARIA EN EL   DISTRITO DE HUANCARANI DE LA PROVINCIA DE PAUCARTAMBO DEL DEPARTAMENTO DE CUSCO;49036;PEN;3;Comparación de Precios;goods;Baja competencia
1195061;20154477374;MUNICIPALIDAD PROVINCIAL DE PIURA;PIURA;PIURA;CREACION DEL SERVICIO DE PRÁCTICA DEPORTIVA Y/O RECREATIVA EN EL POLIDEPORTIVO DEL CASERÍO CEREZAL DEL MEDIO DE PIURA, DEL   DISTRITO DE PIURA DE LA PROVINCIA DE PIURA DEL DEPARTAMENTO DE PIURA;242781.72;PEN;15;Concurso Público Abreviado;services;Mediana competencia
1195084;20190242961;MUNICIPALIDAD PROVINCIAL DE OXAPAMPA;PASCO;OXAPAMPA;CONSTRUCCION DE LA TROCHA CARROZABLE DEL TRAMO CARRETERA MARGINAL KM 155 - PAUJIL - PUERTO LA CAMPIÑA - CASERÍO ESPERANZA - PUERTO CC.NN SAN JUAN DE PICHIS - CC.NN AMAMBAY - PUERTO CC.NN. ZUNGAROYALI (26.695 KM), DISTRITO DE PUERTO BERMUDEZ - OXAPAMPA - PASCO;639080.77;PEN;1;Contratación Directa;services;Baja competencia
1192283;20219793252;GOBIERNO REGIONAL DE LA LIBERTAD - GERENCIA  REGIONAL  DE AGRICULTURA;LA LIBERTAD;TRUJILLO;MEJORAMIENTO DE LOS SERVICIOS DE APOYO AL DESARROLLO PRODUCTIVO EN CADENA PRODUCTIVA DE GRANOS ANDINOS DE LA GERENCIA REGIONAL DE AGRICULTURA   DISTRITO DE TRUJILLO DE LA PROVINCIA DE TRUJILLO DEL DEPARTAMENTO DE LA LIBERTAD;96000;PEN;6;Concurso Público Abreviado;services;Baja competencia
1195921;20530944817;GOBIERNO REGIONAL DE LIMA - DIRECCIÓN REGIONAL DE AGRICULTURA DE LIMA PROVINCIAS;LIMA;HUAURA;"RENOVACION DE RESERVORIO; EN EL(LA) SISTEMA DE RIEGO RUMOJ DEL C.P. LAMPIAN DEL  DISTRITO DE LAMPIAN, PROVINCIA HUARAL, DEPARTAMENTO LIMA,RENOVACION DE RESERVORIO; EN EL(LA) MICRO RESERVORIO EN LA LOCALIDAD DE CALLANGA DEL  DISTRITO DE AYAUCA, PROVINCIA YAUYOS, DEPARTAMENTO LIMA,RENOVACION DE RESERVORIO; EN EL(LA) MICRO RESERVORIO EN LA LOCALIDAD DE CASPIN DEL  DISTRITO DE AYAUCA, PROVINCIA YAUYOS, DEPARTAMENTO LIMA,RENOVACION DE RESERVORIO; EN EL(LA) PIEDRA REDONDA PARA LA SIEMBRA Y COSECHA DE AGUA CON FINES DE AMPLIACION DE RIEGO DEL SECTOR MACAZANA ¿ CRUZ ANTAGOSA EN EL ANEXO DE LA MERCED DE CHAUTE  DISTRITO DE SAN BARTOLOME, PROVINCIA HUAROCHIRI, DEPARTAMENTO LIMA";468901.12;PEN;31;Licitación Pública Abreviada;goods;Alta competencia
1198630;20147421070;MUNICIPALIDAD PROVINCIAL DE CANCHIS - SICUANI;CUSCO;CANCHIS;MEJORAMIENTO DE LOS SERVICIOS DE APOYO AL DESARROLLO PRODUCTIVO EN MEJORAMIENTO DEL PISO FORRAJERO   DISTRITO DE SICUANI DE LA PROVINCIA DE CANCHIS DEL DEPARTAMENTO DE CUSCO;98900;PEN;5;Comparación de Precios;goods;Baja competencia
1200956;20170326076;MUNICIPALIDAD DISTRITAL DE CAMANTI;CUSCO;QUISPICANCHI;MEJORAMIENTO DEL SISTEMA DE SANEAMIENTO BASICO INTEGRAL DE LA C.C. HUACYUMBRE Y SECTORES SAN MIGUEL, CADENA, MANIRE Y LIMONCHAYOC DEL  DISTRITO DE CAMANTI - PROVINCIA DE QUISPICANCHI - DEPARTAMENTO DE CUSCO;95867;PEN;3;Comparación de Precios;goods;Baja competencia
1195584;20195270938;MUNICIPALIDAD DISTRITAL DE SAN GABAN;PUNO;CARABAYA;MEJORAMIENTO DE LOS SERVICIOS EDUCATIVOS  DE LA IEP 72184 GLORIOSO FRANCISCO BOLOGNESI, DEL  DISTRITO DE SAN GABAN - PROVINCIA DE CARABAYA - DEPARTAMENTO DE PUNO;482081.6;PEN;5;Subasta Inversa Electrónica;goods;Baja competencia
1195651;20171880115;MUNICIPALIDAD DISTRITAL DE TORATA;MOQUEGUA;MARISCAL NIETO;PUESTA EN VALOR DEL SITIO ARQUEOLOGICO CERRO BAUL DE LA PROVINCIA MARISCAL NIETO DE LA REGION MOQUEGUA;203666.67;PEN;5;Subasta Inversa Electrónica;goods;Baja competencia
1192891;20219793252;GOBIERNO REGIONAL DE LA LIBERTAD - GERENCIA  REGIONAL  DE AGRICULTURA;LA LIBERTAD;TRUJILLO;MEJORAMIENTO DE LOS SERVICIOS DE APOYO AL DESARROLLO PRODUCTIVO EN CADENA PRODUCTIVA DE GRANOS ANDINOS DE LA GERENCIA REGIONAL DE AGRICULTURA   DISTRITO DE TRUJILLO DE LA PROVINCIA DE TRUJILLO DEL DEPARTAMENTO DE LA LIBERTAD;116000;PEN;5;Concurso Público Abreviado;services;Baja competencia
1193566;20226560824;MUNICIPALIDAD DISTRITAL DE CCATCCA;CUSCO;QUISPICANCHI;MEJORAMIENTO Y AMPLIACION DEL SERVICIO DE EDUCACIÓN SECUNDARIA EN I.E. LUIS NAVARRETE LECHUGA  DE CENTRO POBLADO CCATCCAPAMPA DISTRITO DE CCATCA DE LA PROVINCIA DE QUISPICANCHI DEL DEPARTAMENTO DE CUSCO;150250;PEN;21;Licitación Pública Abreviada;goods;Alta competencia
1194333;20174909157;MUNICIPALIDAD DISTRITAL DE COISHCO;ANCASH;SANTA;"CONSTRUCCION DE AULA DE EDUCACION INICIAL; EN EL(LA) I.E. 1555 DEL DISTRITO DE COISHCO, PROVINCIA SANTA, DEPARTAMENTO ANCASH";270066.81;PEN;8;Licitación Pública Abreviada;works;Baja competencia
1200481;20452393493;GOBIERNO REGIONAL DE AYACUCHO SEDE CENTRAL;AYACUCHO;HUAMANGA;"MEJORAMIENTO Y AMPLIACION DEL SISTEMA DE AGUA POTABLE Y ALCANTARILLADO EN LAS VÍAS PRINCIPALES Y CALLES ALEDAÑAS DEL CONO ESTE, EN LAS ASOCIACIONES DE VIVIENDA LA HOYADA; LAS PALMERAS, SAN JOSÉ, RÍO CACHI, LOS AMAUTAS, MARÍA AUXILIADORA, CHAQUIBAMBA Y YANAMILLA DEL  DISTRITO DE ANDRES AVELINO CACERES - PROVINCIA DE HUAMANGA - DEPARTAMENTO DE AYACUCHO";94500;PEN;3;Comparación de Precios;goods;Baja competencia
1192578;20192245461;MUNICIPALIDAD DISTRITAL DE LA COIPA;CAJAMARCA;SAN IGNACIO;CREACION DE LOS SERVICIOS OPERATIVOS O MISIONALES INSTITUCIONALES EN LOCAL DE USOS MULTIPLES DEL   DISTRITO DE LA COIPA DE LA PROVINCIA DE SAN IGNACIO DEL DEPARTAMENTO DE CAJAMARCA;99811.77;PEN;3;Comparación de Precios;goods;Baja competencia
1194531;20194735384;MUNICIPALIDAD PROVINCIAL DE JORGE BASADRE - LOCUMBA;TACNA;JORGE BASADRE;MEJORAMIENTO DEL SERVICIO DE PRÁCTICA DEPORTIVA Y/O RECREATIVA EN EL CENTRO POBLADO CINTO,   DISTRITO DE LOCUMBA DE LA PROVINCIA DE JORGE BASADRE DEL DEPARTAMENTO DE TACNA;379238.36;PEN;25;Concurso Público Abreviado;services;Alta competencia
1202237;20531423624;GOBIERNO REGIONAL DE SAN MARTIN - DIRECCION REGIONAL DE LA PRODUCCION DE SAN MARTIN;SAN MARTIN;MOYOBAMBA;MEJORAMIENTO DEL SERVICIO DE APOYO A LA ADOPCION DE TECNOLOGIAS EN ACUICULTURA CON ESPECIES NATIVAS AMAZONICAS, A ACUICULTORES DE LAS 10 PROVINCIAS DEL DEPARTAMENTO DE SAN MARTIN;99985;PEN;3;Comparación de Precios;goods;Baja competencia
1190313;20211220253;MUNICIPALIDAD DISTRITAL DE TARICA;ANCASH;HUARAZ;MEJORAMIENTO DEL SERVICIO DE TRANSITABILIDAD VIAL INTERURBANA EN LA TROCHA CARROZABLE TRAMO CHACAPAMPA - SAN NICOLAS DE IRHUA  DE CENTRO POBLADO BUENOS AIRES DE KARIRAC DISTRITO DE TARICA DE LA PROVINCIA DE HUARAZ DEL DEPARTAMENTO DE ANCASH;182680.58;PEN;7;Licitación Pública Abreviada;works;Baja competencia
1194746;20208154428;MUNICIPALIDAD DISTRITAL DE MARCABAL;LA LIBERTAD;SANCHEZ CARRION;"CONSTRUCCION DE AUDITORIO; EN EL(LA) I.E. 81932 SEÑOR DE LA MISERICORDIA EN EL CENTRO POBLADO CUSHURO DE PAMPATAC, DISTRITO DE MARCABAL, PROVINCIA SANCHEZ CARRION, DEPARTAMENTO LA LIBERTAD";1211132.52;PEN;9;Licitación Pública Abreviada;works;Baja competencia
1196128;20171880115;MUNICIPALIDAD DISTRITAL DE TORATA;MOQUEGUA;MARISCAL NIETO;MEJORAMIENTO DEL MALECON RIBEREÑO DESDE EL PUENTE TORATA A LA CALLE CORONEL MANUEL C. DE LA TORRE DEL, DISTRITO DE TORATA - MARISCAL NIETO - MOQUEGUA;143640;PEN;12;Subasta Inversa Electrónica;goods;Mediana competencia
1196804;20140266575;GOBIERNO REGIONAL DE CUSCO - PROYECTO ESPECIAL PLAN MERISS INKA;CUSCO;CUSCO;MEJORAMIENTO DE LA INFRAESTRUCTURA DE RIEGO MAYOR PALLALLAJE EN LAS COMUNIDADES CAMPESINAS DE URINSAYA Y QUEROCCOLLANA, DISTRITO COPORAQUE, PROVINCIA ESPINAR;655021.02;PEN;8;Licitación Pública;goods;Baja competencia
1198934;20148260843;MUNICIPALIDAD PROVINCIAL DE HUALGAYOC - BAMBAMARCA;CAJAMARCA;HUALGAYOC;MEJORAMIENTO DEL SERVICIO DE PRÁCTICA DEPORTIVA Y/O RECREATIVA EN EL BARRIO SAN JOSÉ DEL OBELISCO DEL   DISTRITO DE BAMBAMARCA DE LA PROVINCIA DE HUALGAYOC DEL DEPARTAMENTO DE CAJAMARCA;68688.08;PEN;8;Concurso Público Abreviado;services;Baja competencia
1195964;20146721410;MUNICIPALIDAD PROVINCIAL DE SECHURA;PIURA;SECHURA;CREACION DE LOSA RECREACIONAL MULTIUSOS EN EL A.H MICAELA BASTIDAS, I ETAPA DEL DISTRITO DE SECHURA - PROVINCIA DE SECHURA - DEPARTAMENTO DE PIURA;148904.2;PEN;19;Concurso Público Abreviado;services;Mediana competencia
1195554;20200953691;MUNICIPALIDAD PROVINCIAL DE ANTA;CUSCO;ANTA;CREACION DEL SERVICIO DE PROVISION DE AGUA PARA RIEGO EN UN SISTEMA DE LAGUNA ARTIFICIAL PARA COSECHA DE AGUA DE LLUVIA EN EL SECTOR DE LLACHUPAMPA DE LA COMUNIDAD CAMPESINA DE ANANSAYA URINSAYA CCOLLANA DE CENTRO POBLADO ANANSAYA URINSAYA CCOLLANA DISTRITO DE ANTA DE LA PROVINCIA DE ANTA DEL DEPARTAMENTO DE CUSCO;431750;PEN;2;Licitación Pública Abreviada;goods;Baja competencia
1200829;20222360677;MUNICIPALIDAD DISTRITAL DE PALLPATA;CUSCO;ESPINAR;MEJORAMIENTO DEL SERVICIO DE ATENCIÓN Y PROMOCIÓN DE LAS FAMILIAS EN CAPACIDADES PRODUCTIVAS PARA LA SEGURIDAD ALIMENTARIA Y NUTRICIONAL DE LAS FAMILIAS VULNERABLES   DISTRITO DE PALLPATA DE LA PROVINCIA DE ESPINAR DEL DEPARTAMENTO DE CUSCO;60000;PEN;3;Comparación de Precios;goods;Baja competencia
1197723;20177217043;MUNICIPALIDAD PROVINCIAL DEL CUSCO;CUSCO;CUSCO;MEJORAMIENTO DE LOS SERVICIOS OPERATIVOS O MISIONALES INSTITUCIONALES EN LA OFICINA DE RELACIONES PÚBLICAS Y PROTOCOLO DE LA MUNICIPALIDAD PROVINCIAL DEL CUSCO EN EL   DISTRITO DE CUSCO DE LA PROVINCIA DE CUSCO DEL DEPARTAMENTO DE CUSCO;97129.33;PEN;3;Comparación de Precios;goods;Baja competencia
1192993;20146721410;MUNICIPALIDAD PROVINCIAL DE SECHURA;PIURA;SECHURA;CREACION DE LOSA RECREACIONAL MULTIUSOS EN EL A.H MICAELA BASTIDAS, I ETAPA DEL DISTRITO DE SECHURA - PROVINCIA DE SECHURA - DEPARTAMENTO DE PIURA;2517498.2;PEN;14;Licitación Pública Abreviada;works;Mediana competencia
1192474;20145561842;GOBIERNO REGIONAL DE JUNIN - DIRECCION REGIONAL DE PRODUCCION DE JUNIN;JUNIN;HUANCAYO;RECUPERACION DE LOS SERVICIOS DE APOYO AL DESARROLLO PRODUCTIVO EN CAPACIDAD PRODUCTORA DE LAS UNIDADES PRODUCTIVAS DE LA CRIANZA DE TRUCHA Y PECES AMAZONICOS EN LA SIERRA Y SELVA DE LAS 09 PROVINCIAS DEL DEPARTAMENTO DE JUNIN   DISTRITO DE EL TAMBO DE LA PROVINCIA DE HUANCAYO DEL DEPARTAMENTO DE JUNIN;100000;PEN;3;Comparación de Precios;goods;Baja competencia
1193296;20219792876;MUNICIPALIDAD DISTRITAL DE SANAGORAN;LA LIBERTAD;SANCHEZ CARRION;"CONSTRUCCION DE PUENTE; EN EL(LA) CAMINO VECINAL CUSHURO - PEÑA COLORADA (PUENTE MONTONADA) EN EL CENTRO POBLADO CUSHURO, DISTRITO DE SANAGORAN, PROVINCIA SANCHEZ CARRION, DEPARTAMENTO LA LIBERTAD";915091.49;PEN;17;Licitación Pública Abreviada;works;Mediana competencia
1196981;20282911915;MUNICIPALIDAD DISTRITAL DE NUEVO CHIMBOTE;ANCASH;SANTA;MEJORAMIENTO DEL SERVICIO DE MOVILIDAD URBANA EN LA AV. BRASIL (TRAMO AV. PELICANOS HASTA LA AV. UNIVERSITARIA)  DISTRITO DE NUEVO CHIMBOTE - PROVINCIA DE SANTA - DEPARTAMENTO DE ANCASH;14167971.58;PEN;26;Licitación Pública;works;Alta competencia
1201573;20146721410;MUNICIPALIDAD PROVINCIAL DE SECHURA;PIURA;SECHURA;"CONSTRUCCION DE SISTEMA DE DRENAJE; EN EL(LA) AV. VICTOR TEMOCHE INTERCEPCIÓN CON CALLE 05, AA.HH. VICENTE CHUNGA ALDANA DISTRITO DE SECHURA, PROVINCIA SECHURA, DEPARTAMENTO PIURA";1265259.12;PEN;1;Contratación Directa;works;Baja competencia
1203358;20189021764;MUNICIPALIDAD DISTRITAL DE HUACAR;HUANUCO;AMBO;MEJORAMIENTO DE LOS SERVICIOS EDUCATIVOS DE LA INSTITUCION EDUCATIVA INICIAL I.E.I. N 330 - DEL CENTRO POBLADO DE ANGASMARCA, DISTRITO DE HUACAR - AMBO - HUANUCO;4381717.94;PEN;7;Licitación Pública Abreviada;works;Baja competencia
1196460;20170327129;MUNICIPALIDAD DISTRITAL DE QUELLOUNO;CUSCO;LA CONVENCION;MEJORAMIENTO DEL SERVICIO DE LIMPIEZA PÚBLICA EN LAS CUENCAS DE QUELLOUNO, CHIRUMBIA, CHAPO Y LACCO YAVERO DEL   DISTRITO DE QUELLOUNO DE LA PROVINCIA DE LA CONVENCION DEL DEPARTAMENTO DE CUSCO;139800;PEN;3;Subasta Inversa Electrónica;goods;Baja competencia
1197841;20156959783;MUNICIPALIDAD PROVINCIAL DE ANDAHUAYLAS;APURIMAC;ANDAHUAYLAS;MEJORAMIENTO DEL SERVICIO DE TRANSITABILIDAD VEHICULAR Y PEATONAL DEL JR LOS CAPULIES Y ANEXOS DEL CENTRO POBLADO DE RUMI RUMI DEL DISTRITO DE ANDAHUAYLAS - PROVINCIA DE ANDAHUAYLAS - DEPARTAMENTO DE APURIMAC;56254.3;PEN;19;Subasta Inversa Electrónica;goods;Mediana competencia
1198943;20527147612;GOBIERNO REGIONAL DE CUSCO SEDE CENTRAL;CUSCO;CUSCO;INSTALACION DE DEFENSA RIBEREÑA EN LA MARGEN IZQUIERDA DEL RÍO VILCANOTA SECTOR TACTABAMBA, DISTRITO DE ACOPIA, PROVINCIA DE ACOMAYO - CUSCO;148000;PEN;3;Subasta Inversa Electrónica;goods;Baja competencia
1194887;20286864806;MUNICIPALIDAD DISTRITAL DE LLAMA - MARISCAL LUZURIAGA;ANCASH;MARISCAL LUZURIAGA;MEJORAMIENTO Y AMPLIACION DEL SERVICIO DE AGUA POTABLE RURAL EN LA ZONA URBANA DE LLAMA   DISTRITO DE LLAMA DE LA PROVINCIA DE MARISCAL LUZURIAGA DEL DEPARTAMENTO DE ANCASH;488757.06;PEN;9;Licitación Pública Abreviada;works;Baja competencia
1194068;20486020882;GOBIERNO REGIONAL DE HUANCAVELICA Sede Central;HUANCAVELICA;HUANCAVELICA;MEJORAMIENTO DEL SERVICIO DE TRANSITABILIDAD VEHICULAR Y PEATONAL DE LA PROLG. MANCHEGO MUÑOZ, JIRON QUICHCCAHUAYCCO, JR. YAULI, JR. LIRCAY, JR. HUANDO, JR. LARIA Y JR. ACORIA DEL BARRIO DE SANTA ANA DISTRITO DE HUANCAVELICA, PROVINCIA DE HUANCAVELIC;123522;PEN;53;Licitación Pública Abreviada;goods;Alta competencia
1197031;20196029584;MUNICIPALIDAD DISTRITAL DE HUANCARAMA;APURIMAC;ANDAHUAYLAS;CREACION DEL SERVICIO DE TRANSITABILIDAD VIAL INTERURBANA EN SECTOR DE LIMONNIYOCC - PACCAYPAMPA DE LLACTABAMBA   DISTRITO DE HUANCARAMA DE LA PROVINCIA DE ANDAHUAYLAS DEL DEPARTAMENTO DE APURIMAC;108112.5;PEN;4;Subasta Inversa Electrónica;goods;Baja competencia
1195733;20229244869;MUNICIPALIDAD DISTRITAL DE TAPICHE;LORETO;REQUENA;MEJORAMIENTO DE LOS SERVICIOS DE SALUD, DEL ESTABLECIMIENTO DE SALUD  I-2 DE LA LOCALIDAD DE IBERIA DEL DISTRITO DE TAPICHE - PROVINCIA DE REQUENA - DEPARTAMENTO DE LORETO;3980305.8;PEN;5;Licitación Pública Abreviada;works;Baja competencia
1192064;20173990988;MUNICIPALIDAD DISTRITAL DE SANTA EULALIA;LIMA;HUAROCHIRI;CREACION DEL SERVICIO DE PRÁCTICA DEPORTIVA Y/O RECREATIVA EN LA CONSTRUCCION DEL COMPLEJO DEPORTIVO MUNICIPAL PARA EL   DISTRITO DE SANTA EULALIA DE LA PROVINCIA DE HUAROCHIRI DEL DEPARTAMENTO DE LIMA;114400;PEN;11;Licitación Pública Abreviada;goods;Mediana competencia
1194465;20452393493;GOBIERNO REGIONAL DE AYACUCHO SEDE CENTRAL;AYACUCHO;HUAMANGA;CREACION DE  TROCHA CARROZABLE EN EL MARGEN  IZQUIERDO DEL RIO PARARCA , TRAMO AULLA - MIRMACA,  DISTRITO DE PARARCA - PROVINCIA DE PAUCAR DEL SARA SARA - DEPARTAMENTO DE AYACUCHO;84700;PEN;11;Concurso Público Abreviado;services;Mediana competencia
1193432;20172618864;MUNICIPALIDAD DISTRITAL DE CASTILLA;PIURA;PIURA;INSTALACION DE SERVICIOS RECREACIONALES EN EL CASERIO TERELA, DISTRITO DE CASTILLA - PIURA - PIURA;1367483.01;PEN;24;Licitación Pública Abreviada;works;Alta competencia
1205182;20187630101;MUNICIPALIDAD PROVINCIAL DE SANTIAGO DE CHUCO;LA LIBERTAD;SANTIAGO DE CHUCO;CREACION DEL SERVICIOS DE ESPACIOS PÚBLICOS URBANOS EN EL SECTOR CERRO SAN CRISTOBAL   DISTRITO DE SANTIAGO DE CHUCO DE LA PROVINCIA DE SANTIAGO DE CHUCO DEL DEPARTAMENTO DE LA LIBERTAD;1531238.8;PEN;12;Licitación Pública Abreviada;works;Mediana competencia
1193997;20489250731;GOBIERNO REGIONAL DE HUANUCO SEDE CENTRAL;HUANUCO;HUANUCO;MEJORAMIENTO DE LA CAPACIDAD RESOLUTIVA DEL HOSPITAL DE TINGO MARIA;96000;PEN;9;Concurso Público Abreviado;services;Baja competencia
1193221;20131372699;MUNICIPALIDAD DISTRITAL DE PUCUSANA;LIMA;LIMA;"ADQUISICION DE CAMION COMPACTADOR; EN EL(LA) SERVICIO DE LIMPIEZA PUBLICA Y GESTION DE RESIDUOS SOLIDOS DEL  DISTRITO DE PUCUSANA, PROVINCIA LIMA, DEPARTAMENTO LIMA";761500;PEN;20;Licitación Pública;goods;Mediana competencia
1193193;20154470108;MUNICIPALIDAD DISTRITAL DE SAMEGUA;MOQUEGUA;MARISCAL NIETO;MEJORAMIENTO DEL SERVICIO DE TRANSITABILIDAD VEHICULAR Y PEATONAL EN LAS ASOCIACIONES DE VIVIENDA SAN MARTIN DE PORRES, LOS CIPRECES Y MINISTERIO DE TRANSPORTES DE LA JUNTA VECINAL CERRILLOS SANTA FORTUNATA DEL  DISTRITO DE SAMEGUA - PROVINCIA DE MARISCAL NIETO - DEPARTAMENTO DE MOQUEGUA;103500;PEN;6;Subasta Inversa Electrónica;goods;Baja competencia
1196625;20443070819;GOBIERNO REGIONAL DE APURIMAC-TRANSPORTES CHANKA;APURIMAC;ABANCAY;MEJORAMIENTO DEL SERVICIO DE TRANSITABILIDAD VEHICULAR Y PEATONAL DE LA AV. INDUSTRIAL EN LOS DISTRITOS DE TALAVERA Y ANDAHUAYLAS DE LA  PROVINCIA DE ANDAHUAYLAS - DEPARTAMENTO DE APURIMAC;219000;PEN;17;Licitación Pública Abreviada;goods;Mediana competencia
1199180;20485962400;MUNICIPALIDAD DISTRITAL DE ASCENSION;HUANCAVELICA;HUANCAVELICA;"ADQUISICION DE SISTEMA DE TECNOLOGIA, INFORMACION Y COMUNICACION; EN EL(LA) MUNICIPALIDAD DISTRITAL DE ASCENSION  DISTRITO DE ASCENSION, PROVINCIA HUANCAVELICA, DEPARTAMENTO HUANCAVELICA";71250;PEN;3;Comparación de Precios;goods;Baja competencia
1198886;20148182788;MUNICIPALIDAD PROVINCIAL DE ABANCAY;APURIMAC;ABANCAY;MEJORAMIENTO DEL SERVICIO DE MOVILIDAD URBANA EN LAS VIAS LOCALES DEL JR. DAVID SAMANEZ OCAMPO , AV. GARCILASO DE LA VEGA (TRAMO JR. DAVID SAMANEZ OCAMPO ¿ AV. CONDEBAMBA) DEL   DISTRITO DE ABANCAY DE LA PROVINCIA DE ABANCAY DEL DEPARTAMENTO DE APURIMAC;129727.5;PEN;26;Concurso Público Abreviado;services;Alta competencia
1195754;20452393493;GOBIERNO REGIONAL DE AYACUCHO SEDE CENTRAL;AYACUCHO;HUAMANGA;MEJORAMIENTO Y AMPLIACION DEL SERVICIO DE TRANSITABILIDAD VIAL ENTRE EL TRAMO AY-728(PENAL DE YANAMILLA) HASTA EL TRAMO AY-729(PTAR) LONGITUD 2.38 KM EN EL  DISTRITO DE ANDRES AVELINO CACERES - PROVINCIA DE HUAMANGA - DEPARTAMENTO DE AYACUCHO;347500;PEN;17;Concurso Público Abreviado;services;Mediana competencia
1193892;20191636369;MUNICIPALIDAD DISTRITAL DE CAHUAPANAS;LORETO;DATEM DEL MARAÑON;MEJORAMIENTO Y AMPLIACION DEL SERVICIO DE EDUCACION PRIMARIA EN I.E. 62733   DISTRITO DE CAHUAPANAS DE LA PROVINCIA DE DATEM DEL MARAÑON DEL DEPARTAMENTO DE LORETO;168098.47;PEN;14;Concurso Público Abreviado;services;Mediana competencia
1195423;20494642078;GOBIERNO REGIONAL DE AYACUCHO - PROGRAMA REGIONAL DE IRRIGACION Y DESARROLLO RURAL INTEGRADO;AYACUCHO;HUAMANGA;MEJORAMIENTO DEL SERVICIO DE AGUA PARA EL SISTEMA DE RIEGO EN 25 COMUNIDADES DE LA CUENCA DEL VALLE DE TOROBAMBA EN EL  DISTRITO DE SAN MIGUEL - PROVINCIA DE LA MAR - DEPARTAMENTO DE AYACUCHO;77580;PEN;3;Comparación de Precios;goods;Baja competencia
1197420;20146728007;MUNICIPALIDAD DISTRITAL DE FRIAS;PIURA;AYABACA;CREACION DEL SERVICIOS DE ESPACIOS PÚBLICOS URBANOS EN EL PARQUE EL COMUN  DE CENTRO POBLADO EL COMUN DISTRITO DE FRIAS DE LA PROVINCIA DE AYABACA DEL DEPARTAMENTO DE PIURA;51200;PEN;12;Licitación Pública Abreviada;goods;Mediana competencia
1198517;20146721410;MUNICIPALIDAD PROVINCIAL DE SECHURA;PIURA;SECHURA;"RENOVACION DE ESPACIO DE CIRCULACION INTERIOR  Y MOBILIARIO URBANO; EN EL(LA) PARQUE MIGUEL GRAU SECTOR PARACHIQUE EN EL CENTRO POBLADO PARACHIQUE - LA BOCANA, DISTRITO DE SECHURA, PROVINCIA SECHURA, DEPARTAMENTO PIURA";957929.52;PEN;21;Licitación Pública Abreviada;works;Alta competencia
1200101;20147142197;MUNICIPALIDAD PROVINCIAL DE UCAYALI - CONTAMANA;LORETO;UCAYALI;CREACION DE SERVICIOS DE AGUA POTABLE Y DISPOSICION SANITARIA DE EXCRETAS EN LA COMUNIDAD NATIVA CANAAN DE CHIATIPISHCA DEL DISTRITO DE CONTAMANA - PROVINCIA DE UCAYALI - DEPARTAMENTO DE LORETO;4565569.46;PEN;2;Licitación Pública Abreviada;works;Baja competencia
1197766;20131377810;SERVICIO NACIONAL DE CAPACITACION PARA LA INDUSTRIA DE LA CONSTRUCCION;LIMA;LIMA;MEJORAMIENTO DE LOS SERVICIOS DE CAPACITACIÓN EN CONSTRUCCIÓN DE LA UNIDAD OPERATIVA SENCICO CAJAMARCA, DISTRITO, PROVINCIA Y DEPARTAMENTO DE CAJAMARCA;667605.43;PEN;1;Contratación Directa;services;Baja competencia
1194106;20147170565;MUNICIPALIDAD DISTRITAL DE EL PORVENIR - TRUJILLO;LA LIBERTAD;TRUJILLO;"REPARACION DE CALZADA O PISTA; EN EL(LA) AV. SANCHEZ CARRIÓN TRAMO DESDE LA AV. PUMACAHUA HASTA LA CA. BALTAZAR VILLALONGA,  DISTRITO DE EL PORVENIR, PROVINCIA TRUJILLO, DEPARTAMENTO LA LIBERTAD";1166645.17;PEN;19;Licitación Pública Abreviada;works;Mediana competencia
1192452;20146898697;MUNICIPALIDAD PROVINCIAL DE CHINCHA - CHINCHA ALTA;ICA;CHINCHA;"ADQUISICION DE EQUIPO DE ALMACENAMIENTO; EN EL(LA) GERENCIA DE LA UNIDAD DE RESIDUOS SOLIDOS DE LA MUNICIPALIDAD PROVINCIAL DE CHINCHA  DISTRITO DE CHINCHA ALTA, PROVINCIA CHINCHA, DEPARTAMENTO ICA";484750;PEN;20;Licitación Pública Abreviada;goods;Mediana competencia
1180961;20165563515;MUNICIPALIDAD PROVINCIAL DE LAMPA;PUNO;LAMPA;MEJORAMIENTO DE LOS SERVICIOS DE APOYO AL DESARROLLO PRODUCTIVO EN LA CADENA PRODUCTIVA DE LA LECHE EN LAS COMUNIDADES DE LA PROVINCIA DE LAMPA   DISTRITO DE LAMPA DE LA PROVINCIA DE LAMPA DEL DEPARTAMENTO DE PUNO;60000;PEN;3;Comparación de Precios;goods;Baja competencia
1199019;20494642078;GOBIERNO REGIONAL DE AYACUCHO - PROGRAMA REGIONAL DE IRRIGACION Y DESARROLLO RURAL INTEGRADO;AYACUCHO;HUAMANGA;AMPLIACION DE LA PRESA ANCASCOCHA Y AFIANZAMIENTO DEL VALLE DE YAUCA (AYACUCHO Y AREQUIPA);98172.5;PEN;3;Comparación de Precios;goods;Baja competencia
1195873;20402597918;GOBIERNO REGIONAL DE JUNIN-AGRICULTURA;JUNIN;HUANCAYO;"MEJORAMIENTO DEL SERVICIO DE CATASTRO, TITULACIÓN Y REGISTRO DE PREDIOS RURALES EN TODAS LAS PROVINCIAS Y DISTRITOS DEL DEPARTAMENTO DE JUNÍN;  DISTRITO DE CHANCHAMAYO - PROVINCIA DE CHANCHAMAYO - DEPARTAMENTO DE JUNIN";63000;PEN;4;Concurso Público Abreviado;services;Baja competencia
1195629;20452393493;GOBIERNO REGIONAL DE AYACUCHO SEDE CENTRAL;AYACUCHO;HUAMANGA;CREACION DEL SERVICIO DE TRANSITABILIDAD VEHICULAR DEL TRAMO TIRCUS ¿ MEJORADA,  DISTRITO DE SIVIA - PROVINCIA DE HUANTA - DEPARTAMENTO DE AYACUCHO;350000;PEN;7;Concurso Público Abreviado;services;Baja competencia
1201823;20407307292;GOBIERNO REGIONAL DE AYACUCHO-AGRICULTURA;AYACUCHO;HUAMANGA;MEJORAMIENTO DE LOS SERVICIOS DE LA PRODUCCION BOVINA DE  LECHE EN LA PROVINCIA DE LUCANAS,- REGION AYACUCHO;91600;PEN;3;Comparación de Precios;goods;Baja competencia
1197207;20288774553;MUNICIPALIDAD DISTRITAL DE CHALLHUAHUACHO;APURIMAC;COTABAMBAS;MEJORAMIENTO DE LA DIETA ALIMENTARIA DE LA POBLACIÓN RURAL CON LA PRODUCCIÓN DE HORTALIZAS Y CRIANZA DE ANIMALES MENORES EN LAS COMUNIDADES DE CHUNTAHUILQUI Y ALLILLUMA DEL DISTRITO DE CHALLHUAHUACHO - PROVINCIA DE COTABAMBAS - DEPARTAMENTO DE APURIMAC;65270;PEN;15;Licitación Pública Abreviada;goods;Mediana competencia
1201503;20494642078;GOBIERNO REGIONAL DE AYACUCHO - PROGRAMA REGIONAL DE IRRIGACION Y DESARROLLO RURAL INTEGRADO;AYACUCHO;HUAMANGA;AMPLIACION DE LA PRESA ANCASCOCHA Y AFIANZAMIENTO DEL VALLE DE YAUCA (AYACUCHO Y AREQUIPA);98730;PEN;3;Comparación de Precios;goods;Baja competencia
1196249;20227330873;MUNICIPALIDAD DISTRITAL DE CHAPARRA;AREQUIPA;CARAVELI;"CONSTRUCCION DE DEFENSA RIBEREÑA Y DIQUE; EN EL(LA) RIO CHAPARRA SECTOR EL PACAY SOLAR DISTRITO DE CHAPARRA, PROVINCIA CARAVELI, DEPARTAMENTO AREQUIPA";99990;PEN;3;Comparación de Precios;goods;Baja competencia
1193921;20406325815;GOBIERNO REGIONAL DE PUNO SEDE CENTRAL;PUNO;PUNO;MEJORAMIENTO DE LOS SERVICIOS EDUCATIVOS EN LA I.E.S. DOS DE MAYO DE CARACOTO, DISTRITO DE CARACOTO - SAN ROMAN - PUNO;153318.75;PEN;4;Subasta Inversa Electrónica;goods;Baja competencia
1193883;20191636369;MUNICIPALIDAD DISTRITAL DE CAHUAPANAS;LORETO;DATEM DEL MARAÑON;MEJORAMIENTO Y AMPLIACION DEL SERVICIO DE EDUCACION PRIMARIA EN I.E. 62568 EN EL CENTRO POBLADO UNGURAHUI DEL  DISTRITO DE CAHUAPANAS - PROVINCIA DE DATEM DEL MARAÑON - DEPARTAMENTO DE LORETO;159876;PEN;14;Concurso Público Abreviado;services;Mediana competencia
1196964;20159386415;MUNICIPALIDAD DISTRITAL DE QUIQUIJANA;CUSCO;QUISPICANCHI;MEJORAMIENTO DEL SERVICIO DE PRÁCTICA DEPORTIVA Y/O RECREATIVA EN LA COMUNIDAD CAMPESINA DE QUIQUIJANA,   DISTRITO DE QUIQUIJANA DE LA PROVINCIA DE QUISPICANCHI DEL DEPARTAMENTO DE CUSCO;97153.83;PEN;8;Subasta Inversa Electrónica;goods;Baja competencia
1200823;20131369477;INSTITUTO TECNOLOGICO DE LA PRODUCCION;LIMA;LIMA;MEJORAMIENTO Y AMPLIACIÓN DE LOS SERVICIOS DE CTI PARA FORTALECER EL SISTEMA NACIONAL DE CIENCIA, TECNOLOGÍA E INNOVACIÓN;20000;PEN;2;Convenio;goods;Baja competencia
1193183;20185898343;GOBIERNO REGIONAL DE APURIMAC-CHANKA;APURIMAC;ABANCAY;MEJORAMIENTO Y AMPLIACION DEL SERVICIO DE PRÁCTICA DEPORTIVA Y/O RECREATIVA EN EL ESTADIO LOS CHANKAS   DISTRITO DE ANDAHUAYLAS DE LA PROVINCIA DE ANDAHUAYLAS DEL DEPARTAMENTO DE APURIMAC;83050;PEN;41;Concurso Público Abreviado;services;Alta competencia
1193912;20131378034;MUNICIPALIDAD DISTRITAL DE SAN JUAN DE LURIGANCHO;LIMA;LIMA;MEJORAMIENTO DEL SERVICIO DE MOVILIDAD URBANA EN LAS VIAS LOCALES DEL AA.HH. UPIS HUASCAR GRUPO 12 SECTOR A, COMUNA 12 DEL   DISTRITO DE SAN JUAN DE LURIGANCHO DE LA PROVINCIA DE LIMA DEL DEPARTAMENTO DE LIMA;3429230.11;PEN;29;Licitación Pública Abreviada;works;Alta competencia
1192506;20159308961;MUNICIPALIDAD DISTRITAL DE SAN SEBASTIAN;CUSCO;CUSCO;MEJORAMIENTO DEL SERVICIO DE TRANSITABILIDAD VEHICULAR Y PEATONAL DE LAS CALLES CARDINALES, TULIPANES, CRISANTEMO, ORQUIDEAS Y PASAJE LIRIOS DE LA ASOCIACION PRO VIVIENDA MIRAFLORES DEL ALTO QOSQO  DISTRITO DE SAN SEBASTIAN - PROVINCIA DE CUSCO - DEPARTAMENTO DE CUSCO;117032.5;PEN;8;Subasta Inversa Electrónica;goods;Baja competencia
1200635;20181438364;MUNICIPALIDAD PROVINCIAL DE EL COLLAO - ILAVE;PUNO;EL COLLAO;"RENOVACION DE CALZADA O PISTA; EN EL(LA) JIRÓN MOLLENDO (3RA A 7MA CUADRA) Y JIRÓN CONDE DE LEMUS (3RA CUADRA)  A NIVEL PAVIMENTO FLEXIBLE EN LA CIUDAD DE ILAVE DEL  DISTRITO DE ILAVE, PROVINCIA EL COLLAO, DEPARTAMENTO PUNO";116865;PEN;1;Subasta Inversa Electrónica;goods;Baja competencia
1198245;20452393493;GOBIERNO REGIONAL DE AYACUCHO SEDE CENTRAL;AYACUCHO;HUAMANGA;MEJORAMIENTO Y AMPLIACION DEL SERVICIO EDUCATIVO DEL NIVEL PRIMARIA, SECUNDARIA Y BASICA ALTERNATIVA DE LA I.E. LOS LIBERTADORES  DISTRITO DE AYACUCHO - PROVINCIA DE HUAMANGA - DEPARTAMENTO DE AYACUCHO;119212.5;PEN;14;Subasta Inversa Electrónica;goods;Mediana competencia
1198193;20601625017;MUNICIPALIDAD DISTRITAL DE MEGANTONI;CUSCO;LA CONVENCION;MEJORAMIENTO DEL SERVICIO DE EDUCACIÓN INICIAL EN LA IE N° 1090 DE LA CC.NN. DE POROTOBANGO DEL DISTRITO DE MEGANTONI - PROVINCIA DE LA CONVENCION - DEPARTAMENTO DE CUSCO;91089.6;PEN;3;Comparación de Precios;goods;Baja competencia
1200735;20452393493;GOBIERNO REGIONAL DE AYACUCHO SEDE CENTRAL;AYACUCHO;HUAMANGA;MEJORAMIENTO DE LOS SERVICIOS DE FORMACIÓN PROFESIONAL EN INGENIERÍA AGRÍCOLA DE LA UNIVERSIDAD NACIONAL DE SAN CRISTÓBAL DE HUAMANGA, DISTRITO DE AYACUCHO, PROVINCIA DE HUAMANGA, DEPARTAMENTO DE AYACUCHO;165000;PEN;16;Concurso Público Abreviado;services;Mediana competencia
1194522;20452393493;GOBIERNO REGIONAL DE AYACUCHO SEDE CENTRAL;AYACUCHO;HUAMANGA;CREACION DE  TROCHA CARROZABLE EN EL MARGEN  IZQUIERDO DEL RIO PARARCA , TRAMO AULLA - MIRMACA,  DISTRITO DE PARARCA - PROVINCIA DE PAUCAR DEL SARA SARA - DEPARTAMENTO DE AYACUCHO;156000;PEN;15;Concurso Público Abreviado;services;Mediana competencia
1197259;20519752604;GOBIERNO REGIONAL DE MOQUEGUA SEDE CENTRAL;MOQUEGUA;MARISCAL NIETO;MEJORAMIENTO Y AMPLIACION DE LOS SERVICIOS EDUCATIVOS DE LA I.E. FERNANDO BELAUNDE TERRY EN EL C.P. SAN ANTONIO DEL DISTRITO DE MOQUEGUA - PROVINCIA DE MARISCAL NIETO - DEPARTAMENTO DE MOQUEGUA;237690;PEN;10;Subasta Inversa Electrónica;goods;Mediana competencia
1194053;20178082222;MUNICIPALIDAD PROVINCIAL DE CONDORCANQUI - NIEVA;AMAZONAS;CONDORCANQUI;CREACION DE LOS SERVICIOS DE PROTECCIÓN EN RIBERAS DE RÍO VULNERABLES ANTE EL PELIGRO EN RIO NIEVA   DISTRITO DE NIEVA DE LA PROVINCIA DE CONDORCANQUI DEL DEPARTAMENTO DE AMAZONAS;178671159.1;PEN;4;Contratación Directa;works;Baja competencia
1194968;20154470108;MUNICIPALIDAD DISTRITAL DE SAMEGUA;MOQUEGUA;MARISCAL NIETO;MEJORAMIENTO DEL SERVICIO DE TRANSITABILIDAD VEHICULAR Y PEATONAL EN LAS ASOCIACIONES DE VIVIENDA SAN MARTIN DE PORRES, LOS CIPRECES Y MINISTERIO DE TRANSPORTES DE LA JUNTA VECINAL CERRILLOS SANTA FORTUNATA DEL  DISTRITO DE SAMEGUA - PROVINCIA DE MARISCAL NIETO - DEPARTAMENTO DE MOQUEGUA;61006;PEN;9;Subasta Inversa Electrónica;goods;Baja competencia
1194681;20185898343;GOBIERNO REGIONAL DE APURIMAC-CHANKA;APURIMAC;ABANCAY;MEJORAMIENTO DEL SERVICIO DE MOVILIDAD URBANA EN LA AV LA PACUNCA 4TA Y 5TA CUADRA, AV MANZANOS 1RA Y 2DA CUADRA, AV ROSALES 4TA, 5TA Y 6TA CUADRA, AV GARDENIAS CUADRA 10 Y 11, PJE NUEVO MILENIO, PJE ALARCON, PJE RIVERA, JR AMANCAES Y CALLE NUEVA 02  DE CENTRO POBLADO CHUMBAO DISTRITO DE ANDAHUAYLAS DE LA PROVINCIA DE ANDAHUAYLAS DEL DEPARTAMENTO DE APURIMAC;123520;PEN;19;Subasta Inversa Electrónica;goods;Mediana competencia
1194556;20191716397;MUNICIPALIDAD DISTRITAL DE ZEPITA;PUNO;CHUCUITO;MEJORAMIENTO DEL SERVICIO DE PRÁCTICA DEPORTIVA Y/O RECREATIVA EN COMPLEJO DEPORTIVO CLUB DEL PUEBLO EN LA LOCALIDAD DE ZEPITA   DISTRITO DE ZEPITA DE LA PROVINCIA DE CHUCUITO DEL DEPARTAMENTO DE PUNO;155996;PEN;8;Subasta Inversa Electrónica;goods;Baja competencia
1200915;20169004359;UNIVERSIDAD NACIONAL DE INGENIERIA;LIMA;LIMA;MEJORAMIENTO Y AMPLIACIÓN DE LOS SERVICIOS DE CTI PARA FORTALECER EL SISTEMA NACIONAL DE CIENCIA, TECNOLOGÍA E INNOVACIÓN;26315.8;PEN;1;Convenio;services;Baja competencia
1198530;20166106746;MUNICIPALIDAD DISTRITAL DE MARANURA;CUSCO;LA CONVENCION;MEJORAMIENTO DE LOS SERVICIOS DE APOYO AL DESARROLLO PRODUCTIVO EN EL CULTIVO  DE  CACAO EN EL   DISTRITO DE MARANURA DE LA PROVINCIA DE LA CONVENCION DEL DEPARTAMENTO DE CUSCO;63816;PEN;3;Comparación de Precios;goods;Baja competencia
1193515;20140266575;GOBIERNO REGIONAL DE CUSCO - PROYECTO ESPECIAL PLAN MERISS INKA;CUSCO;CUSCO;MEJORAMIENTO Y AMPLIACIÓN DEL SERVICIO DE AGUA PARA RIEGO EN LOS SECTORES DEL RÍO VERSALLES, ENTRE SANTA ELENA, RETIRO DEL CARMEN, TIRIJUAY, ARENAL E IPAL, DISTRITOS DE OCOBAMBA Y YANATILE, PROVINCIAS DE LA CONVENCIÓN Y CALCA, REGIÓN CUSCO;57350;PEN;3;Comparación de Precios;goods;Baja competencia
1199220;20205141830;MUNICIPALIDAD DISTRITAL DE SOPLIN;LORETO;REQUENA;"RENOVACION DE RED SECUNDARIA; EN EL(LA) SISTEMA ELECTRICO RURAL EN EL CENTRO POBLADO NUEVA ALEJANDRIA (CURINGA), DISTRITO DE SOPLIN, PROVINCIA REQUENA, DEPARTAMENTO LORETO";689388.87;PEN;2;Licitación Pública Abreviada;works;Baja competencia
1199073;20131371455;MUNICIPALIDAD DISTRITAL DE LURIGANCHO (CHOSICA);LIMA;LIMA;"RENOVACION DE PISTA Y VEREDA; EN EL(LA) CALLE PIROXENITAS - CASCO URBANO MARGEN DERECHA DEL  DISTRITO DE LURIGANCHO, PROVINCIA LIMA, DEPARTAMENTO LIMA";73283.84;PEN;3;Comparación de Precios;goods;Baja competencia
1195444;20165195290;MUNICIPALIDAD PROVINCIAL DE SAN ROMAN - JULIACA;PUNO;SAN ROMAN;MEJORAMIENTO DEL SERVICIO DE ESPACIOS PÚBLICOS EN LA URBANIZACIÓN SANTA MARIA I DEL DISTRITO DE JULIACA - PROVINCIA DE SAN ROMAN - DEPARTAMENTO DE PUNO;69945.88;PEN;3;Comparación de Precios;goods;Baja competencia
1197950;20602259065;UNIDAD EJECUTORA MEJORAMIENTO DEL SISTEMA DE INFORMACION DE LA SUNAT - MSI;LIMA;LIMA;MEJORAMIENTO DE LOS SERVICIOS DE RECAUDACIÓN TRIBUTARIA Y ADUANERA A TRAVÉS DE LA TRANSFORMACIÓN DIGITAL;60000;PEN;5;Convenio;services;Baja competencia
1195879;20402597918;GOBIERNO REGIONAL DE JUNIN-AGRICULTURA;JUNIN;HUANCAYO;"MEJORAMIENTO DEL SERVICIO DE CATASTRO, TITULACIÓN Y REGISTRO DE PREDIOS RURALES EN TODAS LAS PROVINCIAS Y DISTRITOS DEL DEPARTAMENTO DE JUNÍN;  DISTRITO DE CHANCHAMAYO - PROVINCIA DE CHANCHAMAYO - DEPARTAMENTO DE JUNIN";72000;PEN;3;Concurso Público Abreviado;services;Baja competencia
1196764;20185898343;GOBIERNO REGIONAL DE APURIMAC-CHANKA;APURIMAC;ABANCAY;MEJORAMIENTO Y AMPLIACION DEL SERVICIO DE PRÁCTICA DEPORTIVA Y/O RECREATIVA EN EL ESTADIO LOS CHANKAS   DISTRITO DE ANDAHUAYLAS DE LA PROVINCIA DE ANDAHUAYLAS DEL DEPARTAMENTO DE APURIMAC;81854.83;PEN;21;Subasta Inversa Electrónica;goods;Alta competencia
1201953;20159316981;GOBIERNO REGIONAL DE CUSCO-INSTITUTO DE MANEJO DE AGUA Y MEDIO AMBIENTE( IMA);CUSCO;CUSCO;RECUPERACION DEL SERVICIO  ECOSISTEMICO DE REGULACIÓN HIDRICA EN LAS MICROCUENCAS DE TOCCOHUANCA, LLANCAMA, LLANQUEMAYO, TAUCABAMBA Y MISKAHUAYCCO DE LA CUENCA MEDIA DEL APURIMAC - EN LOS DISTRITOS DE PARURO, OMACHA, PILLPINTO Y CHINCHAYPUJIO EN LAS PROVINCIAS DE ANTA Y PARURO DEL  DEPARTAMENTO DE CUSCO;312000;PEN;16;Concurso Público Abreviado;services;Mediana competencia
1191803;20170327391;MUNICIPALIDAD DISTRITAL DE VILCABAMBA - LA CONVENCION;CUSCO;LA CONVENCION;MEJORAMIENTO DE LA CARRETERA SAN MARINO-VILCABAMBA, CUENCA DE VILCABAMBA, DISTRITO DE VILCABAMBA - LA CONVENCION - CUSCO;326755;PEN;15;Licitación Pública Abreviada;goods;Mediana competencia
1193591;20288774553;MUNICIPALIDAD DISTRITAL DE CHALLHUAHUACHO;APURIMAC;COTABAMBAS;CREACION DEL SERVICIO DE PRÁCTICA DEPORTIVA Y/O RECREATIVA EN LOS CASERÍOS DE PANCHAMA, JAWAPAYLLA Y CHUSPIRE DE LA COMUNIDAD DE NUEVA FUERABAMBA DEL   DISTRITO DE CHALLHUAHUACHO DE LA PROVINCIA DE COTABAMBAS DEL DEPARTAMENTO DE APURIMAC;523820.28;PEN;14;Subasta Inversa Electrónica;goods;Mediana competencia
1199524;20406325815;GOBIERNO REGIONAL DE PUNO SEDE CENTRAL;PUNO;PUNO;MEJORAMIENTO DE LOS SERVICIOS DE APOYO AL DESARROLLO PRODUCTIVO EN 19 UNIDADES PRODUCTORAS 19 DISTRITOS DE 7 PROVINCIAS DEL DEPARTAMENTO DE PUNO;62080;PEN;5;Subasta Inversa Electrónica;goods;Baja competencia
1199852;20392298895;GOBIERNO REGIONAL DE AMAZONAS - GERENCIA SUBREGIONAL BAGUA;AMAZONAS;BAGUA;"CONSTRUCCION DE OFICINA ADMINISTRATIVA, SALA DE USOS MULTIPLES Y SERVICIOS HIGIENICOS Y/O VESTIDORES; ADQUISICION DE EQUIPO DE AIRE ACONDICIONADO ; EN EL(LA) INFRAESTRUCTURA DE LA MUNICIPALIDAD PROVINCIAL DE BAGUA  DISTRITO DE BAGUA, PROVINCIA BAGUA, DEPARTAMENTO AMAZONAS";88000;PEN;3;Comparación de Precios;goods;Baja competencia
1192470;20317337150;MUNICIPALIDAD DISTRITAL DE PICHARI;CUSCO;LA CONVENCION;MEJORAMIENTO DEL SERVICIO DE AGUA POTABLE RURAL EN SANEAMIENTO BASICO EN LAS COMUNIDADES DE OMAYA, TARANCATO, LIBERTAD Y CATARATA   DISTRITO DE PICHARI DE LA PROVINCIA DE LA CONVENCION DEL DEPARTAMENTO DE CUSCO;2626450;PEN;12;Concurso Público Abreviado;services;Mediana competencia
1196901;20165195290;MUNICIPALIDAD PROVINCIAL DE SAN ROMAN - JULIACA;PUNO;SAN ROMAN;MEJORAMIENTO DEL SERVICIO DE PRÁCTICA DEPORTIVA Y/O RECREATIVA EN EL COMPLEJO DEPORTIVO LA CAPILLA   DISTRITO DE JULIACA DE LA PROVINCIA DE SAN ROMAN DEL DEPARTAMENTO DE PUNO;87144.48;PEN;3;Comparación de Precios;goods;Baja competencia
1196389;20519752604;GOBIERNO REGIONAL DE MOQUEGUA SEDE CENTRAL;MOQUEGUA;MARISCAL NIETO;MEJORAMIENTO DEL SERVICIO DE EDUCACION INICIAL N° 160 VIRGEN DE FATIMA, DEL C.P. SAN FRANCISO,  DISTRITO DE MOQUEGUA - PROVINCIA DE MARISCAL NIETO - DEPARTAMENTO DE MOQUEGUA;199007.79;PEN;8;Subasta Inversa Electrónica;goods;Baja competencia
1197175;20452393493;GOBIERNO REGIONAL DE AYACUCHO SEDE CENTRAL;AYACUCHO;HUAMANGA;MEJORAMIENTO DE LA CARRETERA CON ASFALTO TRAMO CENTRO POBLADO DE CARMEN ALTO - DISTRITO DE CARMEN ALTO - PROVINCIA DE HUAMANGA - REGIÓN AYACUCHO, CENTRO POBLADO DE YANAMA - DISTRITO DE CARMEN ALTO - PROVINCIA DE HUAMANGA - REGIÓN AYACUCHO;179550;PEN;7;Subasta Inversa Electrónica;goods;Baja competencia
1194288;20406325815;GOBIERNO REGIONAL DE PUNO SEDE CENTRAL;PUNO;PUNO;MEJORAMIENTO Y AMPLIACION DEL SERVICIO DE EDUCACIÓN SUPERIOR TECNOLÓGICA EN EL INSTITUTO SUPERIOR TECNOLÓGICO PUBLICO DE MACUSANI  DISTRITO DE MACUSANI - PROVINCIA DE CARABAYA - DEPARTAMENTO DE PUNO;59222;PEN;3;Comparación de Precios;goods;Baja competencia
1196069;20146501487;MUNICIPALIDAD DISTRITAL DE MOROCOCHA;JUNIN;YAULI;MEJORAMIENTO DE LOS SERVICIOS DE ESPACIOS PÚBLICOS URBANOS EN EL PARQUE PRINCIPAL  DE CENTRO POBLADO SAN FRANCISCO DE ASIS DE PUCARA DISTRITO DE MOROCOCHA DE LA PROVINCIA DE YAULI DEL DEPARTAMENTO DE JUNIN;2565254.5;PEN;8;Licitación Pública Abreviada;works;Baja competencia
1194388;20489250731;GOBIERNO REGIONAL DE HUANUCO SEDE CENTRAL;HUANUCO;HUANUCO;RECUPERACION DE LOS SERVICIOS DE PROTECCIÓN DE LOS ECOSISTEMAS EN EL ENTORNO AMBIENTAL Y CONTROL DE EROSIÓN DE SUELOS  EN LA MICROCUENCA DE 6 LOCALIDADES DEL DISTRITO DE HUANUCO - PROVINCIA DE HUANUCO - DEPARTAMENTO DE HUANUCO;278219;PEN;14;Subasta Inversa Electrónica;goods;Mediana competencia
1194260;20174670693;MUNICIPALIDAD DISTRITAL DE BUENAVISTA ALTA;ANCASH;CASMA;MEJORAMIENTO DEL SERVICIO DE PROVISIÓN DE AGUA PARA RIEGO EN EL CANAL CABALLERO  DE CENTRO POBLADO POYOR BAJO DISTRITO DE BUENA VISTA ALTA DE LA PROVINCIA DE CASMA DEL DEPARTAMENTO DE ANCASH;332000;PEN;4;Licitación Pública Abreviada;works;Baja competencia
1193446;20159308961;MUNICIPALIDAD DISTRITAL DE SAN SEBASTIAN;CUSCO;CUSCO;MEJORAMIENTO DEL SERVICIO DE MOVILIDAD URBANA EN LAS APVS. HANAN QOSQO, SANTO TOMAS, ORIÓN K'AWARINA Y VILLA EL MIRADOR ACOMAYO DEL   DISTRITO DE SAN SEBASTIAN DE LA PROVINCIA DE CUSCO DEL DEPARTAMENTO DE CUSCO;86016.67;PEN;4;Comparación de Precios;goods;Baja competencia
1197479;20165192355;MUNICIPALIDAD DISTRITAL DE MAÑAZO;PUNO;PUNO;CREACION DEL SERVICIO DE PRÁCTICA DEPORTIVA Y/O RECREATIVA EN EL COLISEO MUNICIPAL DEL   DISTRITO DE MAÑAZO DE LA PROVINCIA DE PUNO DEL DEPARTAMENTO DE PUNO;209535.76;PEN;13;Subasta Inversa Electrónica;goods;Mediana competencia
1192432;20185898343;GOBIERNO REGIONAL DE APURIMAC-CHANKA;APURIMAC;ABANCAY;MEJORAMIENTO DE LOS SERVICIOS DE PROTECCIÓN EN RIBERAS DE RÍO VULNERABLES ANTE EL PELIGRO EN EL MARGEN DERECHA DEL RIO CHUMBAO   DISTRITO DE SAN JERONIMO DE LA PROVINCIA DE ANDAHUAYLAS DEL DEPARTAMENTO DE APURIMAC;1143400;PEN;11;Subasta Inversa Electrónica;goods;Mediana competencia
1199653;20154432516;MUNICIPALIDAD DISTRITAL DE SANTIAGO - CUSCO;CUSCO;CUSCO;MEJORAMIENTO Y AMPLIACION DEL SERVICIO DE LIMPIEZA PÚBLICA EN LA GESTIÓN INTEGRAL DEL MANEJO DE RESIDUOS SÓLIDOS (EN LAS ETAPAS DE LIMPIEZA, SEGREGACIÓN, RECOJO Y VALORIZACIÓN) DEL   DISTRITO DE SANTIAGO DE LA PROVINCIA DE CUSCO DEL DEPARTAMENTO DE CUSCO;121806;PEN;2;Subasta Inversa Electrónica;goods;Baja competencia
1199024;20131371455;MUNICIPALIDAD DISTRITAL DE LURIGANCHO (CHOSICA);LIMA;LIMA;"RENOVACION DE PISTA Y VEREDA; EN EL(LA) CALLE PIROXENITAS - CASCO URBANO MARGEN DERECHA DEL  DISTRITO DE LURIGANCHO, PROVINCIA LIMA, DEPARTAMENTO LIMA";51873.36;PEN;3;Comparación de Precios;goods;Baja competencia
1196974;20165192355;MUNICIPALIDAD DISTRITAL DE MAÑAZO;PUNO;PUNO;CREACION DEL SERVICIO DE PRÁCTICA DEPORTIVA Y/O RECREATIVA EN EL COLISEO MUNICIPAL DEL   DISTRITO DE MAÑAZO DE LA PROVINCIA DE PUNO DEL DEPARTAMENTO DE PUNO;235320;PEN;6;Subasta Inversa Electrónica;goods;Baja competencia
1200156;20212824641;MUNICIPALIDAD PROVINCIAL DE MARISCAL LUZURIAGA - PISCOBAMBA;ANCASH;MARISCAL LUZURIAGA;"ADQUISICION DE SISTEMA DE TECNOLOGIA, INFORMACION Y COMUNICACION Y MOBILIARIO DE OFICINA; EN EL(LA) MUNICIPALIDAD PROVINCIAL DE MARISCAL LUZURIAGA  DISTRITO DE PISCOBAMBA, PROVINCIA MARISCAL LUZURIAGA, DEPARTAMENTO ANCASH";69785;PEN;3;Comparación de Precios;goods;Baja competencia
1199112;20131371455;MUNICIPALIDAD DISTRITAL DE LURIGANCHO (CHOSICA);LIMA;LIMA;"RENOVACION DE PISTA Y VEREDA; EN EL(LA) CALLE PIROXENITAS - CASCO URBANO MARGEN DERECHA DEL  DISTRITO DE LURIGANCHO, PROVINCIA LIMA, DEPARTAMENTO LIMA";95050.02;PEN;3;Comparación de Precios;goods;Baja competencia
1193842;20159308961;MUNICIPALIDAD DISTRITAL DE SAN SEBASTIAN;CUSCO;CUSCO;MEJORAMIENTO DEL ORNATO PÚBLICO MUNICIPAL DEL  DISTRITO DE SAN SEBASTIAN - PROVINCIA DE CUSCO - DEPARTAMENTO DE CUSCO;57233.33;PEN;8;Subasta Inversa Electrónica;goods;Baja competencia
1193666;20161350461;MUNICIPALIDAD PROVINCIAL DE AYABACA;PIURA;AYABACA;CREACION DEL SERVICIO DE TRANSITABILIDAD VIAL INTERURBANA EN PI-680(CULCAPAMPA)-GRANADILLO  DE CENTRO POBLADO CULCAPAMPA DISTRITO DE AYABACA DE LA PROVINCIA DE AYABACA DEL DEPARTAMENTO DE PIURA;58058;PEN;4;Concurso Público Abreviado;services;Baja competencia
1192824;20184022207;MUNICIPALIDAD DISTRITAL DE SAN ANDRES;ICA;PISCO;MEJORAMIENTO DEL SERVICIO DE TRANSITABILIDAD VIAL INTERURBANA EN EL CAMINO VECINAL IC-570 RUTA EMP PE-1SF DEL SECTOR PAMPA DE OCAS DEL   DISTRITO DE SAN ANDRES DE LA PROVINCIA DE PISCO DEL DEPARTAMENTO DE ICA;1199847.71;PEN;20;Licitación Pública Abreviada;works;Mediana competencia
1192988;20205141163;MUNICIPALIDAD DISTRITAL DE JEBEROS;LORETO;ALTO AMAZONAS;"REPARACION DE CALZADA; RENOVACION DE PUENTE; EN EL(LA) CAMINO VECINAL NUEVA JORDANIA - BELLAVISTA EN EL CENTRO POBLADO NUEVA JORDANIA, DISTRITO DE JEBEROS, PROVINCIA ALTO AMAZONAS, DEPARTAMENTO LORETO";2045186;PEN;2;Licitación Pública Abreviada;works;Baja competencia
1195750;20131378034;MUNICIPALIDAD DISTRITAL DE SAN JUAN DE LURIGANCHO;LIMA;LIMA;CREACION DEL SERVICIO DE MOVILIDAD URBANA EN VIAS LOCALES DEL AA.HH. ISABEL FLORES DE OLIVA, COMUNA 17 DEL   DISTRITO DE SAN JUAN DE LURIGANCHO DE LA PROVINCIA DE LIMA DEL DEPARTAMENTO DE LIMA;131821.14;PEN;17;Concurso Público Abreviado;services;Mediana competencia
1199135;20131371455;MUNICIPALIDAD DISTRITAL DE LURIGANCHO (CHOSICA);LIMA;LIMA;"RENOVACION DE PISTA Y VEREDA; EN EL(LA) CALLE PIROXENITAS - CASCO URBANO MARGEN DERECHA DEL  DISTRITO DE LURIGANCHO, PROVINCIA LIMA, DEPARTAMENTO LIMA";98393.07;PEN;3;Comparación de Precios;goods;Baja competencia
1201595;20169004359;UNIVERSIDAD NACIONAL DE INGENIERIA;LIMA;LIMA;MEJORAMIENTO Y AMPLIACIÓN DE LOS SERVICIOS DE CTI PARA FORTALECER EL SISTEMA NACIONAL DE CIENCIA, TECNOLOGÍA E INNOVACIÓN;43200;PEN;1;Convenio;services;Baja competencia
1193161;20527147612;GOBIERNO REGIONAL DE CUSCO SEDE CENTRAL;CUSCO;CUSCO;MEJORAMIENTO DE LOS SERVICIOS DE EDUCACION SECUNDARIA EN LA INSTITUCION EDUCATIVA JERONIMO ZAVALA DEL DISTRITO DE COMBAPATA, PROVINCIA DE CANCHIS - CUSCO;243000;PEN;12;Subasta Inversa Electrónica;goods;Mediana competencia
1202234;20154441931;MUNICIPALIDAD DISTRITAL DE MANTA;HUANCAVELICA;HUANCAVELICA;"CONSTRUCCION DE AMBIENTE DE PREPARACION Y ENTREGA DE ALIMENTOS Y ALMACEN DE ALIMENTOS DE USO COMUN; EN EL(LA) ANEXO DE SAN LUIS  DISTRITO DE MANTA, PROVINCIA HUANCAVELICA, DEPARTAMENTO HUANCAVELICA";253084;PEN;4;Licitación Pública Abreviada;works;Baja competencia
1201328;20159386415;MUNICIPALIDAD DISTRITAL DE QUIQUIJANA;CUSCO;QUISPICANCHI;MEJORAMIENTO DEL SERVICIO DE SEGURIDAD CIUDADANA LOCAL EN LA POBLACIÓN VECINAL Y COMUNAL DEL   DISTRITO DE QUIQUIJANA DE LA PROVINCIA DE QUISPICANCHI DEL DEPARTAMENTO DE CUSCO;69280;PEN;3;Comparación de Precios;goods;Baja competencia
1199634;20131371455;MUNICIPALIDAD DISTRITAL DE LURIGANCHO (CHOSICA);LIMA;LIMA;"RENOVACION DE PISTA Y VEREDA; EN EL(LA) CALLE PIROXENITAS - CASCO URBANO MARGEN DERECHA DEL  DISTRITO DE LURIGANCHO, PROVINCIA LIMA, DEPARTAMENTO LIMA";98117.48;PEN;3;Comparación de Precios;services;Baja competencia
1196092;20228443264;GOBIERNO REGIONAL DE CUSCO-AGRICULTURA;CUSCO;CUSCO;MEJORAMIENTO DEL SERVICIO DE INOCUIDAD AGROPECUARIA EN LAS ZONAS ALTOANDINAS DE LAS 13 PROVINCIAS   DISTRITO DE CUSCO DE LA PROVINCIA DE CUSCO DEL DEPARTAMENTO DE CUSCO;58220;PEN;13;Subasta Inversa Electrónica;goods;Mediana competencia
1196813;20452393493;GOBIERNO REGIONAL DE AYACUCHO SEDE CENTRAL;AYACUCHO;HUAMANGA;MEJORAMIENTO DEL SERVICIO EDUCATIVO DE LA FACULTAD DE CIENCIAS DE LA EDUCACIÓN DE LA UNIVERSIDAD NACIONAL DE SAN CRISTÓBAL DE HUAMANGA  DISTRITO DE AYACUCHO - PROVINCIA DE HUAMANGA - DEPARTAMENTO DE AYACUCHO;184963;PEN;16;Subasta Inversa Electrónica;goods;Mediana competencia
1198866;20148260843;MUNICIPALIDAD PROVINCIAL DE HUALGAYOC - BAMBAMARCA;CAJAMARCA;HUALGAYOC;CREACION DEL SERVICIO DE PRÁCTICA DEPORTIVA Y/O RECREATIVA EN BARRIO AMAZONAS,   DISTRITO DE BAMBAMARCA DE LA PROVINCIA DE HUALGAYOC DEL DEPARTAMENTO DE CAJAMARCA;86944.99;PEN;7;Concurso Público Abreviado;services;Baja competencia
1195818;20494642078;GOBIERNO REGIONAL DE AYACUCHO - PROGRAMA REGIONAL DE IRRIGACION Y DESARROLLO RURAL INTEGRADO;AYACUCHO;HUAMANGA;AMPLIACION DE LA PRESA ANCASCOCHA Y AFIANZAMIENTO DEL VALLE DE YAUCA (AYACUCHO Y AREQUIPA);157364.09;PEN;20;Licitación Pública Abreviada;goods;Mediana competencia
1196923;20202020098;MUNICIPALIDAD PROVINCIAL DE CARLOS FERMIN FITZCARRALD;ANCASH;CARLOS FERMIN FITZCARRALD;CREACION DEL SERVICIO DE PROVISIÓN DE AGUA PARA RIEGO EN LOS CASERIOS DE YURACYACU, SINCUNA PAMPA, EN EL CENTRO POBLADO DE SANTIAGO DE CARDON Y DEL CASERIO DE CARASH DEL   DISTRITO DE SAN LUIS DE LA PROVINCIA DE CARLOS FERMIN FITZCARRALD DEL DEPARTAMENTO DE ANCASH;101698.3;PEN;5;Concurso Público Abreviado;services;Baja competencia
1198178;20452393493;GOBIERNO REGIONAL DE AYACUCHO SEDE CENTRAL;AYACUCHO;HUAMANGA;MEJORAMIENTO 1DE ACCESOS E INSTALACION DE SERVICIOS TURISTICOS DE ESTACIONAMIENTO DE TRANSPORTE, INTERPRETACION CULTURAL Y DISFRUTE DEL PAISAJE EN EL SITIO ARQUEOLOGICO DE PIKIMACHAY, DISTRITO DE PACAYCASA, PROVINCIA DE HUAMANGA, REGION AYACUCHO;163041.5;PEN;17;Subasta Inversa Electrónica;goods;Mediana competencia
1194892;20198033414;MUNICIPALIDAD PROVINCIAL DE CAYLLOMA - CHIVAY;AREQUIPA;CAYLLOMA;MEJORAMIENTO DEL SERVICIO DE TRANSITABILIDAD VIAL INTERURBANA EN VIA VECINAL AR 682: EMP. AR-681 (DV. CALERA) - LA CALERA DEL DISTRITO DE CHIVAY DE LA PROVINCIA DE CAYLLOMA DEL DEPARTAMENTO DE AREQUIPA;131370;PEN;8;Subasta Inversa Electrónica;goods;Baja competencia
1198879;20452393493;GOBIERNO REGIONAL DE AYACUCHO SEDE CENTRAL;AYACUCHO;HUAMANGA;MEJORAMIENTO Y AMPLIACION DE LA CARRETERA EMP. PE ¿ 32A (MINASCUCHO) ¿ LLACHOCCMAYO - ALLPACHACA ¿ MUNAYPATA - EMP. AY-106 (ROSASPATA), DISTRITOS DE CHIARA, LOS MOROCHUCOS Y VINCHOS DE LAS PROVINCIAS DE HUAMANGA Y CANGALLO DEL  DEPARTAMENTO DE AYACUCHO;78850.1;PEN;3;Comparación de Precios;goods;Baja competencia
1201879;20200650442;MUNICIPALIDAD DISTRITAL DE LIMATAMBO;CUSCO;ANTA;CREACION DEL SERVICIO DE PRÁCTICA DEPORTIVA Y/O RECREATIVA EN EL ESTADIO MUNICIPAL DEL   DISTRITO DE LIMATAMBO DE LA PROVINCIA DE ANTA DEL DEPARTAMENTO DE CUSCO;82961.33;PEN;3;Subasta Inversa Electrónica;goods;Baja competencia
1195605;20228443264;GOBIERNO REGIONAL DE CUSCO-AGRICULTURA;CUSCO;CUSCO;MEJORAMIENTO DEL SERVICIO DE INOCUIDAD AGROPECUARIA EN LAS ZONAS ALTOANDINAS DE LAS 13 PROVINCIAS   DISTRITO DE CUSCO DE LA PROVINCIA DE CUSCO DEL DEPARTAMENTO DE CUSCO;322500;PEN;9;Subasta Inversa Electrónica;goods;Baja competencia
1196441;20193443479;MUNICIPALIDAD DISTRITAL DE ALTO TAPICHE;LORETO;REQUENA;MEJORAMIENTO DE LOS SERVICIOS DE APOYO AL DESARROLLO PRODUCTIVO EN LA PRODUCCION DE GALLINAS DE POSTURA PARA PRODUCCION DE HUEVOS, EN COMUNIDADES DEL   DISTRITO DE ALTO TAPICHE DE LA PROVINCIA DE REQUENA DEL DEPARTAMENTO DE LORETO;134992;PEN;11;Licitación Pública Abreviada;goods;Mediana competencia
1197794;20519752604;GOBIERNO REGIONAL DE MOQUEGUA SEDE CENTRAL;MOQUEGUA;MARISCAL NIETO;MEJORAMIENTO Y AMPLIACION DE LOS SERVICIOS EDUCATIVOS DE LA I.E. FERNANDO BELAUNDE TERRY EN EL C.P. SAN ANTONIO DEL DISTRITO DE MOQUEGUA - PROVINCIA DE MARISCAL NIETO - DEPARTAMENTO DE MOQUEGUA;68570;PEN;3;Comparación de Precios;goods;Baja competencia
1196900;20168737565;MUNICIPALIDAD DISTRITAL DE COMAS - LIMA;LIMA;LIMA;CREACION DEL SERVICIO DE ATENCIÓN DE SALUD BÁSICOS EN LA VETERINARIA MUNICIPAL, ZONAL 4   DISTRITO DE COMAS DE LA PROVINCIA DE LIMA DEL DEPARTAMENTO DE LIMA;878659.01;PEN;12;Licitación Pública Abreviada;works;Mediana competencia
1197162;20165195290;MUNICIPALIDAD PROVINCIAL DE SAN ROMAN - JULIACA;PUNO;SAN ROMAN;MEJORAMIENTO DEL SERVICIO DE PRÁCTICA DEPORTIVA Y RECREATIVA EN LA URBANIZACION AEROPUERTO II ETAPA DEL DISTRITO DE JULIACA - PROVINCIA DE SAN ROMAN - DEPARTAMENTO DE PUNO;60000;PEN;3;Comparación de Precios;goods;Baja competencia
1200798;20489252270;GOBIERNO REGIONAL DE PASCO SEDE CENTRAL;PASCO;PASCO;MEJORAMIENTO DE LOS SERVICIOS BASICOS DE EDUCACION EN LA I.E. LUCERO DEL AMANECER DE NIVEL INICIAL DEL  DISTRITO DE CHAUPIMARCA - PROVINCIA DE PASCO - DEPARTAMENTO DE PASCO;3831133.88;PEN;6;Licitación Pública Abreviada;works;Baja competencia
1193450;20181709066;MUNICIPALIDAD PROVINCIAL DE CHUMBIVILCAS - SANTO TOMAS;CUSCO;CHUMBIVILCAS;MEJORAMIENTO DE LAS CAPACIDADES COMPETITIVAS DE LOS PRODUCTORES FRUTICOLAS EN LA SUB CUENCA DEL RIO SANTO TOMAS DE LOS 5 DISTRITOS DE LA PROVINCIA DE CHUMBIVILCAS - DEPARTAMENTO DE CUSCO;197333.33;PEN;25;Concurso Público Abreviado;services;Alta competencia
1193312;20169004359;UNIVERSIDAD NACIONAL DE INGENIERIA;LIMA;LIMA;MEJORAMIENTO Y AMPLIACIÓN DE LOS SERVICIOS DE CTI PARA FORTALECER EL SISTEMA NACIONAL DE CIENCIA, TECNOLOGÍA E INNOVACIÓN;39984.34;PEN;12;Convenio;services;Mediana competencia
1194644;20131369477;INSTITUTO TECNOLOGICO DE LA PRODUCCION;LIMA;LIMA;MEJORAMIENTO Y AMPLIACION SERVICIOS DE INNOVACIÓN PRODUCTIVA Y TRANSFERENCIA TECNOLÓGICA EN LA CADENA DE VALOR DE PRODUCTOS PROCESADOS DE FRUTAS, HORTALIZAS, LEGUMBRES, CEREALES (ARÁNDANOS, MARACUYÁ, PIÑA, PIMIENTO, AJÍ, CHÍA Y QUINUA) Y LÁCTEOS EN EL CITEAGROINDUSTRIAL CHAVIMOCHIC  DISTRITO DE VIRU - PROVINCIA DE VIRU - DEPARTAMENTO DE LA LIBERTAD;436442.42;PEN;4;Licitación Pública Abreviada;goods;Baja competencia
1196372;20193443479;MUNICIPALIDAD DISTRITAL DE ALTO TAPICHE;LORETO;REQUENA;MEJORAMIENTO DE LOS SERVICIOS DE APOYO AL DESARROLLO PRODUCTIVO EN LA PRODUCCION DE GALLINAS DE POSTURA PARA PRODUCCION DE HUEVOS, EN COMUNIDADES DEL   DISTRITO DE ALTO TAPICHE DE LA PROVINCIA DE REQUENA DEL DEPARTAMENTO DE LORETO;144904;PEN;10;Licitación Pública Abreviada;goods;Mediana competencia
1201917;20202190503;MUNICIPALIDAD DISTRITAL DE LIMBANI;PUNO;SANDIA;MEJORAMIENTO DEL SERVICIO DE MOVILIDAD URBANA EN LAS VÍAS LOCALES DE LA LOCALIDAD DE LIMBANI   DISTRITO DE LIMBANI DE LA PROVINCIA DE SANDIA DEL DEPARTAMENTO DE PUNO;353248.87;PEN;21;Concurso Público Abreviado;services;Alta competencia
1200605;20206921898;MUNICIPALIDAD PROVINCIAL DE CARABAYA - MACUSANI;PUNO;CARABAYA;MEJORAMIENTO Y AMPLIACION DE LOS SERVICIOS DE AGUA POTABLE Y DESAGÜE EN LA CIUDAD DE MACUSANI, DISTRITO DE MACUSANI, PROVINCIA DE CARABAYA - PUNO;490598.69;PEN;1;Contratación Directa;services;Baja competencia
1193282;20185898343;GOBIERNO REGIONAL DE APURIMAC-CHANKA;APURIMAC;ABANCAY;MEJORAMIENTO Y AMPLIACION DEL SERVICIO DE AGUA PARA RIEGO EN ANCCARAYLLA, CCACCE,CHAVELAYOC, PALMA REAL,SANTA ROSA ALTA,UNIÓN CLAVELES,CUNCAYOC,CCACHCCARUMIHUAYCCO, RAYANNIYOC,CCOCHO MOCCO, SANTA ANITA,AÑASORCCO,SACHAYOC MOCCO,CABALLO OCCO,PURMACC WASICUCHO, POTRERO OCCO,CCALLPA MOCCO,CUMANAYLLA,CHECCHE,SACLAYA, ÑAHUINPUQUIO, HUARACCOPATA, CCANCHUPATA Y CHAQUICCOCHAPATA, EN LOS DISTRITOS DE ANDAHUAYLAS, SAN JERONIMO Y JOSE MARIA ARGUEDAS DE LA  PROVINCIA DE ANDAHUAYLAS - DEPARTAMENTO DE APURIMAC;386926.8;PEN;9;Subasta Inversa Electrónica;goods;Baja competencia
1194841;20185898343;GOBIERNO REGIONAL DE APURIMAC-CHANKA;APURIMAC;ABANCAY;MEJORAMIENTO Y AMPLIACION DEL SERVICIO DE PRÁCTICA DEPORTIVA Y/O RECREATIVA EN EL ESTADIO LOS CHANKAS   DISTRITO DE ANDAHUAYLAS DE LA PROVINCIA DE ANDAHUAYLAS DEL DEPARTAMENTO DE APURIMAC;196577.5;PEN;33;Concurso Público Abreviado;services;Alta competencia
1202158;20218480269;MUNICIPALIDAD DISTRITAL DE LLUMPA;ANCASH;MARISCAL LUZURIAGA;MEJORAMIENTO Y AMPLIACION DEL SERVICIO DE AGUA POTABLE RURAL EN LAS LOCALIDADES DE ACHCAY Y YURMA DE CENTRO POBLADO YURMA   DISTRITO DE LLUMPA DE LA PROVINCIA DE MARISCAL LUZURIAGA DEL DEPARTAMENTO DE ANCASH;88500;PEN;9;Concurso Público Abreviado;services;Baja competencia
1201806;20202591591;MUNICIPALIDAD DISTRITAL DE MORONA;LORETO;DATEM DEL MARAÑON;CREACION DEL SERVICIO DE MOVILIDAD URBANA EN ACCESO AL BOTADERO MUNICIPAL  DE CENTRO POBLADO PUERTO ALEGRIA DISTRITO DE MORONA DE LA PROVINCIA DE DATEM DEL MARAÑON DEL DEPARTAMENTO DE LORETO;2566961.37;PEN;3;Licitación Pública Abreviada;works;Baja competencia
1200809;20407307292;GOBIERNO REGIONAL DE AYACUCHO-AGRICULTURA;AYACUCHO;HUAMANGA;MEJORAMIENTO DEL SERVICIO DE LA CADENA PRODUCTIVA DE APICULTURA, EN LOS VALLES INTERANDINOS DE LAS PROVINCIAS DE HUAMANGA, CANGALLO, HUANTA, LA MAR, VÍCTOR FAJARDO Y VILCAS HUAMÁN - 6 PROVINCIAS DEL DEPARTAMENTO DE AYACUCHO;90000;PEN;3;Comparación de Precios;goods;Baja competencia
1200450;20154432516;MUNICIPALIDAD DISTRITAL DE SANTIAGO - CUSCO;CUSCO;CUSCO;"ADQUISICION DE EQUIPO DE FISCALIZACION Y ORGANIZACION; EN EL(LA) UNIDAD ORGANICA DE LA GERENCIA DE GESTION DE MEDIO AMBIENTE DE LA MUNICIPALIDAD DISTRITAL DE SANTIAGO DEL  DISTRITO DE SANTIAGO, PROVINCIA CUSCO, DEPARTAMENTO CUSCO";94426.67;PEN;3;Comparación de Precios;goods;Baja competencia
1199177;20406325815;GOBIERNO REGIONAL DE PUNO SEDE CENTRAL;PUNO;PUNO;MEJORAMIENTO DE LA CARRETERA PU 147, EMP. PE-34I JIPATA - EMP. PE-34I MOHO,  DISTRITO DE MOHO - PROVINCIA DE MOHO - DEPARTAMENTO DE PUNO;431250;PEN;23;Concurso Público Abreviado;services;Alta competencia
1188807;20148260843;MUNICIPALIDAD PROVINCIAL DE HUALGAYOC - BAMBAMARCA;CAJAMARCA;HUALGAYOC;"CONSTRUCCION DE COBERTURA DE INSTALACIONES DEPORTIVAS; EN EL(LA) I.E. 82672 EN EL CENTRO POBLADO LLAUCAN, DISTRITO DE BAMBAMARCA, PROVINCIA HUALGAYOC, DEPARTAMENTO CAJAMARCA";486234.21;PEN;6;Licitación Pública Abreviada;works;Baja competencia
1192836;20147346434;MUNICIPALIDAD PROVINCIAL DE ESPINAR;CUSCO;ESPINAR;MEJORAMIENTO DE LOS SERVICIOS DE APOYO AL DESARROLLO PRODUCTIVO EN LA CADENA PRODUCTIVA DE GRANOS ANDINOS DEL   DISTRITO DE ESPINAR DE LA PROVINCIA DE ESPINAR DEL DEPARTAMENTO DE CUSCO;159500;PEN;22;Licitación Pública Abreviada;goods;Alta competencia
1194458;20165195290;MUNICIPALIDAD PROVINCIAL DE SAN ROMAN - JULIACA;PUNO;SAN ROMAN;MEJORAMIENTO DEL SERVICIO DE LA MOVILIDAD URBANA DE LAS URBANIZACIONES SAUL CANTORAL Y VALLECITO DEL DISTRITO DE JULIACA - PROVINCIA DE SAN ROMAN - DEPARTAMENTO DE PUNO;185221.5;PEN;2;Subasta Inversa Electrónica;goods;Baja competencia
1192473;20145561842;GOBIERNO REGIONAL DE JUNIN - DIRECCION REGIONAL DE PRODUCCION DE JUNIN;JUNIN;HUANCAYO;RECUPERACION DE LOS SERVICIOS DE APOYO AL DESARROLLO PRODUCTIVO EN CAPACIDAD PRODUCTORA DE LAS UNIDADES PRODUCTIVAS DE LA CRIANZA DE TRUCHA Y PECES AMAZONICOS EN LA SIERRA Y SELVA DE LAS 09 PROVINCIAS DEL DEPARTAMENTO DE JUNIN   DISTRITO DE EL TAMBO DE LA PROVINCIA DE HUANCAYO DEL DEPARTAMENTO DE JUNIN;100000;PEN;4;Comparación de Precios;goods;Baja competencia
1200120;20194735384;MUNICIPALIDAD PROVINCIAL DE JORGE BASADRE - LOCUMBA;TACNA;JORGE BASADRE;MEJORAMIENTO Y AMPLIACION DEL SERVICIO DE PRÁCTICA DEPORTIVA Y/O RECREATIVA EN LA LOSA DEPORTIVA DEL ASENTAMIENTO HUMANO DE PIÑAPA DEL   DISTRITO DE LOCUMBA DE LA PROVINCIA DE JORGE BASADRE DEL DEPARTAMENTO DE TACNA;95513.25;PEN;3;Comparación de Precios;goods;Baja competencia
1191371;20194735384;MUNICIPALIDAD PROVINCIAL DE JORGE BASADRE - LOCUMBA;TACNA;JORGE BASADRE;MEJORAMIENTO DEL SERVICIO DEPORTIVO DE COMPETENCIA DEL ESTADIO JORGE PINTO LIENDO EN EL  DISTRITO DE LOCUMBA - PROVINCIA DE JORGE BASADRE - DEPARTAMENTO DE TACNA;209000;PEN;21;Concurso Público Abreviado;services;Alta competencia
1200626;20190242961;MUNICIPALIDAD PROVINCIAL DE OXAPAMPA;PASCO;OXAPAMPA;INSTALACION DEL SISTEMA DE EVACUACIÓN DE AGUAS PLUVIALES DE LA ZONA URBANA DEL DISTRITO DE OXAPAMPA, PROVINCIA DE OXAPAMPA - PASCO;1226681.02;PEN;1;Contratación Directa;services;Baja competencia
1193100;20219772417;MUNICIPALIDAD DISTRITAL DE MARIANO NICOLAS VALCARCEL;AREQUIPA;CAMANA;"CONSTRUCCION DE ESPACIO DE RECREACION PASIVA; EN EL(LA) RENOVACION DE PLAZOLETA EN EL CENTRO POBLADO DE SECOCHA  DISTRITO DE MARIANO NICOLAS VALCARCEL, PROVINCIA CAMANA, DEPARTAMENTO AREQUIPA";109051.08;PEN;12;Subasta Inversa Electrónica;goods;Mediana competencia
1192292;20406325815;GOBIERNO REGIONAL DE PUNO SEDE CENTRAL;PUNO;PUNO;MEJORAMIENTO Y AMPLIACION DEL SERVICIOS DE EDUCACION BASICA EN EL NIVEL PRIMARIO DE LA IEP Nº 72169 TAMBILLO, IEP Nº 72175 TAYACCUCHO, IEP Nº 72188 QUETY, IEP Nº 72642 MALLCUAPO, IEP Nº 72749 CALASUCA DEL DISTRITO DE ITUATA - PROVINCIA DE CARABAYA - DEPARTAMENTO DE PUNO  DISTRITO DE ITUATA - PROVINCIA DE CARABAYA - DEPARTAMENTO DE PUNO;174976.75;PEN;4;Subasta Inversa Electrónica;goods;Baja competencia
1199673;20147346434;MUNICIPALIDAD PROVINCIAL DE ESPINAR;CUSCO;ESPINAR;MEJORAMIENTO DE LOS SERVICIOS EDUCATIVOS CON MATERIAL DIDÁCTICO MULTIDISCIPLINARIO EN LAS INSTITUCIONES EDUCATIVAS DE EDUCACIÓN BÁSICA REGULAR, PROVINCIA DE ESPINAR - CUSCO;443850;PEN;20;Licitación Pública Abreviada;goods;Mediana competencia
1198612;20147421070;MUNICIPALIDAD PROVINCIAL DE CANCHIS - SICUANI;CUSCO;CANCHIS;MEJORAMIENTO DE LOS SERVICIOS DE APOYO AL DESARROLLO PRODUCTIVO EN MEJORAMIENTO DEL PISO FORRAJERO   DISTRITO DE SICUANI DE LA PROVINCIA DE CANCHIS DEL DEPARTAMENTO DE CUSCO;80700;PEN;4;Comparación de Precios;goods;Baja competencia
1200163;20200712146;MUNICIPALIDAD DISTRITAL DE ASILLO;PUNO;AZANGARO;CREACION DE LOS SERVICIOS DE APOYO AL DESARROLLO PRODUCTIVO EN LA PROTECCION CON COBERTURA PARA LA PRODUCCION DE GANADO VACUNO EN LA COMUNIDAD CAMPESINA DE PESQUECUCHO DEL   DISTRITO DE ASILLO DE LA PROVINCIA DE AZANGARO DEL DEPARTAMENTO DE PUNO;88350;PEN;3;Comparación de Precios;goods;Baja competencia
1197738;20174816221;MUNICIPALIDAD PROVINCIAL DE TARMA;JUNIN;TARMA;MEJORAMIENTO DEL SERVICIOS DE ESPACIOS PÚBLICOS URBANOS EN EL MIRADOR DE ANTAPAMPA COMUNIDAD CAMPESINA DE VISTA HERMOSA   DISTRITO DE TARMA DE LA PROVINCIA DE TARMA DEL DEPARTAMENTO DE JUNIN;111928;PEN;13;Licitación Pública Abreviada;goods;Mediana competencia
1195151;20131378620;MUNICIPALIDAD DISTRITAL DE ATE - VITARTE;LIMA;LIMA;MEJORAMIENTO DEL SERVICIO DE PRÁCTICA DEPORTIVA Y/O RECREATIVA EN EL AREA DEPORTIVA DE MANZANA NS9, LOTE 03, ZONA G DEL PUEBLO JOVEN PROYECTO ESPECIAL HUAYCAN, ZONA 07   DISTRITO DE ATE DE LA PROVINCIA DE LIMA DEL DEPARTAMENTO DE LIMA;1768054.5;PEN;22;Licitación Pública Abreviada;works;Alta competencia
1195372;20177217043;MUNICIPALIDAD PROVINCIAL DEL CUSCO;CUSCO;CUSCO;"CREACION DEL SERVICIOS DE ESPACIOS PÚBLICOS URBANOS EN EL ESPACIO PUBLICO ""PASEO DE LOS INCAS"" DE LA AV. ALAMEDA PACHACUTEC, ENTRE EL TRAMO ÓVALO PACHACUTEC Y ÓVALO MARTIN CHAMBI DEL   DISTRITO DE WANCHAQ DE LA PROVINCIA DE CUSCO DEL DEPARTAMENTO DE CUSCO";333200;PEN;14;Licitación Pública Abreviada;goods;Mediana competencia
1197362;20147796987;MUNICIPALIDAD DISTRITAL DE POCOLLAY;TACNA;TACNA;"CREACION DEL SERVICIO DE MOVILIDAD URBANA EN PASAJE 01,COMPRENDIDA ENTRE; LA AV. 28 DE AGOSTO Y AV. CAPANIQUE   DISTRITO DE POCOLLAY DE LA PROVINCIA DE TACNA DEL DEPARTAMENTO DE TACNA";168493;PEN;13;Concurso Público Abreviado;services;Mediana competencia
1195784;20197793431;MUNICIPALIDAD DISTRITAL DE COCHORCO;LA LIBERTAD;SANCHEZ CARRION;CREACION DEL SERVICIO DE TRANSITABILIDAD VIAL INTERURBANA EN CAMINO VECINAL PAMPATAC - PUERTO VIJUS  DE CENTRO POBLADO ARAGOSTAY DISTRITO DE COCHORCO DE LA PROVINCIA DE SANCHEZ CARRION DEL DEPARTAMENTO DE LA LIBERTAD,CREACION DEL SERVICIO DE TRANSITABILIDAD VIAL INTERURBANA EN TROCHA CARROZABLE CACHIMARCA - LOS ALISOS  DE CENTRO POBLADO CACHIMARCA DISTRITO DE COCHORCO DE LA PROVINCIA DE SANCHEZ CARRION DEL DEPARTAMENTO DE LA LIBERTAD,CREACION DEL CAMINO VECINAL ENTRE LOS CASERIOS LA COLPA - LA PAMPA - LA VIÑA,  DISTRITO DE COCHORCO - PROVINCIA DE SANCHEZ CARRION - DEPARTAMENTO DE LA LIBERTAD;399000;PEN;3;Subasta Inversa Electrónica;goods;Baja competencia
1200439;20452393493;GOBIERNO REGIONAL DE AYACUCHO SEDE CENTRAL;AYACUCHO;HUAMANGA;CREACION DE TROCHA CARROZABLE TIQUIHUA - PUMA RUMI DEL DISTRITO DE HUALLA - PROVINCIA DE VICTOR FAJARDO - DEPARTAMENTO DE AYACUCHO;77165;PEN;5;Subasta Inversa Electrónica;goods;Baja competencia
1192231;20159308961;MUNICIPALIDAD DISTRITAL DE SAN SEBASTIAN;CUSCO;CUSCO;MEJORAMIENTO DEL SERVICIO DE PRÁCTICA DEPORTIVA Y/O RECREATIVA EN LA APV. LOS NOGALES   DISTRITO DE SAN SEBASTIAN DE LA PROVINCIA DE CUSCO DEL DEPARTAMENTO DE CUSCO;71586.67;PEN;6;Subasta Inversa Electrónica;goods;Baja competencia
1194282;20154491288;MUNICIPALIDAD DISTRITAL DE EL ALGARROBAL;MOQUEGUA;ILO;CREACION DEL SERVICIO DE MOVILIDAD URBANA EN EL JIRON 09 DEL PROMUVI I,   DISTRITO DE EL ALGARROBAL DE LA PROVINCIA DE ILO DEL DEPARTAMENTO DE MOQUEGUA;426030;PEN;7;Licitación Pública Abreviada;goods;Baja competencia
1192257;20154491288;MUNICIPALIDAD DISTRITAL DE EL ALGARROBAL;MOQUEGUA;ILO;CREACION DEL SERVICIO DE MOVILIDAD URBANA EN EL JIRON 09 DEL PROMUVI I,   DISTRITO DE EL ALGARROBAL DE LA PROVINCIA DE ILO DEL DEPARTAMENTO DE MOQUEGUA;274884.5;PEN;3;Licitación Pública Abreviada;goods;Baja competencia
1192468;20218480269;MUNICIPALIDAD DISTRITAL DE LLUMPA;ANCASH;MARISCAL LUZURIAGA;"RENOVACION DE PUENTE; EN EL(LA) CAMINO VECINAL AN-620 (PUENTE INGENIO), EN EL TRAMO DE TRANSITABILIDAD DE LA LOCALIDAD DE LLUMPA,  DISTRITO DE LLUMPA, PROVINCIA MARISCAL LUZURIAGA, DEPARTAMENTO ANCASH";82500;PEN;16;Concurso Público Abreviado;services;Mediana competencia
1200180;20200712146;MUNICIPALIDAD DISTRITAL DE ASILLO;PUNO;AZANGARO;CREACION DE LOS SERVICIOS DE APOYO AL DESARROLLO PRODUCTIVO EN LA PROTECCION CON COBERTURA PARA LA PRODUCCION DE GANADO VACUNO EN LA COMUNIDAD CAMPESINA DE PESQUECUCHO DEL   DISTRITO DE ASILLO DE LA PROVINCIA DE AZANGARO DEL DEPARTAMENTO DE PUNO;56700;PEN;3;Comparación de Precios;goods;Baja competencia
1194063;20519752604;GOBIERNO REGIONAL DE MOQUEGUA SEDE CENTRAL;MOQUEGUA;MARISCAL NIETO;MEJORAMIENTO Y AMPLIACION DEL SERVICIO DE SUMINISTRO ELÉCTRICO DOMICILIARIO EN ZONAS RURALES EN SISTEMA CONVENCIONAL EN EL ANEXO DE COGRI, URAY TAMAÑA   DISTRITO DE OMATE DE LA PROVINCIA DE GENERAL SANCHEZ CERRO DEL DEPARTAMENTO DE MOQUEGUA;124796.82;PEN;6;Subasta Inversa Electrónica;goods;Baja competencia
1193249;20311257235;MUNICIPALIDAD DISTRITAL DE SAN JOSE DEL ALTO;CAJAMARCA;JAEN;CREACION DEL SERVICIO DE PRÁCTICA DEPORTIVA Y/O RECREATIVA EN LA LOCALIDAD DE SAN PATRICIO, DEL   DISTRITO DE SAN JOSE DEL ALTO DE LA PROVINCIA DE JAEN DEL DEPARTAMENTO DE CAJAMARCA;413997.38;PEN;8;Licitación Pública Abreviada;works;Baja competencia
1193970;20181709066;MUNICIPALIDAD PROVINCIAL DE CHUMBIVILCAS - SANTO TOMAS;CUSCO;CHUMBIVILCAS;MEJORAMIENTO DEL SERVICIO RECREATIVO EN EL PARQUE INFANTIL T¿IKACHUMPI DEL  DISTRITO DE SANTO TOMAS - PROVINCIA DE CHUMBIVILCAS - DEPARTAMENTO DE CUSCO;71208;PEN;10;Subasta Inversa Electrónica;goods;Mediana competencia
1194888;20201000361;MUNICIPALIDAD DISTRITAL DE OROPESA - QUISPICANCHIS;CUSCO;QUISPICANCHI;MEJORAMIENTO DE LA TRANSITABILIDAD VEHICULAR Y PEATONAL DE LA APV PEQUEÑOS PROPIETARIOS DE JUAN VELASCO ALVARADO DEL CENTRO POBLADO DE OROPESA DEL  DISTRITO DE OROPESA - PROVINCIA DE QUISPICANCHI - DEPARTAMENTO DE CUSCO;78891.5;PEN;15;Subasta Inversa Electrónica;goods;Mediana competencia
1200604;20199906306;MUNICIPALIDAD DISTRITAL DE SAN JERONIMO - ANDAHUAYLAS;APURIMAC;ANDAHUAYLAS;MEJORAMIENTO DE LOS SERVICIOS OPERATIVOS O MISIONALES INSTITUCIONALES EN PALACIO MUNICIPAL  DE CENTRO POBLADO CHAMPACCOCHA DISTRITO DE SAN JERONIMO DE LA PROVINCIA DE ANDAHUAYLAS DEL DEPARTAMENTO DE APURIMAC;62859.88;PEN;12;Subasta Inversa Electrónica;goods;Mediana competencia
1191701;20178082141;MUNICIPALIDAD DISTRITAL DE IMAZA;AMAZONAS;BAGUA;MEJORAMIENTO DE LOS SERVICIOS DE APOYO AL DESARROLLO PRODUCTIVO EN LA CADENA PRODUCTIVA DE CACAO ORGANICO DE LOS C.P. CHIRIACO, IMACITA, MESONES MURO, TUPAC AMARU, CHIPE DEL   DISTRITO DE IMAZA DE LA PROVINCIA DE BAGUA DEL DEPARTAMENTO DE AMAZONAS;65550;PEN;3;Comparación de Precios;goods;Baja competencia
1194611;20154491873;MUNICIPALIDAD PROVINCIAL DE ILO;MOQUEGUA;ILO;AMPLIACION DEL SERVICIO DE MOVILIDAD URBANA EN LAS VIAS LOCALES DEL A.H. LOS ANGELES, PROMUVI V EN LA PAMPA INALAMBRICA,   DISTRITO DE ILO DE LA PROVINCIA DE ILO DEL DEPARTAMENTO DE MOQUEGUA;283140;PEN;8;Subasta Inversa Electrónica;goods;Baja competencia
1196224;20174816221;MUNICIPALIDAD PROVINCIAL DE TARMA;JUNIN;TARMA;MEJORAMIENTO DEL SERVICIOS DE ESPACIOS PÚBLICOS URBANOS EN EL MIRADOR DE ANTAPAMPA COMUNIDAD CAMPESINA DE VISTA HERMOSA   DISTRITO DE TARMA DE LA PROVINCIA DE TARMA DEL DEPARTAMENTO DE JUNIN;72230;PEN;14;Subasta Inversa Electrónica;goods;Mediana competencia
1195441;20406325815;GOBIERNO REGIONAL DE PUNO SEDE CENTRAL;PUNO;PUNO;MEJORAMIENTO SERVICIO INTEGRAL DE LA INSTITUCION EDUCATIVA SECUNDARIA INDUSTRIAL PERU BIRF  DISTRITO DE SAN MIGUEL - PROVINCIA DE SAN ROMAN - DEPARTAMENTO DE PUNO;68460;PEN;7;Subasta Inversa Electrónica;goods;Baja competencia
1197232;20601625017;MUNICIPALIDAD DISTRITAL DE MEGANTONI;CUSCO;LA CONVENCION;MEJORAMIENTO DE LOS SERVICIOS DE INTERCAMBIO INTERCULTURAL EN LA ZONA SUR DEL  DISTRITO DE MEGANTONI - PROVINCIA DE LA CONVENCION - DEPARTAMENTO DE CUSCO;98000;PEN;4;Subasta Inversa Electrónica;goods;Baja competencia
1193090;20154470108;MUNICIPALIDAD DISTRITAL DE SAMEGUA;MOQUEGUA;MARISCAL NIETO;MEJORAMIENTO DEL SERVICIO DE TRANSITABILIDAD VEHICULAR Y PEATONAL EN LAS ASOCIACIONES DE VIVIENDA SAN MARTIN DE PORRES, LOS CIPRECES Y MINISTERIO DE TRANSPORTES DE LA JUNTA VECINAL CERRILLOS SANTA FORTUNATA DEL  DISTRITO DE SAMEGUA - PROVINCIA DE MARISCAL NIETO - DEPARTAMENTO DE MOQUEGUA;262576;PEN;11;Subasta Inversa Electrónica;goods;Mediana competencia
1196064;20402597918;GOBIERNO REGIONAL DE JUNIN-AGRICULTURA;JUNIN;HUANCAYO;"MEJORAMIENTO DEL SERVICIO DE CATASTRO, TITULACIÓN Y REGISTRO DE PREDIOS RURALES EN TODAS LAS PROVINCIAS Y DISTRITOS DEL DEPARTAMENTO DE JUNÍN;  DISTRITO DE CHANCHAMAYO - PROVINCIA DE CHANCHAMAYO - DEPARTAMENTO DE JUNIN";67500;PEN;6;Concurso Público Abreviado;services;Baja competencia
1192469;20171146209;MUNICIPALIDAD DISTRITAL DE TARAY;CUSCO;CALCA;MEJORAMIENTO DEL SERVICIO DE MOVILIDAD URBANA EN LAS CALLES NUEVA VISTA, HUASCAR, NAVEGANTES DEL CENTRO POBLADO DE MATINGA   DISTRITO DE TARAY DE LA PROVINCIA DE CALCA DEL DEPARTAMENTO DE CUSCO;177455.25;PEN;6;Subasta Inversa Electrónica;goods;Baja competencia
1195474;20198250199;MUNICIPALIDAD DISTRITAL DE CHAVIN DE HUANTAR;ANCASH;HUARI;CREACION DEL SERVICIO DE PROVISIÓN DE AGUA PARA RIEGO EN EL SISTEMA DE RIEGO TECNIFICADO A NIVEL PARCELARIO DEL ANEXO JORO DEL CENTRO POBLADO DE CHICHUCANCHA,   DISTRITO DE CHAVIN DE HUANTAR DE LA PROVINCIA DE HUARI DEL DEPARTAMENTO DE ANCASH;95013.51;PEN;8;Concurso Público Abreviado;services;Baja competencia
1199268;20479393568;UNIVERSIDAD NACIONAL TORIBIO RODRIGUEZ DE MENDOZA DE AMAZONAS;AMAZONAS;CHACHAPOYAS;MEJORAMIENTO Y AMPLIACIÓN DE LOS SERVICIOS DE CTI PARA FORTALECER EL SISTEMA NACIONAL DE CIENCIA, TECNOLOGÍA E INNOVACIÓN;1330;PEN;3;Convenio;goods;Baja competencia
1195999;20145561842;GOBIERNO REGIONAL DE JUNIN - DIRECCION REGIONAL DE PRODUCCION DE JUNIN;JUNIN;HUANCAYO;RECUPERACION DE LOS SERVICIOS DE APOYO AL DESARROLLO PRODUCTIVO EN CAPACIDAD PRODUCTORA DE LAS UNIDADES PRODUCTIVAS DE LA CRIANZA DE TRUCHA Y PECES AMAZONICOS EN LA SIERRA Y SELVA DE LAS 09 PROVINCIAS DEL DEPARTAMENTO DE JUNIN   DISTRITO DE EL TAMBO DE LA PROVINCIA DE HUANCAYO DEL DEPARTAMENTO DE JUNIN;99999.91;PEN;4;Comparación de Precios;goods;Baja competencia
1198294;20165191464;MUNICIPALIDAD DISTRITAL DE KELLUYO;PUNO;CHUCUITO;MEJORAMIENTO DE LOS SERVICIOS DE APOYO AL DESARROLLO PRODUCTIVO EN LA CADENA PRODUCTIVA DE CAMELIDOS SUDAMERICANOS DE LA ZONA ALTA DEL   DISTRITO DE KELLUYO DE LA PROVINCIA DE CHUCUITO DEL DEPARTAMENTO DE PUNO;83840;PEN;3;Comparación de Precios;goods;Baja competencia
1197568;20159386415;MUNICIPALIDAD DISTRITAL DE QUIQUIJANA;CUSCO;QUISPICANCHI;MEJORAMIENTO DEL SERVICIO DE PRÁCTICA DEPORTIVA Y/O RECREATIVA EN LA COMUNIDAD CAMPESINA DE QUIQUIJANA,   DISTRITO DE QUIQUIJANA DE LA PROVINCIA DE QUISPICANCHI DEL DEPARTAMENTO DE CUSCO;84367.5;PEN;16;Subasta Inversa Electrónica;goods;Mediana competencia
1199552;20284157967;MUNICIPALIDAD DISTRITAL DE CHIMBAN;CAJAMARCA;CHOTA;INSTALACION DEL SISTEMA DE AGUA POTABLE Y DISPOSICION SANITARIA DE EXCRETAS EN EL CASERIO DE CHONTAS, DISTRITO DE CHIMBAN - CHOTA - CAJAMARCA;244574.31;PEN;10;Concurso Público Abreviado;services;Mediana competencia
1192416;20195499765;MUNICIPALIDAD DISTRITAL DE OCONGATE;CUSCO;QUISPICANCHI;INSTALACION Y MEJORAMIENTO DE LOS ESPACIOS DEPORTIVOS EN OCHO COMUNIDADES CAMPESINAS DEL, DISTRITO DE OCONGATE - QUISPICANCHI - CUSCO;108000;PEN;37;Licitación Pública Abreviada;goods;Alta competencia
1205421;20477936882;PROGRAMA DE DESARROLLO PRODUCTIVO AGRARIO RURAL - AGRO RURAL;LIMA;LIMA;MEJORAMIENTO DEL SERVICIO DE APOYO AL DESARROLLO PRODUCTIVO EN LA CRIANZA DE ANIMALES MENORES (AVES DE CORRAL, OVINOS, CERDOS), TUBERCULOS Y GRANOS EN 32 SECTORES EN LOS DISTRITOS DE IBERIA, IÑAPARI Y TAHUAMANU DE LA  PROVINCIA DE TAHUAMANU - DEPARTAMENTO DE MADRE DE DIOS,RECUPERACION DE ECOSISTEMAS FORESTALES BAJO SISTEMAS SILVOPASTORILES, IMPACTADOS POR ACTIVIDADES ANTRÓPICAS EN LOS DISTRITOS DE TAHUAMANU, IBERIA Y IÑAPARI DE LA  PROVINCIA DE TAHUAMANU - DEPARTAMENTO DE MADRE DE DIOS;232000;PEN;16;Concurso Público Abreviado;services;Mediana competencia
1197779;20147682469;MUNICIPALIDAD DISTRITAL DE BELLA UNION;AREQUIPA;CARAVELI;"REPARACION DE LINEA DE CONDUCCION; EN EL(LA) DE 05 PASES AEREOS EN EL DISTRITO DE BELLA UNION  DISTRITO DE BELLA UNION, PROVINCIA CARAVELI, DEPARTAMENTO AREQUIPA";88650;PEN;3;Comparación de Precios;services;Baja competencia
1193389;20191940513;MUNICIPALIDAD DISTRITAL DE CULEBRAS;ANCASH;HUARMEY;MEJORAMIENTO DE LOS SERVICIOS DE ESPACIOS PÚBLICOS URBANOS EN PARQUE SANTA ROSA   DISTRITO DE CULEBRAS DE LA PROVINCIA DE HUARMEY DEL DEPARTAMENTO DE ANCASH;313482.54;PEN;9;Licitación Pública Abreviada;works;Baja competencia
1194274;20408560137;GOBIERNO REGIONAL DE LORETO - GERENCIA SUB REGIONAL ALTO AMAZONAS YURIMAGUAS;LORETO;ALTO AMAZONAS;MEJORAMIENTO DEL SERVICIO DE APOYO AL DESARROLLO PRODUCTIVO PISCÍCOLA EN EN EL SECTOR CARRETERO YURIMAGUAS - JEBERILLOS DEL DISTRITO DE YURIMAGUAS - PROVINCIA DE ALTO AMAZONAS - DEPARTAMENTO DE LORETO;1671225.57;PEN;9;Concurso Público de Servicios;services;Baja competencia
1194539;20181709066;MUNICIPALIDAD PROVINCIAL DE CHUMBIVILCAS - SANTO TOMAS;CUSCO;CHUMBIVILCAS;MEJORAMIENTO DEL SERVICIO DE EDUCACION INICIAL DE LA I.E. N° 519 DEL  DISTRITO DE COLQUEMARCA - PROVINCIA DE CHUMBIVILCAS - DEPARTAMENTO DE CUSCO;160000;PEN;27;Concurso Público Abreviado;services;Alta competencia
1197734;20199906306;MUNICIPALIDAD DISTRITAL DE SAN JERONIMO - ANDAHUAYLAS;APURIMAC;ANDAHUAYLAS;MEJORAMIENTO DEL EMPALME DE LOS CAMINOS VECINAL AP-665, AP-669, AP-670, AP-659 Y AP-657 DE LAS LOCALIDADES DE UNION CHUMBAO, TOTORAL, SONDOR, HUALLUCANCHA, PACOBAMBA, ÑAHUINCUCHO, SAN JUAN, ABANCAY HUAYCCO, CHOCCECANCHA, CHULLCUISA Y SANTA ROSA, 11 LOCALIDADES DEL DISTRITO DE SAN JERONIMO - PROVINCIA DE ANDAHUAYLAS - DEPARTAMENTO DE APURIMAC;206254.19;PEN;3;Subasta Inversa Electrónica;goods;Baja competencia
1197900;20146247084;MUNICIPALIDAD PROVINCIAL DE PUNO;PUNO;PUNO;MEJORAMIENTO Y AMPLIACION DEL SERVICIO DE AGUA POTABLE Y SANEAMIENTO RURAL EN LAS COMUNIDADES DE AHUAYLLANI, PUSALAYA Y LOS SECTORES DEL CENTRO POBLADO DE ICHU DEL DISTRITO DE PUNO - PROVINCIA DE PUNO - DEPARTAMENTO DE PUNO;99454;PEN;3;Comparación de Precios;goods;Baja competencia
1200800;20159316981;GOBIERNO REGIONAL DE CUSCO-INSTITUTO DE MANEJO DE AGUA Y MEDIO AMBIENTE( IMA);CUSCO;CUSCO;RECUPERACION DEL SERVICIO  ECOSISTEMICO DE REGULACIÓN HIDRICA EN LAS MICROCUENCAS DE TOCCOHUANCA, LLANCAMA, LLANQUEMAYO, TAUCABAMBA Y MISKAHUAYCCO DE LA CUENCA MEDIA DEL APURIMAC - EN LOS DISTRITOS DE PARURO, OMACHA, PILLPINTO Y CHINCHAYPUJIO EN LAS PROVINCIAS DE ANTA Y PARURO DEL  DEPARTAMENTO DE CUSCO;210600;PEN;23;Concurso Público Abreviado;services;Alta competencia
1195269;20159386253;MUNICIPALIDAD DISTRITAL DE SAN JERONIMO - CUSCO;CUSCO;CUSCO;CREACION DEL SERVICIO DE PROVISIÓN DE AGUA PARA RIEGO EN EL SECTOR FALCHAYOC-PUCACCASA DE LA ASOCIACION PATAPATA LIRCAY Y PUNAS DE HUACCOTO   DISTRITO DE SAN JERONIMO DE LA PROVINCIA DE CUSCO DEL DEPARTAMENTO DE CUSCO;101243.9;PEN;16;Subasta Inversa Electrónica;goods;Mediana competencia
1198059;20161209792;MUNICIPALIDAD DISTRITAL DE VELILLE;CUSCO;CHUMBIVILCAS;MEJORAMIENTO DE LOS SERVICIOS DE APOYO AL DESARROLLO PRODUCTIVO EN PROMOCIÓN COMERCIAL DE LOS PRODUCTORES AGROPECUARIOS, AGROINDUSTRIALES Y ARTESANALES EN EL ,    DISTRITO DE VELILLE DE LA PROVINCIA DE CHUMBIVILCAS DEL DEPARTAMENTO DE CUSCO;97327;PEN;3;Comparación de Precios;goods;Baja competencia
1192446;20182121453;MUNICIPALIDAD DISTRITAL DE RIO SANTIAGO;AMAZONAS;CONDORCANQUI;"CREACION DEL SERVICIO DE TRÁNSITO PEATONAL INTERURBANO O RURAL EN EN EL PUENTE PEATONAL ""MANUEL ANTUASH NANTIP""  DE CENTRO POBLADO CANDUNGOS DISTRITO DE RIO SANTIAGO DE LA PROVINCIA DE CONDORCANQUI DEL DEPARTAMENTO DE AMAZONAS";1450900.01;PEN;4;Licitación Pública Abreviada;works;Baja competencia
1193055;20201596859;MUNICIPALIDAD DISTRITAL DE JOSE SABOGAL;CAJAMARCA;SAN MARCOS;CREACION DEL SERVICIO DE TRANSITABILIDAD DE LA TROCHA CARROZABLE ENTRE ANEXO CHIUCA Y PAY PAY DEL C.P. MATIBAMBA DEL  DISTRITO DE JOSE SABOGAL - PROVINCIA DE SAN MARCOS - DEPARTAMENTO DE CAJAMARCA;105026;PEN;2;Subasta Inversa Electrónica;goods;Baja competencia
1193057;20146920374;MUNICIPALIDAD DISTRITAL DE SANTA CRUZ - HUAYLAS;ANCASH;HUAYLAS;MEJORAMIENTO Y AMPLIACION DEL SERVICIO DE AGUA POTABLE RURAL Y MEJORAMIENTO Y AMPLIACION DEL SERVICIO DE ALCANTARILLADO U OTRAS FORMAS DE DISPOSICIÓN SANITARIA DE EXCRETAS EN LA LOCALIDAD DE YUNGAYPAMPA DEL   DISTRITO DE SANTA CRUZ DE LA PROVINCIA DE HUAYLAS DEL DEPARTAMENTO DE ANCASH;1511872.51;PEN;8;Licitación Pública Abreviada;works;Baja competencia
1198216;20452393493;GOBIERNO REGIONAL DE AYACUCHO SEDE CENTRAL;AYACUCHO;HUAMANGA;MEJORAMIENTO Y AMPLIACION DE LA CARRETERA EMP. PE ¿ 32A (MINASCUCHO) ¿ LLACHOCCMAYO - ALLPACHACA ¿ MUNAYPATA - EMP. AY-106 (ROSASPATA), DISTRITOS DE CHIARA, LOS MOROCHUCOS Y VINCHOS DE LAS PROVINCIAS DE HUAMANGA Y CANGALLO DEL  DEPARTAMENTO DE AYACUCHO;99940;PEN;3;Comparación de Precios;goods;Baja competencia
1193512;20159308961;MUNICIPALIDAD DISTRITAL DE SAN SEBASTIAN;CUSCO;CUSCO;CREACION DEL SERVICIO DE MOVILIDAD URBANA EN LA APV. VILLA REAL DEL SECTOR DE ALTO QOSQO DEL  DISTRITO DE SAN SEBASTIAN - PROVINCIA DE CUSCO - DEPARTAMENTO DE CUSCO;63275.7;PEN;8;Subasta Inversa Electrónica;goods;Baja competencia
1191684;20211874296;MUNICIPALIDAD DISTRITAL DE SOROCHUCO;CAJAMARCA;CELENDIN;"ADQUISICION DE TERRENO; EN EL(LA) PATIO DE MÁQUINAS  DISTRITO DE SOROCHUCO, PROVINCIA CELENDIN, DEPARTAMENTO CAJAMARCA";250976;PEN;1;Contratación Directa;goods;Baja competencia
1197025;20519752515;GOBIERNO REGIONAL DE TACNA SEDE CENTRAL;TACNA;TACNA;MEJORAMIENTO DEL SERVICIO EDUCATIVO EN EL NIVEL INICIAL Y PRIMARIO DE LA I.E. N°42259 - ANEXO MORRO SAMA ,  DISTRITO DE SAMA - PROVINCIA DE TACNA - DEPARTAMENTO DE TACNA;69846.48;PEN;3;Comparación de Precios;goods;Baja competencia
1199821;20407307292;GOBIERNO REGIONAL DE AYACUCHO-AGRICULTURA;AYACUCHO;HUAMANGA;MEJORAMIENTO Y AMPLIACION DE LOS SERVICIOS DE APOYO A LA PRODUCCION BOVINA DE LECHE EN LOS 4 DISTRITOS DE LA PROVINCIA DE HUANCA SANCOS - DEPARTAMENTO DE AYACUCHO;63676.2;PEN;3;Comparación de Precios;goods;Baja competencia
1196041;20161209792;MUNICIPALIDAD DISTRITAL DE VELILLE;CUSCO;CHUMBIVILCAS;MEJORAMIENTO DE LOS SERVICIOS DE APOYO AL DESARROLLO PRODUCTIVO EN PROMOCIÓN COMERCIAL DE LOS PRODUCTORES AGROPECUARIOS, AGROINDUSTRIALES Y ARTESANALES EN EL ,    DISTRITO DE VELILLE DE LA PROVINCIA DE CHUMBIVILCAS DEL DEPARTAMENTO DE CUSCO;187000;PEN;4;Licitación Pública Abreviada;goods;Baja competencia
1193851;20452393493;GOBIERNO REGIONAL DE AYACUCHO SEDE CENTRAL;AYACUCHO;HUAMANGA;"CONSTRUCCION DE DIQUE; EN EL(LA) RECARGA HIDRICA  PARA LA UNIDAD PRODUCTORA DEL SISTEMA DE RIEGO QUITURARA EN LA LOCALIDAD QUITURARA, DISTRITO DE HUAMANGUILLA, PROVINCIA HUANTA, DEPARTAMENTO AYACUCHO";151959.94;PEN;16;Subasta Inversa Electrónica;goods;Mediana competencia
1194883;20201000361;MUNICIPALIDAD DISTRITAL DE OROPESA - QUISPICANCHIS;CUSCO;QUISPICANCHI;MEJORAMIENTO Y AMPLIACION DE LOS SERVICIOS DE AGUA POTABLE, ALCANTARILLADO Y TRATAMIENTO DE AGUAS RESIDUALES EN LA LOCALIDAD DE OSCCOLLOCCO, CENTRO POBLADO DE HUASAO DEL DISTRITO DE OROPESA - PROVINCIA DE QUISPICANCHI - DEPARTAMENTO DE CUSCO;52140;PEN;7;Subasta Inversa Electrónica;goods;Baja competencia
1197784;20407307292;GOBIERNO REGIONAL DE AYACUCHO-AGRICULTURA;AYACUCHO;HUAMANGA;MEJORAMIENTO DE LA CADENA PRODUCTIVA BOVINO DE LECHE Y DERIVADOS EN LOS 8 DISTRITOS DE LA  PROVINCIA DE VILCAS HUAMAN - DEPARTAMENTO DE AYACUCHO;47150;PEN;3;Comparación de Precios;goods;Baja competencia
1193889;20131378034;MUNICIPALIDAD DISTRITAL DE SAN JUAN DE LURIGANCHO;LIMA;LIMA;MEJORAMIENTO DEL SERVICIO DE TRANSITABILIDAD VEHICULAR Y PEATONAL EN EL PROGRAMA CIUDAD MARISCAL CACERES SECTOR II, BARRIO 1 GRUPO RESIDENCIAL F Y BARRIO 2 GRUPO RESIDENCIAL G, K, L, N, O, Q, Y R, SAN JUAN DE LURIGANCHO DEL DISTRITO DE SAN JUAN DE LURIGANCHO - PROVINCIA DE LIMA - DEPARTAMENTO DE LIMA;162972.4;PEN;16;Concurso Público Abreviado;services;Mediana competencia
1192905;20159386253;MUNICIPALIDAD DISTRITAL DE SAN JERONIMO - CUSCO;CUSCO;CUSCO;CREACION DEL SERVICIO DE ACCESIBILIDAD A LA ADQUISICIÓN DE PRODUCTOS DE PRIMERA NECESIDAD EN LA COMUNIDAD CAMPESINA DE CCACHUPATA   DISTRITO DE SAN JERONIMO DE LA PROVINCIA DE CUSCO DEL DEPARTAMENTO DE CUSCO;61450;PEN;10;Licitación Pública Abreviada;goods;Mediana competencia
1199098;20170327129;MUNICIPALIDAD DISTRITAL DE QUELLOUNO;CUSCO;LA CONVENCION;CREACION DEL SERVICIO DE AGUA PARA RIEGO EN LOS SECTORES DE PARIATO, MARURI Y SANTUSAIRES DEL DISTRITO DE QUELLOUNO - PROVINCIA DE LA CONVENCION - DEPARTAMENTO DE CUSCO;71650;PEN;2;Subasta Inversa Electrónica;goods;Baja competencia
1197850;20407307292;GOBIERNO REGIONAL DE AYACUCHO-AGRICULTURA;AYACUCHO;HUAMANGA;MEJORAMIENTO DE LOS SERVICIOS DE LA PRODUCCION BOVINA DE  LECHE EN LA PROVINCIA DE LUCANAS,- REGION AYACUCHO;63865;PEN;3;Comparación de Precios;goods;Baja competencia
1198398;20182314928;MUNICIPALIDAD DISTRITAL DE INCLAN;TACNA;TACNA;MEJORAMIENTO DE LOS SERVICIOS DE APOYO AL DESARROLLO PRODUCTIVO EN LA CADENA PRODUCTIVA DE  BOVINOS EN LA TRANSFORMACION Y COMERCIALIZACION DE LECHE Y DERIVADOS LACTEOS EN EL   DISTRITO DE INCLAN DE LA PROVINCIA DE TACNA DEL DEPARTAMENTO DE TACNA;65000;PEN;3;Comparación de Precios;goods;Baja competencia
1196426;20154442589;MUNICIPALIDAD DISTRITAL DE CONGALLA;HUANCAVELICA;ANGARAES;MEJORAMIENTO DEL SERVICIOS DE ESPACIOS PÚBLICOS URBANOS EN LA PLAZA PRINCIPAL DEL CENTRO POBLADO DE LIRCAYCCASA   DISTRITO DE CONGALLA DE LA PROVINCIA DE ANGARAES DEL DEPARTAMENTO DE HUANCAVELICA;102060;PEN;12;Subasta Inversa Electrónica;goods;Mediana competencia
1195561;20195270938;MUNICIPALIDAD DISTRITAL DE SAN GABAN;PUNO;CARABAYA;MEJORAMIENTO DE LOS SERVICIOS EDUCATIVOS  DE LA IEP 72184 GLORIOSO FRANCISCO BOLOGNESI, DEL  DISTRITO DE SAN GABAN - PROVINCIA DE CARABAYA - DEPARTAMENTO DE PUNO;304139;PEN;11;Subasta Inversa Electrónica;goods;Mediana competencia
1193260;20204176681;MUNICIPALIDAD DISTRITAL DE USICAYOS;PUNO;CARABAYA;CREACION DEL SERVICIO DE PRÁCTICA DEPORTIVA Y/O RECREATIVA EN COMPLEJO DEPORTIVO DE USICAYOS EN LA LOCALIDAD DE USICAYOS DEL   DISTRITO DE USICAYOS DE LA PROVINCIA DE CARABAYA DEL DEPARTAMENTO DE PUNO;140000;PEN;17;Concurso Público Abreviado;services;Mediana competencia
1197403;20189921838;MUNICIPALIDAD DISTRITAL DE MARANGANI;CUSCO;CANCHIS;"CONSTRUCCION DE ESPACIO DEPORTIVO CON COBERTURA Y SERVICIOS HIGIENICOS Y/O VESTIDORES; EN EL(LA) LOSA MULTIDEPORTIVA Y RECREATIVA DE LA COMUNIDAD DE HUISCACHANI DEL  DISTRITO DE MARANGANI, PROVINCIA CANCHIS, DEPARTAMENTO CUSCO";308333.33;PEN;30;Concurso Público Abreviado;services;Alta competencia
1192672;20142747155;MUNICIPALIDAD PROVINCIAL DE HUARMEY;ANCASH;HUARMEY;MEJORAMIENTO DEL RESERVORIO PARA RIEGO EN EL SECTOR DE RAMBRAC DE LA LOCALIDAD DE MALVAS -  DISTRITO DE MALVAS - PROVINCIA DE HUARMEY - DEPARTAMENTO DE ANCASH;900682.96;PEN;11;Licitación Pública Abreviada;works;Mediana competencia
1198498;20199906306;MUNICIPALIDAD DISTRITAL DE SAN JERONIMO - ANDAHUAYLAS;APURIMAC;ANDAHUAYLAS;MEJORAMIENTO DE LOS SERVICIOS OPERATIVOS O MISIONALES INSTITUCIONALES EN PALACIO MUNICIPAL  DE CENTRO POBLADO CHAMPACCOCHA DISTRITO DE SAN JERONIMO DE LA PROVINCIA DE ANDAHUAYLAS DEL DEPARTAMENTO DE APURIMAC;171848.33;PEN;12;Subasta Inversa Electrónica;goods;Mediana competencia
1196709;20105266988;MUNICIPALIDAD PROVINCIAL DE MORROPON - CHULUCANAS;PIURA;MORROPON;MEJORAMIENTO DE LA PLAZUELA DEL CASERÍO PAPELILLO DEL DISTRITO DE CHULUCANAS - PROVINCIA DE MORROPON - DEPARTAMENTO DE PIURA;69825;PEN;8;Subasta Inversa Electrónica;goods;Baja competencia
1197589;20162161866;MUNICIPALIDAD DISTRITAL DE OLLACHEA;PUNO;CARABAYA;MEJORAMIENTO DEL SERVICIO DE PRÁCTICA DEPORTIVA Y/O RECREATIVA EN ESTADIO CENTRO POBLADO DE QUICHO   DISTRITO DE OLLACHEA DE LA PROVINCIA DE CARABAYA DEL DEPARTAMENTO DE PUNO;475785.8;PEN;12;Licitación Pública Abreviada;goods;Mediana competencia
1192202;20159308961;MUNICIPALIDAD DISTRITAL DE SAN SEBASTIAN;CUSCO;CUSCO;CONSTRUCCION DEL COMPLEJO RECREACIONAL TEMATICO EN LA APV CACHIMAYO-LA PLANICIE, DISTRITO DE SAN SEBASTIAN - CUSCO - CUSCO;418506.67;PEN;6;Subasta Inversa Electrónica;goods;Baja competencia
1197778;20147682469;MUNICIPALIDAD DISTRITAL DE BELLA UNION;AREQUIPA;CARAVELI;"REPARACION DE LINEA DE CONDUCCION; EN EL(LA) DE 05 PASES AEREOS EN EL DISTRITO DE BELLA UNION  DISTRITO DE BELLA UNION, PROVINCIA CARAVELI, DEPARTAMENTO AREQUIPA";52850;PEN;3;Comparación de Precios;services;Baja competencia
1192830;20486021692;GOBIERNO REGIONAL DE JUNIN SEDE CENTRAL;JUNIN;HUANCAYO;"ADQUISICION DE SISTEMA DE MANDO Y CONTROL Y AFORADOR; EN EL(LA) PARA INFRAESTRUCTURA PARA 19 SISTEMAS DE RIEGO, EN 4 DISTRITOS DE LA REGION JUNIN  DISTRITO DE CHANCHAMAYO, PROVINCIA CHANCHAMAYO, DEPARTAMENTO JUNIN";484062;PEN;13;Licitación Pública Abreviada;goods;Mediana competencia
1194535;20148261572;MUNICIPALIDAD PROVINCIAL DE SAN IGNACIO;CAJAMARCA;SAN IGNACIO;CREACION DE LOS SERVICIOS OPERATIVOS O MISIONALES INSTITUCIONALES EN LA LOCALIDAD DE SEÑOR DE LOS MILAGROS   DISTRITO DE SAN IGNACIO DE LA PROVINCIA DE SAN IGNACIO DEL DEPARTAMENTO DE CAJAMARCA;696955.18;PEN;6;Licitación Pública Abreviada;works;Baja competencia
1196068;20368807916;GOBIERNO REGIONAL DE CAJAMARCA - GERENCIA SUB REGIONAL JAEN;CAJAMARCA;JAEN;"RENOVACION DE SISTEMA DE ABASTECIMIENTO DE AGUA POTABLE Y RED DE ALCANTARILLADO; EN EL(LA) HABILITACION URBANA EL EDEN, EL ASENTAMIENTO HUMANO SAN MARTIN DE PORRAS II ETAPA Y CALLES ALEDAÑAS EN EL DISTRITO DE JAEN - PROVINCIA DE JAEN - DEPARTAMENTO DE CAJAMARCA  DISTRITO DE JAEN, PROVINCIA JAEN, DEPARTAMENTO CAJAMARCA";4175125.62;PEN;24;Licitación Pública Abreviada;works;Alta competencia
1199138;20226560824;MUNICIPALIDAD DISTRITAL DE CCATCCA;CUSCO;QUISPICANCHI;MEJORAMIENTO DEL SERVICIO DE CAMPO DEPORTIVO EN EL CENTRO POBLADO DE KCAURI DEL DISTRITO DE CCATCA - PROVINCIA DE QUISPICANCHI - DEPARTAMENTO DE CUSCO;56716;PEN;3;Comparación de Precios;goods;Baja competencia
1192850;20201520364;MUNICIPALIDAD DISTRITAL DE MARA;APURIMAC;COTABAMBAS;MEJORAMIENTO DEL SERVICIO DE SEGURIDAD CIUDADANA DEL  DISTRITO DE MARA - PROVINCIA DE COTABAMBAS - DEPARTAMENTO DE APURIMAC;240000;PEN;21;Licitación Pública Abreviada;goods;Alta competencia
1196043;20187459258;MUNICIPALIDAD PROVINCIAL DE LA CONVENCION - SANTA ANA;CUSCO;LA CONVENCION;MEJORAMIENTO Y AMPLIACION DE LOS RECURSOS FORESTALES MADERABLES Y NO MADERABLES EN EL AMBITO DE LA CUENCA DE CHUYAPI Y SAMBARAY DEL DISTRITO DE SANTA ANA - PROVINCIA DE LA CONVENCION - DEPARTAMENTO DE CUSCO;56755;PEN;4;Comparación de Precios;goods;Baja competencia
1200318;20477936882;PROGRAMA DE DESARROLLO PRODUCTIVO AGRARIO RURAL - AGRO RURAL;LIMA;LIMA;MEJORAMIENTO DEL SERVICIO DE APOYO AL DESARROLLO PRODUCTIVO EN LA CRIANZA DE ANIMALES MENORES (AVES DE CORRAL, OVINOS, CERDOS), TUBERCULOS Y GRANOS EN 32 SECTORES EN LOS DISTRITOS DE IBERIA, IÑAPARI Y TAHUAMANU DE LA  PROVINCIA DE TAHUAMANU - DEPARTAMENTO DE MADRE DE DIOS,RECUPERACION DE ECOSISTEMAS FORESTALES BAJO SISTEMAS SILVOPASTORILES, IMPACTADOS POR ACTIVIDADES ANTRÓPICAS EN LOS DISTRITOS DE TAHUAMANU, IBERIA Y IÑAPARI DE LA  PROVINCIA DE TAHUAMANU - DEPARTAMENTO DE MADRE DE DIOS;232000;PEN;16;Concurso Público Abreviado;services;Mediana competencia
1190955;20146920374;MUNICIPALIDAD DISTRITAL DE SANTA CRUZ - HUAYLAS;ANCASH;HUAYLAS;MEJORAMIENTO Y AMPLIACION DEL SERVICIO DE AGUA POTABLE RURAL Y MEJORAMIENTO Y AMPLIACION DEL SERVICIO DE ALCANTARILLADO U OTRAS FORMAS DE DISPOSICIÓN SANITARIA DE EXCRETAS EN LA LOCALIDAD DE YUNGAYPAMPA DEL   DISTRITO DE SANTA CRUZ DE LA PROVINCIA DE HUAYLAS DEL DEPARTAMENTO DE ANCASH;75328.35;PEN;7;Concurso Público Abreviado;services;Baja competencia
1195722;20611816953;AUTORIDAD NACIONAL DE INFRAESTRUCTURA;LIMA;LIMA;MEJORAMIENTO DE LA COBERTURA DE LOS SERVICIOS DE SALUD DEL HOSPITAL ERNESTO GERMAN GUZMAN GONZALES PROVINCIA DE OXAPAMPA,DEPARTAMENTO DE PASCO, REGION PASCO;100000;PEN;8;Concurso Público Abreviado;services;Baja competencia
1198673;20477936882;PROGRAMA DE DESARROLLO PRODUCTIVO AGRARIO RURAL - AGRO RURAL;LIMA;LIMA;MEJORAMIENTO DE LA CADENA DE VALOR DEL  PALTO EN LAS LOCALIDADES INTERANDINAS DE 5 PROVINCIAS DEL DEPARTAMENTO DE JUNIN;44539.45;PEN;15;Licitación Pública Abreviada;goods;Mediana competencia
1197775;20530689019;GOBIERNO REGIONAL DE ANCASH - SEDE CENTRAL;ANCASH;HUARAZ;MEJORAMIENTO Y REMODELACIÓN DE LOS SERVICIOS EDUCATIVOS DE LA GRAN UNIDAD ESCOLAR MARISCAL TORIBIO DE LUZURIAGA, DISTRITO DE INDEPENDENCIA, PROVINCIA DE HUARAZ - ANCASH;172144077.5;PEN;38;Licitación Pública;works;Alta competencia
1198386;20498390570;GOBIERNO REGIONAL DE AREQUIPA Sede Central;AREQUIPA;AREQUIPA;MEJORAMIENTO DE LOS SERVICIOS EDUCATIVOS EN EL NIVEL SECUNDARIA DE LA INSTITUCION EDUCATIVA SEBASTIAN BARRANCA, DEL DISTRITO DE CAMANA - PROVINCIA DE CAMANA - DEPARTAMENTO DE AREQUIPA;145903.55;PEN;4;Subasta Inversa Electrónica;goods;Baja competencia
1200322;20159316981;GOBIERNO REGIONAL DE CUSCO-INSTITUTO DE MANEJO DE AGUA Y MEDIO AMBIENTE( IMA);CUSCO;CUSCO;RECUPERACION DEL SERVICIO  ECOSISTEMICO DE REGULACIÓN HIDRICA EN LAS MICROCUENCAS DE TOCCOHUANCA, LLANCAMA, LLANQUEMAYO, TAUCABAMBA Y MISKAHUAYCCO DE LA CUENCA MEDIA DEL APURIMAC - EN LOS DISTRITOS DE PARURO, OMACHA, PILLPINTO Y CHINCHAYPUJIO EN LAS PROVINCIAS DE ANTA Y PARURO DEL  DEPARTAMENTO DE CUSCO;157218.36;PEN;23;Concurso Público Abreviado;services;Alta competencia
1199529;20609530279;FOMENTO Y GESTIÓN SOSTENIBLE DE LA PRODUCCIÓN FORESTAL EN EL PERÚ;LIMA;LIMA;MEJORAMIENTO Y AMPLIACION DEL ORDENAMIENTO DEL PATRIMONIO FORESTAL EN 9 DEPARTAMENTOS;60000;PEN;1;Convenio;services;Baja competencia
1197849;20527141762;GOBIERNO REGIONAL DE APURIMAC SEDE CENTRAL;APURIMAC;ABANCAY;MEJORAMIENTO DE LA OFERTA DE SERVICIOS EDUCATIVOS DE LA IES FRANCISCO BOLOGNESI DE HUAYO, DISTRITO DE CURPAHUASI, PROVINCIA DE GRAU, REGION APURIMAC;411591.5;PEN;16;Subasta Inversa Electrónica;goods;Mediana competencia
1202198;20200966083;MUNICIPALIDAD DISTRITAL DE ASUNCION - CHACHAPOYAS;AMAZONAS;CHACHAPOYAS;MEJORAMIENTO Y AMPLIACION DEL SERVICIO DE AGUA POTABLE RURAL Y MEJORAMIENTO Y AMPLIACION DEL SERVICIO DE ALCANTARILLADO U OTRAS FORMAS DE DISPOSICIÓN SANITARIA DE EXCRETAS EN LAS LOCALIDADES DE POLLAN Y VISTA HERMOSA   DISTRITO DE ASUNCION DE LA PROVINCIA DE CHACHAPOYAS DEL DEPARTAMENTO DE AMAZONAS;302326.62;PEN;2;Contratación Directa;services;Baja competencia
1201738;20282911915;MUNICIPALIDAD DISTRITAL DE NUEVO CHIMBOTE;ANCASH;SANTA;CREACION DEL SERVICIO DE RECREACION Y ESPARCIMIENTO EN LA MZ. K LOTE 1 DEL A.H. VISTA ALEGRE DEL DISTRITO DE NUEVO CHIMBOTE - PROVINCIA DE SANTA - DEPARTAMENTO DE ANCASH;4626953.68;PEN;10;Licitación Pública Abreviada;works;Mediana competencia
1194462;20201191280;MUNICIPALIDAD DISTRITAL DE VITOC;JUNIN;CHANCHAMAYO;MEJORAMIENTO DEL SERVICIO DE MOVILIDAD URBANA EN PISTAS Y VEREDAS DEL CENTRO POBLADO DE ANTALOMA,  DISTRITO DE VITOC - PROVINCIA DE CHANCHAMAYO - DEPARTAMENTO DE JUNIN;147868.25;PEN;9;Subasta Inversa Electrónica;goods;Baja competencia
1197261;20161209792;MUNICIPALIDAD DISTRITAL DE VELILLE;CUSCO;CHUMBIVILCAS;MEJORAMIENTO DE LOS SERVICIOS DE APOYO AL DESARROLLO PRODUCTIVO EN PROMOCIÓN COMERCIAL DE LOS PRODUCTORES AGROPECUARIOS, AGROINDUSTRIALES Y ARTESANALES EN EL ,    DISTRITO DE VELILLE DE LA PROVINCIA DE CHUMBIVILCAS DEL DEPARTAMENTO DE CUSCO;64000;PEN;3;Comparación de Precios;goods;Baja competencia
1192758;20177217043;MUNICIPALIDAD PROVINCIAL DEL CUSCO;CUSCO;CUSCO;MEJORAMIENTO DEL SERVICIO DE TRANSITABILIDAD VEHICULAR Y PEATONAL EN LA AVENIDA HUANACAURI DE LA COMUNIDAD CAMPESINA DE PILLAO MATAO DEL DISTRITO DE SAN JERONIMO - PROVINCIA DE CUSCO - DEPARTAMENTO DE CUSCO;1101727.95;PEN;8;Subasta Inversa Electrónica;goods;Baja competencia
1192186;20527141762;GOBIERNO REGIONAL DE APURIMAC SEDE CENTRAL;APURIMAC;ABANCAY;MEJORAMIENTO DE LA OFERTA DE SERVICIOS EDUCATIVOS DE LA IES FRANCISCO BOLOGNESI DE HUAYO, DISTRITO DE CURPAHUASI, PROVINCIA DE GRAU, REGION APURIMAC;234855;PEN;25;Licitación Pública Abreviada;goods;Alta competencia
1190483;20195406937;MUNICIPALIDAD DISTRITAL DE PAUCAS;ANCASH;HUARI;"REPARACION DE CAPTACION DE AGUA  Y PTAR; RENOVACION DE RED DE ALCANTARILLADO; EN EL(LA) LOCALIDAD DE VILCABAMBA  DISTRITO DE PAUCAS, PROVINCIA HUARI, DEPARTAMENTO ANCASH";651251.22;PEN;9;Licitación Pública Abreviada;works;Baja competencia
1194004;20519752604;GOBIERNO REGIONAL DE MOQUEGUA SEDE CENTRAL;MOQUEGUA;MARISCAL NIETO;MEJORAMIENTO DEL SERVICIO DE SUMINISTRO ELÉCTRICO DOMICILIARIO EN ZONAS URBANAS  EN 4 UNIDADES PRODUCTORAS   DISTRITO DE ILO DE LA PROVINCIA DE ILO DEL DEPARTAMENTO DE MOQUEGUA;126310;PEN;6;Subasta Inversa Electrónica;goods;Baja competencia
1198853;20288774553;MUNICIPALIDAD DISTRITAL DE CHALLHUAHUACHO;APURIMAC;COTABAMBAS;MEJORAMIENTO Y AMPLIACION DEL SERVICIO DE ATENCIÓN Y PROMOCIÓN DE LAS FAMILIAS EN LA COMUNIDAD DE CCASA DEL   DISTRITO DE CHALLHUAHUACHO DE LA PROVINCIA DE COTABAMBAS DEL DEPARTAMENTO DE APURIMAC;121776;PEN;11;Subasta Inversa Electrónica;goods;Mediana competencia
1196793;20199860551;GOBIERNO REGIONAL DE PUNO-PROGRAMA REGIONAL DE RIEGO Y DRENAJE;PUNO;PUNO;CREACION DEL SERVICIO DE AGUA PARA RIEGO TECNIFICADO EN LAS COMUNIDADES DE IPARO, ARICATO, QUENEQUE, MORORIA, CCAPUNA Y APABUCO DEL DISTRITO DE SANDIA - PROVINCIA DE SANDIA - DEPARTAMENTO DE PUNO;79502;PEN;3;Comparación de Precios;goods;Baja competencia
1192829;20165870361;MUNICIPALIDAD DISTRITAL DE DEAN VALDIVIA;AREQUIPA;ISLAY;MEJORAMIENTO DEL SERVICIO DE TRANSITABILIDAD VIAL INTERURBANA EN EL CAMINO VECINAL DE INGRESO AL CENTRO POBLADO EL BOQUERON RUTA AR 822:  EMP. PE 1S D - PROGRESIVA 0+000 HASTA PROGRESIVA 0+385 - PTA. CARRETERA,   DISTRITO DE DEAN VALDIVIA DE LA PROVINCIA DE ISLAY DEL DEPARTAMENTO DE AREQUIPA;127200.44;PEN;8;Concurso Público Abreviado;services;Baja competencia
1198047;20161209792;MUNICIPALIDAD DISTRITAL DE VELILLE;CUSCO;CHUMBIVILCAS;MEJORAMIENTO DE LOS SERVICIOS DE APOYO AL DESARROLLO PRODUCTIVO EN PROMOCIÓN COMERCIAL DE LOS PRODUCTORES AGROPECUARIOS, AGROINDUSTRIALES Y ARTESANALES EN EL ,    DISTRITO DE VELILLE DE LA PROVINCIA DE CHUMBIVILCAS DEL DEPARTAMENTO DE CUSCO;96000;PEN;3;Comparación de Precios;goods;Baja competencia
1194347;20443070819;GOBIERNO REGIONAL DE APURIMAC-TRANSPORTES CHANKA;APURIMAC;ABANCAY;MEJORAMIENTO DE LOS SERVICIOS DE TRANSITABILIDAD DEL CAMINO VECINAL LONG. = 5.235 KM. SECTOR AYARHUAYCCO, COMUNPAMPA, KISHUARPAMPA Y SECTOR  VIRACOCHAPATA, PARUBAMBA Y PARIAPUCARA VIRACOCHAPATA DE LAS LOCALIDADES DE PACOBAMBA Y HUANCARAMA, DISTRITO DE PACOBAMBA - ANDAHUAYLAS - APURIMAC;120120;PEN;5;Licitación Pública Abreviada;goods;Baja competencia
1192368;20177865045;MUNICIPALIDAD DISTRITAL DE SANTA ROSA - LA MAR;AYACUCHO;LA MAR;AMPLIACION DEL SERVICIO DE SEGURIDAD CIUDADANA LOCAL EN LA MUNICIPALIDAD DISTRITAL DE SANTA ROSA DEL   DISTRITO DE SANTA ROSA DE LA PROVINCIA DE LA MAR DEL DEPARTAMENTO DE AYACUCHO;62260;PEN;12;Licitación Pública Abreviada;goods;Mediana competencia
1202088;20452393493;GOBIERNO REGIONAL DE AYACUCHO SEDE CENTRAL;AYACUCHO;HUAMANGA;MEJORAMIENTO DE LOS SERVICIOS DE PROMOCIÓN DEL COMERCIO INTERNO DEL CAMPO FERIAL CANAÁN BAJO DEL  DISTRITO DE ANDRES AVELINO CACERES - PROVINCIA DE HUAMANGA - DEPARTAMENTO DE AYACUCHO;75840;PEN;3;Comparación de Precios;goods;Baja competencia
1197532;20147682469;MUNICIPALIDAD DISTRITAL DE BELLA UNION;AREQUIPA;CARAVELI;"REPARACION DE LINEA DE CONDUCCION; EN EL(LA) DE 05 PASES AEREOS EN EL DISTRITO DE BELLA UNION  DISTRITO DE BELLA UNION, PROVINCIA CARAVELI, DEPARTAMENTO AREQUIPA";100000;PEN;3;Comparación de Precios;goods;Baja competencia
1195935;20494642078;GOBIERNO REGIONAL DE AYACUCHO - PROGRAMA REGIONAL DE IRRIGACION Y DESARROLLO RURAL INTEGRADO;AYACUCHO;HUAMANGA;AMPLIACION DE LA PRESA ANCASCOCHA Y AFIANZAMIENTO DEL VALLE DE YAUCA (AYACUCHO Y AREQUIPA);99936.2;PEN;5;Comparación de Precios;goods;Baja competencia
1198938;20494642078;GOBIERNO REGIONAL DE AYACUCHO - PROGRAMA REGIONAL DE IRRIGACION Y DESARROLLO RURAL INTEGRADO;AYACUCHO;HUAMANGA;MEJORAMIENTO DEL SERVICIO DE AGUA PARA EL SISTEMA DE RIEGO EN 25 COMUNIDADES DE LA CUENCA DEL VALLE DE TOROBAMBA EN EL  DISTRITO DE SAN MIGUEL - PROVINCIA DE LA MAR - DEPARTAMENTO DE AYACUCHO;50268;PEN;3;Comparación de Precios;goods;Baja competencia
1200649;20171798885;MUNICIPALIDAD DISTRITAL DE LUCRE - QUISPICANCHIS;CUSCO;QUISPICANCHI;MEJORAMIENTO DEL SERVICIO DE PRACTICA DEPORTIVA Y/O RECREATIVA EN APV LOS CARDONES DEL DISTRITO DE LUCRE DE LA PROVINCIA DE QUISPICANCHI DEL DEPARTAMENTO DE CUSCO;79200;PEN;3;Comparación de Precios;goods;Baja competencia
1193635;20288774553;MUNICIPALIDAD DISTRITAL DE CHALLHUAHUACHO;APURIMAC;COTABAMBAS;CREACION DEL SERVICIO DE PRÁCTICA DEPORTIVA Y/O RECREATIVA EN LOS CASERÍOS DE PANCHAMA, JAWAPAYLLA Y CHUSPIRE DE LA COMUNIDAD DE NUEVA FUERABAMBA DEL   DISTRITO DE CHALLHUAHUACHO DE LA PROVINCIA DE COTABAMBAS DEL DEPARTAMENTO DE APURIMAC;289330;PEN;16;Subasta Inversa Electrónica;goods;Mediana competencia
1199841;20187630101;MUNICIPALIDAD PROVINCIAL DE SANTIAGO DE CHUCO;LA LIBERTAD;SANTIAGO DE CHUCO;CREACION DEL SERVICIOS DE ESPACIOS PÚBLICOS URBANOS EN EL SECTOR CERRO SAN CRISTOBAL   DISTRITO DE SANTIAGO DE CHUCO DE LA PROVINCIA DE SANTIAGO DE CHUCO DEL DEPARTAMENTO DE LA LIBERTAD;1531238.8;PEN;7;Licitación Pública Abreviada;works;Baja competencia
1192972;20131378034;MUNICIPALIDAD DISTRITAL DE SAN JUAN DE LURIGANCHO;LIMA;LIMA;"CREACION DEL SERVICIO DE MOVILIDAD URBANA EN PROLONGACION AV. SAN MARTIN Y PASAJE ""G"" DEL AA.HH. JUAN PABLO II QUINTA ETAPA SECTOR 1  DISTRITO DE SAN JUAN DE LURIGANCHO - PROVINCIA DE LIMA - DEPARTAMENTO DE LIMA";226522.96;PEN;17;Concurso Público Abreviado;services;Mediana competencia
1195281;20147346434;MUNICIPALIDAD PROVINCIAL DE ESPINAR;CUSCO;ESPINAR;MEJORAMIENTO DE LOS SERVICIOS DE APOYO AL DESARROLLO PRODUCTIVO EN LA CADENA PRODUCTIVA DE GRANOS ANDINOS DEL   DISTRITO DE ESPINAR DE LA PROVINCIA DE ESPINAR DEL DEPARTAMENTO DE CUSCO;86350;PEN;4;Comparación de Precios;goods;Baja competencia
1192191;20159308961;MUNICIPALIDAD DISTRITAL DE SAN SEBASTIAN;CUSCO;CUSCO;CONSTRUCCION DEL COMPLEJO RECREACIONAL TEMATICO EN LA APV CACHIMAYO-LA PLANICIE, DISTRITO DE SAN SEBASTIAN - CUSCO - CUSCO;244564;PEN;18;Subasta Inversa Electrónica;goods;Mediana competencia
1198958;20452393493;GOBIERNO REGIONAL DE AYACUCHO SEDE CENTRAL;AYACUCHO;HUAMANGA;MEJORAMIENTO DEL SERVICIO DE FORMACIÓN PROFESIONAL EN LA ESCUELA DE MEDICINA HUMANA DE LA FACULTAD DE CIENCIAS DE LA SALUD DE LA UNSCH  DISTRITO DE AYACUCHO - PROVINCIA DE HUAMANGA - DEPARTAMENTO DE AYACUCHO;51020;PEN;3;Comparación de Precios;goods;Baja competencia
1198654;20188331581;MUNICIPALIDAD PROVINCIAL DE PADRE ABAD - AGUAYTIA;UCAYALI;PADRE ABAD;"CONSTRUCCION DE ALCANTARILLADO PLUVIAL; REPARACION DE CALZADA O PISTA, DRENAJE LONGITUDINAL Y ALCANTARILLADO PLUVIAL; ADEMÁS DE OTROS ACTIVOS EN EL(LA) 02 TRAMOS DE CARRETERA VECINAL; TRAMO 01: EMP.PE-5N-JJ.VV. SOL DE AGUAYTIA-UC-512-CASERIO ALTO MIRAFLORES Y TRAMO 02: EMP.UC-512-RUTA _R2503047(JJ.VV. CASERIO RIO NEGRO-JJ.VV. HUGO SOSA)-  DISTRITO DE PADRE ABAD, PROVINCIA PADRE ABAD, DEPARTAMENTO UCAYALI";788947.37;PEN;6;Licitación Pública Abreviada;works;Baja competencia
1192466;20178199251;MUNICIPALIDAD DISTRITAL DE KIMBIRI;CUSCO;LA CONVENCION;CREACION DE TROCHA CARROZABLE EN EL SECTOR CATARATA DEL CENTRO POBLADO DE KIMBIRI ALTO DEL DISTRITO DE KIMBIRI - PROVINCIA DE LA CONVENCION - DEPARTAMENTO DE CUSCO;54776;PEN;9;Concurso Público Abreviado;services;Baja competencia
1198819;20407307292;GOBIERNO REGIONAL DE AYACUCHO-AGRICULTURA;AYACUCHO;HUAMANGA;MEJORAMIENTO DE LOS SERVICIOS DE LA PRODUCCION BOVINA DE LECHE EN LA PROVINCIA DE PARINACOCHAS-REGION AYACUCHO;97500;PEN;3;Comparación de Precios;goods;Baja competencia
1197892;20407307292;GOBIERNO REGIONAL DE AYACUCHO-AGRICULTURA;AYACUCHO;HUAMANGA;MEJORAMIENTO DE LOS SERVICIOS DE LA PRODUCCION BOVINA DE  LECHE EN LA PROVINCIA DE LUCANAS,- REGION AYACUCHO;73887;PEN;3;Comparación de Precios;goods;Baja competencia
1196831;20199860551;GOBIERNO REGIONAL DE PUNO-PROGRAMA REGIONAL DE RIEGO Y DRENAJE;PUNO;PUNO;MEJORAMIENTO Y AMPLIACION DEL SERVICIO DE AGUA PARA LOS SISTEMAS DE RIEGO HUALLATIRI, HUAYRAPATA Y HUARANCA GRANDE DEL DISTRITO DE HUAYRAPATA - PROVINCIA DE MOHO - DEPARTAMENTO DE PUNO;74180;PEN;3;Comparación de Precios;goods;Baja competencia
1195038;20143122850;MINAG - PROYECTO ESPECIAL SIERRA CENTRO SUR;AYACUCHO;HUAMANGA;CREACION DEL SERVICIO DE AGUA DEL SISTEMA DE RIEGO INTEGRADO TACCATA - UMASI - CHACRALLA, DISTRITO CANARIA, PROVINCIA DE VICTOR FAJARDO - DISTRITO DE AUCARA - PROVINCIA DE LUCANAS - DEPARTAMENTO DE AYACUCHO;180250.2;PEN;12;Subasta Inversa Electrónica;goods;Mediana competencia
1195417;20178199251;MUNICIPALIDAD DISTRITAL DE KIMBIRI;CUSCO;LA CONVENCION;"CONSTRUCCION DE SISTEMA DE SUMINISTRO ELECTRICO; EN EL(LA) SECTOR IRAPITARI BAJA  DISTRITO DE KIMBIRI, PROVINCIA LA CONVENCION, DEPARTAMENTO CUSCO";79759.92;PEN;8;Concurso Público Abreviado;services;Baja competencia
1196968;20222360677;MUNICIPALIDAD DISTRITAL DE PALLPATA;CUSCO;ESPINAR;MEJORAMIENTO DE LOS SERVICIOS DE APOYO AL DESARROLLO PRODUCTIVO EN LA CADENA PRODUCTIVA DE GANADO VACUNO EN LAS COMUNIDADES CAMPESINAS DEL   DISTRITO DE PALLPATA DE LA PROVINCIA DE ESPINAR DEL DEPARTAMENTO DE CUSCO;99702;PEN;3;Comparación de Precios;goods;Baja competencia
1192437;20199428994;MUNICIPALIDAD DISTRITAL DE MAQUIA;LORETO;REQUENA;"REMODELACION DE SUMINISTRO DE ENERGIA ELECTRICA; EN EL(LA) EN LA LOCALIDAD DE SAN ROQUE  DISTRITO DE MAQUIA, PROVINCIA REQUENA, DEPARTAMENTO LORETO";1391246.48;PEN;2;Licitación Pública Abreviada;works;Baja competencia
1194767;20170164408;MUNICIPALIDAD DISTRITAL DE MASISEA;UCAYALI;CORONEL PORTILLO;MEJORAMIENTO DEL SERVICIO DE ATENCIÓN Y PROMOCIÓN DE LAS FAMILIAS EN EL LOCAL COMUNAL  DE CENTRO POBLADO PUERTO ALEGRE DISTRITO DE MASISEA DE LA PROVINCIA DE CORONEL PORTILLO DEL DEPARTAMENTO DE UCAYALI;413711.8;PEN;5;Licitación Pública Abreviada;works;Baja competencia
1198065;20161250911;MUNICIPALIDAD DISTRITAL DE COPANI;PUNO;YUNGUYO;MEJORAMIENTO Y AMPLIACION DEL SERVICIO DE PRÁCTICA DEPORTIVA Y/O RECREATIVA EN CAMPO DEPORTIVO CON GRASS SINTÉTICO EN LA COMUNIDAD CAMPESINA DE AMAQUILLA   DISTRITO DE COPANI DE LA PROVINCIA DE YUNGUYO DEL DEPARTAMENTO DE PUNO;67155;PEN;3;Comparación de Precios;goods;Baja competencia
1192816;20601625017;MUNICIPALIDAD DISTRITAL DE MEGANTONI;CUSCO;LA CONVENCION;MEJORAMIENTO DEL SERVICIO DE APOYO AL DESARROLLO PRODUCTIVO DE AVES DE CORRAL EN LAS COMUNIDADES NATIVAS DE CAMISEA, TICUMPINIA CHOCORIARI, SHIVANKORENI, SEGAKIATO, CASHIRIARI Y AA.RR. SHINTORINI DEL  DISTRITO DE MEGANTONI - PROVINCIA DE LA CONVENCION - DEPARTAMENTO DE CUSCO;95287.5;PEN;10;Subasta Inversa Electrónica;goods;Mediana competencia
1194554;20182121453;MUNICIPALIDAD DISTRITAL DE RIO SANTIAGO;AMAZONAS;CONDORCANQUI;"CREACION DEL SERVICIO DE TRÁNSITO PEATONAL INTERURBANO O RURAL EN LA COMUNIDAD NATIVA DE CHAPIZA, A TRAVÉS DE LA CREACIÓN DEL PUENTE PEATONAL ""CHAPIZA""   DISTRITO DE RIO SANTIAGO DE LA PROVINCIA DE CONDORCANQUI DEL DEPARTAMENTO DE AMAZONAS";681603.36;PEN;3;Licitación Pública Abreviada;works;Baja competencia
1198318;20165191464;MUNICIPALIDAD DISTRITAL DE KELLUYO;PUNO;CHUCUITO;MEJORAMIENTO DE LOS SERVICIOS DE APOYO AL DESARROLLO PRODUCTIVO EN CADENA PRODUCTIVA DE BOVINOS DE LA ZONA ARACACHI Y MEDIA   DISTRITO DE KELLUYO DE LA PROVINCIA DE CHUCUITO DEL DEPARTAMENTO DE PUNO;99580.8;PEN;3;Comparación de Precios;goods;Baja competencia
1199946;20222360677;MUNICIPALIDAD DISTRITAL DE PALLPATA;CUSCO;ESPINAR;MEJORAMIENTO DE LOS SERVICIOS DE APOYO AL DESARROLLO PRODUCTIVO EN LA CADENA PRODUCTIVA DE GANADO VACUNO EN LAS COMUNIDADES CAMPESINAS DEL   DISTRITO DE PALLPATA DE LA PROVINCIA DE ESPINAR DEL DEPARTAMENTO DE CUSCO;86670;PEN;3;Comparación de Precios;goods;Baja competencia
1195786;20288774553;MUNICIPALIDAD DISTRITAL DE CHALLHUAHUACHO;APURIMAC;COTABAMBAS;MEJORAMIENTO DE LOS SERVICIOS EDUCATIVOS EN LA I.E. INICIAL JARDÍN N° 893 DEL ANEXO CCAYCCOPAMPA DE LA COMUNIDAD CAMPESINA DE HUANCUIRE DEL DISTRITO DE CHALLHUAHUACHO - PROVINCIA DE COTABAMBAS - DEPARTAMENTO DE APURIMAC;87045;PEN;19;Subasta Inversa Electrónica;goods;Mediana competencia
1195689;20154469941;MUNICIPALIDAD PROVINCIAL DE MARISCAL NIETO - MOQUEGUA;MOQUEGUA;MARISCAL NIETO;MEJORAMIENTO DEL SERVICIO DE TRANSITABILIDAD VIAL DE LA RUTA: R1801258 EN LA JUNTA VECINAL DE CHARSAGUA Y ALTO LA VILLA DEL CENTRO POBLADO LOS ANGELES,  DISTRITO DE MOQUEGUA - PROVINCIA DE MARISCAL NIETO - DEPARTAMENTO DE MOQUEGUA;314025;PEN;11;Subasta Inversa Electrónica;goods;Mediana competencia
1197193;20147346434;MUNICIPALIDAD PROVINCIAL DE ESPINAR;CUSCO;ESPINAR;CREACION DEL SERVICIO DE MOVILIDAD URBANA EN LAS VÍAS LOCALES DE LA URB. DOMINGO HUARCA EN EL CENTRO POBLADO YAURI,   DISTRITO DE ESPINAR DE LA PROVINCIA DE ESPINAR DEL DEPARTAMENTO DE CUSCO;68027;PEN;3;Comparación de Precios;goods;Baja competencia
1201943;20491321661;GOBIERNO REGIONAL DE LIMA-UNIDAD EJECUTORA LIMA SUR;LIMA;CAÑETE;"CONSTRUCCION DE CERCO PERIMETRICO, AMBIENTE ADMINISTRATIVO, SERVICIOS HIGIENICOS Y/O VESTIDORES Y INSTALACIONES EXTERIORES DE SERVICIOS BASICOS; EN EL(LA) UNIDAD DE GESTION EDUCATIVA LOCAL CAÑETE-UGEL CAÑETE  DISTRITO DE SAN VICENTE DE CAÑETE, PROVINCIA CAÑETE, DEPARTAMENTO LIMA";66080;PEN;1;Contratación Directa;services;Baja competencia
1194824;20489250731;GOBIERNO REGIONAL DE HUANUCO SEDE CENTRAL;HUANUCO;HUANUCO;MEJORAMIENTO DE LA CAPACIDAD RESOLUTIVA DEL HOSPITAL DE TINGO MARIA;80000;PEN;5;Concurso Público Abreviado;services;Baja competencia
1192625;20288774553;MUNICIPALIDAD DISTRITAL DE CHALLHUAHUACHO;APURIMAC;COTABAMBAS;MEJORAMIENTO Y AMPLIACION DEL SERVICIO DE ATENCIÓN Y PROMOCIÓN DE LAS FAMILIAS EN LA COMUNIDAD DE CCASA DEL   DISTRITO DE CHALLHUAHUACHO DE LA PROVINCIA DE COTABAMBAS DEL DEPARTAMENTO DE APURIMAC;276834;PEN;6;Subasta Inversa Electrónica;goods;Baja competencia
1192443;20185898343;GOBIERNO REGIONAL DE APURIMAC-CHANKA;APURIMAC;ABANCAY;MEJORAMIENTO Y AMPLIACION DEL SERVICIO DE AGUA PARA RIEGO EN ANCCARAYLLA, CCACCE,CHAVELAYOC, PALMA REAL,SANTA ROSA ALTA,UNIÓN CLAVELES,CUNCAYOC,CCACHCCARUMIHUAYCCO, RAYANNIYOC,CCOCHO MOCCO, SANTA ANITA,AÑASORCCO,SACHAYOC MOCCO,CABALLO OCCO,PURMACC WASICUCHO, POTRERO OCCO,CCALLPA MOCCO,CUMANAYLLA,CHECCHE,SACLAYA, ÑAHUINPUQUIO, HUARACCOPATA, CCANCHUPATA Y CHAQUICCOCHAPATA, EN LOS DISTRITOS DE ANDAHUAYLAS, SAN JERONIMO Y JOSE MARIA ARGUEDAS DE LA  PROVINCIA DE ANDAHUAYLAS - DEPARTAMENTO DE APURIMAC;142400;PEN;29;Licitación Pública Abreviada;goods;Alta competencia
1200572;20477936882;PROGRAMA DE DESARROLLO PRODUCTIVO AGRARIO RURAL - AGRO RURAL;LIMA;LIMA;MEJORAMIENTO DE LA CADENA DE VALOR DEL  PALTO EN LAS LOCALIDADES INTERANDINAS DE 5 PROVINCIAS DEL DEPARTAMENTO DE JUNIN;83264;PEN;2;Subasta Inversa Electrónica;goods;Baja competencia
1193112;20190003541;MUNICIPALIDAD DISTRITAL DE MAZAMARI;JUNIN;SATIPO;CREACION DEL SERVICIO DE AGUA POTABLE RURAL Y CREACION DEL SERVICIO DE ALCANTARILLADO U OTRAS FORMAS DE DISPOSICIÓN SANITARIA DE EXCRETAS EN LA LOCALIDAD DE GLORIABAMBA   DISTRITO DE MAZAMARI DE LA PROVINCIA DE SATIPO DEL DEPARTAMENTO DE JUNIN;299045.44;PEN;4;Concurso Público Abreviado;services;Baja competencia
1195812;20611816953;AUTORIDAD NACIONAL DE INFRAESTRUCTURA;LIMA;LIMA;MEJORAMIENTO DE LA COBERTURA DE LOS SERVICIOS DE SALUD DEL HOSPITAL ERNESTO GERMAN GUZMAN GONZALES PROVINCIA DE OXAPAMPA,DEPARTAMENTO DE PASCO, REGION PASCO;100000;PEN;9;Concurso Público Abreviado;services;Baja competencia
1192947;20191873492;MUNICIPALIDAD DISTRITAL DE SINCOS;JUNIN;JAUJA;MEJORAMIENTO Y AMPLIACION DEL SERVICIO DE PROVISIÓN DE AGUA PARA RIEGO EN LA ZONA AGRICOLA HUISAHUANCA DEL CENTRO POBLADO DE SINCOS   DISTRITO DE SINCOS DE LA PROVINCIA DE JAUJA DEL DEPARTAMENTO DE JUNIN;174428.19;PEN;5;Concurso Público Abreviado;services;Baja competencia
1197584;20479393568;UNIVERSIDAD NACIONAL TORIBIO RODRIGUEZ DE MENDOZA DE AMAZONAS;AMAZONAS;CHACHAPOYAS;MEJORAMIENTO Y AMPLIACIÓN DE LOS SERVICIOS DE CTI PARA FORTALECER EL SISTEMA NACIONAL DE CIENCIA, TECNOLOGÍA E INNOVACIÓN;19500;PEN;7;Convenio;goods;Baja competencia
1201207;20176207389;MUNICIPALIDAD DISTRITAL DE NAMORA;CAJAMARCA;CAJAMARCA;MEJORAMIENTO DEL SERVICIO DE TRANSITABILIDAD VIAL INTERURBANA EN TRAMO I: LA PERLA-JUNCOS-CHUCHUN (CA 1507), TRAMO II: TORRES HUAYLLA-LA LAGUNA SANTA URSULA (CA 1501), TRAMO III: LA LAGUNA SANTA URSULA-SARIN-JUNCOS (CA 1502),   DISTRITO DE NAMORA DE LA PROVINCIA DE CAJAMARCA DEL DEPARTAMENTO DE CAJAMARCA;99600;PEN;3;Comparación de Precios;services;Baja competencia
1198506;20194735384;MUNICIPALIDAD PROVINCIAL DE JORGE BASADRE - LOCUMBA;TACNA;JORGE BASADRE;MEJORAMIENTO DEL SERVICIO DE GESTIÓN Y ATENCIÓN COMUNAL DEL C.P. PAMPA SITANA - CAMIARA,  DISTRITO DE LOCUMBA - PROVINCIA DE JORGE BASADRE - DEPARTAMENTO DE TACNA;70042.67;PEN;3;Comparación de Precios;goods;Baja competencia
1192822;20142747155;MUNICIPALIDAD PROVINCIAL DE HUARMEY;ANCASH;HUARMEY;MEJORAMIENTO DEL SERVICIO EDUCATIVO EN LA I.E SANTA ROSA DEL A.H SANTO DOMINGO,  DISTRITO DE HUARMEY - PROVINCIA DE HUARMEY - DEPARTAMENTO DE ANCASH;426091.78;PEN;20;Licitación Pública Abreviada;works;Mediana competencia
1197003;20193227938;MUNICIPALIDAD DISTRITAL DE SONDORILLO;PIURA;HUANCABAMBA;MEJORAMIENTO Y AMPLIACION DEL SERVICIO DE PROVISIÓN DE AGUA PARA RIEGO EN CANAL DE RIEGO SHANGA  DE CENTRO POBLADO LAS PAMPAS DISTRITO DE SONDORILLO DE LA PROVINCIA DE HUANCABAMBA DEL DEPARTAMENTO DE PIURA;77818;PEN;11;Subasta Inversa Electrónica;goods;Mediana competencia
1195302;20452393493;GOBIERNO REGIONAL DE AYACUCHO SEDE CENTRAL;AYACUCHO;HUAMANGA;MEJORAMIENTO Y AMPLIACION DEL SERVICIO EDUCATIVO DEL NIVEL PRIMARIA, SECUNDARIA Y BASICA ALTERNATIVA DE LA I.E. LOS LIBERTADORES  DISTRITO DE AYACUCHO - PROVINCIA DE HUAMANGA - DEPARTAMENTO DE AYACUCHO;64390;PEN;3;Comparación de Precios;goods;Baja competencia
1192562;20191636369;MUNICIPALIDAD DISTRITAL DE CAHUAPANAS;LORETO;DATEM DEL MARAÑON;MEJORAMIENTO Y AMPLIACION DEL SERVICIO DE EDUCACION PRIMARIA EN I.E. 62733   DISTRITO DE CAHUAPANAS DE LA PROVINCIA DE DATEM DEL MARAÑON DEL DEPARTAMENTO DE LORETO;2401411.53;PEN;2;Licitación Pública Abreviada;works;Baja competencia
1192491;20191636369;MUNICIPALIDAD DISTRITAL DE CAHUAPANAS;LORETO;DATEM DEL MARAÑON;"RENOVACION DE AULA DE EDUCACION INICIAL; EN EL(LA) I.E. 176 EN EL CENTRO POBLADO SANTA ELENA, DISTRITO DE CAHUAPANAS, PROVINCIA DATEM DEL MARAÑON, DEPARTAMENTO LORETO";390437.64;PEN;1;Licitación Pública Abreviada;works;Baja competencia
1192277;20218909109;MUNICIPALIDAD DISTRITAL DE LUCMA - MARISCAL LUZURIAGA;ANCASH;MARISCAL LUZURIAGA;CREACION DE PISTAS Y VEREDAS EN L0S BARRIOS DE AGOP, CHAGAS Y ALLWIPAMPA DE LA LOCALIDAD DE MASQUI DEL DISTRITO DE LUCMA - PROVINCIA DE MARISCAL LUZURIAGA - DEPARTAMENTO DE ANCASH;1747335.24;PEN;18;Licitación Pública Abreviada;works;Mediana competencia
1196381;20530944817;GOBIERNO REGIONAL DE LIMA - DIRECCIÓN REGIONAL DE AGRICULTURA DE LIMA PROVINCIAS;LIMA;HUAURA;"CONSTRUCCION DE RESERVORIO; EN EL(LA) SECTOR SHUNDURUME COMUNIDAD CAMPESINA DE HUAROCHIRI  DISTRITO DE HUAROCHIRI, PROVINCIA HUAROCHIRI, DEPARTAMENTO LIMA";64136.55;PEN;6;Comparación de Precios;goods;Baja competencia
1199931;20489250731;GOBIERNO REGIONAL DE HUANUCO SEDE CENTRAL;HUANUCO;HUANUCO;MEJORAMIENTO DE LOS SERVICIOS DE EDUCACIÓN SECUNDARIA DEL COLEGIO NACIONAL INDUSTRIAL HERMILIO VALDIZAN, DISTRITO DE HUÁNUCO, PROVINCIA DE HUÁNUCO, REGIÓN HUÁNUCO;174647;PEN;10;Concurso Público Abreviado;services;Mediana competencia
1199689;20185898343;GOBIERNO REGIONAL DE APURIMAC-CHANKA;APURIMAC;ABANCAY;MEJORAMIENTO DE LOS SERVICIOS DE GESTIÓN DE LA GERENCIA SUB REGIONAL CHANKA ANDAHUAYLAS, PROVINCIA DE ANDAHUAYLAS, REGIÓN APURÍMAC;147500;PEN;22;Concurso Público Abreviado;services;Alta competencia
1196247;20232953421;MUNICIPALIDAD DISTRITAL DE CURIMANA;UCAYALI;PADRE ABAD;CREACION DEL SERVICIOS DE ESPACIOS PÚBLICOS URBANOS EN LA ZONA DE ESPARCIMIENTO Y RECREACIÓN EN LA PLAZA CENTRAL DE LA LOCALIDAD DE BELLO HORIZONTE   DISTRITO DE CURIMANA DE LA PROVINCIA DE PADRE ABAD DEL DEPARTAMENTO DE UCAYALI;292234.08;PEN;4;Subasta Inversa Electrónica;goods;Baja competencia
1197613;20185898343;GOBIERNO REGIONAL DE APURIMAC-CHANKA;APURIMAC;ABANCAY;MEJORAMIENTO Y AMPLIACION DEL SERVICIO DE AGUA PARA RIEGO EN ANCCARAYLLA, CCACCE,CHAVELAYOC, PALMA REAL,SANTA ROSA ALTA,UNIÓN CLAVELES,CUNCAYOC,CCACHCCARUMIHUAYCCO, RAYANNIYOC,CCOCHO MOCCO, SANTA ANITA,AÑASORCCO,SACHAYOC MOCCO,CABALLO OCCO,PURMACC WASICUCHO, POTRERO OCCO,CCALLPA MOCCO,CUMANAYLLA,CHECCHE,SACLAYA, ÑAHUINPUQUIO, HUARACCOPATA, CCANCHUPATA Y CHAQUICCOCHAPATA, EN LOS DISTRITOS DE ANDAHUAYLAS, SAN JERONIMO Y JOSE MARIA ARGUEDAS DE LA  PROVINCIA DE ANDAHUAYLAS - DEPARTAMENTO DE APURIMAC;105000;PEN;16;Concurso Público Abreviado;services;Mediana competencia
1197156;20147346434;MUNICIPALIDAD PROVINCIAL DE ESPINAR;CUSCO;ESPINAR;CREACION DEL SERVICIO DE MOVILIDAD URBANA EN LAS VÍAS LOCALES DE LA URB. DOMINGO HUARCA EN EL CENTRO POBLADO YAURI,   DISTRITO DE ESPINAR DE LA PROVINCIA DE ESPINAR DEL DEPARTAMENTO DE CUSCO;49858;PEN;3;Comparación de Precios;goods;Baja competencia
1195788;20278885420;GOBIERNO REGIONAL DE ICA - PROYECTO ESPECIAL TAMBO CCARACOCHA;ICA;ICA;AFIANZAMIENTO  HIDRICO   DE LA CUENCA DEL  RIO  GRANDE - SANTA CRUZ -PALPA;94500;PEN;6;Concurso Público Abreviado;services;Baja competencia
1199126;20166604266;MUNICIPALIDAD DISTRITAL DE HUACHIS;ANCASH;HUARI;MEJORAMIENTO Y AMPLIACION DEL SERVICIO DE EDUCACIÓN SECUNDARIA EN LA I.E. JUAN VELASCO ALVARADO   DISTRITO DE HUACHIS DE LA PROVINCIA DE HUARI DEL DEPARTAMENTO DE ANCASH;2304944.76;PEN;12;Licitación Pública Abreviada;works;Mediana competencia
1200341;20527141762;GOBIERNO REGIONAL DE APURIMAC SEDE CENTRAL;APURIMAC;ABANCAY;MEJORAMIENTO DEL SERVICIO EDUCATIVO EN LAS INSTITUCIONES EDUCATIVAS DEL NIVEL PRIMARIO N 54385 SEÑOR DE LA EXALTACION, N 54621 FIDELIA VALENZUELA Y N 54389 PATAPATA, DISTRITO DE CHUQUIBAMBILLA PROVINCIA DE GRAU - REGIÓN APURIMAC;88380;PEN;3;Comparación de Precios;goods;Baja competencia
1193572;20317337150;MUNICIPALIDAD DISTRITAL DE PICHARI;CUSCO;LA CONVENCION;MEJORAMIENTO DE LA COBERTURA DE SERVICIOS EN ATENCION PREVENTIVA PROMOCIONAL DE SALUD EN LOS EE.SS. DE LA MICRO RED DE PICHARI DEL DISTRITO DE PICHARI - PROVINCIA DE LA CONVENCION - DEPARTAMENTO DE CUSCO;55500;PEN;6;Concurso Público Abreviado;services;Baja competencia
1200938;20159316981;GOBIERNO REGIONAL DE CUSCO-INSTITUTO DE MANEJO DE AGUA Y MEDIO AMBIENTE( IMA);CUSCO;CUSCO;RECUPERACION DEL SERVICIO  ECOSISTEMICO DE REGULACIÓN HIDRICA EN LAS MICROCUENCAS DE TOCCOHUANCA, LLANCAMA, LLANQUEMAYO, TAUCABAMBA Y MISKAHUAYCCO DE LA CUENCA MEDIA DEL APURIMAC - EN LOS DISTRITOS DE PARURO, OMACHA, PILLPINTO Y CHINCHAYPUJIO EN LAS PROVINCIAS DE ANTA Y PARURO DEL  DEPARTAMENTO DE CUSCO;105075;PEN;5;Concurso Público Abreviado;services;Baja competencia
1197013;20185897967;MUNICIPALIDAD DISTRITAL DE CURAHUASI;APURIMAC;ABANCAY;CREACION DEL SERVICIO DE INFRAESTRUCTURA DEPORTIVA EN LA COMUNIDAD DE CONCACHA DEL DISTRITO DE CURAHUASI - PROVINCIA DE ABANCAY - DEPARTAMENTO DE APURIMAC;82233.5;PEN;3;Comparación de Precios;goods;Baja competencia
1194021;20159316981;GOBIERNO REGIONAL DE CUSCO-INSTITUTO DE MANEJO DE AGUA Y MEDIO AMBIENTE( IMA);CUSCO;CUSCO;MEJORAMIENTO Y AMPLIACION SERVICIO DE PROTECCIÓN ANTE  INUNDACIONES  EN LA CUENCA ALTA DEL RIÓ VILCANOTA 4 DISTRITOS DE LA PROVINCIA DE CANCHIS - DEPARTAMENTO DE CUSCO;437000;PEN;44;Concurso Público Abreviado;services;Alta competencia
1198385;20601012937;MUNICIPALIDAD DISTRITAL DE VILLA KINTIARINA;CUSCO;LA CONVENCION;CREACION DEL SERVICIO DE PRÁCTICA DEPORTIVA Y/O RECREATIVA EN EL CENTRO POBLADO DE MANITINKIARI DEL   DISTRITO DE VILLA KINTIARINA DE LA PROVINCIA DE LA CONVENCION DEL DEPARTAMENTO DE CUSCO;1196223;PEN;5;Licitación Pública Abreviada;works;Baja competencia
1193059;20205028600;MUNICIPALIDAD DISTRITAL DE COYLLURQUI;APURIMAC;COTABAMBAS;MEJORAMIENTO Y AMPLIACION DEL SISTEMA DE SANEAMIENTO EN LAS COMUNIDADES DE LLAULLIYOC AYAHUILLCA Y SORCCO - 8 LOCALIDADES DEL DISTRITO DE COYLLURQUI - PROVINCIA DE COTABAMBAS - DEPARTAMENTO DE APURIMAC;100817.36;PEN;8;Subasta Inversa Electrónica;goods;Baja competencia
1196546;20452393493;GOBIERNO REGIONAL DE AYACUCHO SEDE CENTRAL;AYACUCHO;HUAMANGA;MEJORAMIENTO DEL SERVICIO EDUCATIVO DE LA FACULTAD DE CIENCIAS DE LA EDUCACIÓN DE LA UNIVERSIDAD NACIONAL DE SAN CRISTÓBAL DE HUAMANGA  DISTRITO DE AYACUCHO - PROVINCIA DE HUAMANGA - DEPARTAMENTO DE AYACUCHO;141100;PEN;13;Subasta Inversa Electrónica;goods;Mediana competencia
1197184;20147676574;MUNICIPALIDAD DISTRITAL DE PUEBLO NUEVO - CHINCHA;ICA;CHINCHA;CREACION DE LOS SERVICIOS DE PREVENCIÓN, PREPARACIÓN Y RESPUESTA A DESASTRES, INCENDIOS, EMERGENCIAS, RESCATES Y OTROS. EN COMPAÑÍA DE BOMBEROS DE PUEBLO NUEVO   DISTRITO DE PUEBLO NUEVO DE LA PROVINCIA DE CHINCHA DEL DEPARTAMENTO DE ICA;120000;PEN;9;Concurso Público Abreviado;services;Baja competencia
1192734;20195238961;MUNICIPALIDAD DISTRITAL DE PERENE;JUNIN;CHANCHAMAYO;MEJORAMIENTO DEL SERVICIOS DE ESPACIOS PÚBLICOS URBANOS EN EL PARQUE DE LA ASOCIACIÓN DE VIVIENDAS SANTA ROSA   DISTRITO DE PERENE DE LA PROVINCIA DE CHANCHAMAYO DEL DEPARTAMENTO DE JUNIN;121071.9;PEN;9;Subasta Inversa Electrónica;goods;Baja competencia
1192595;20191636369;MUNICIPALIDAD DISTRITAL DE CAHUAPANAS;LORETO;DATEM DEL MARAÑON;MEJORAMIENTO Y AMPLIACION DEL SERVICIO DE EDUCACION PRIMARIA EN I.E. 62568 EN EL CENTRO POBLADO UNGURAHUI DEL  DISTRITO DE CAHUAPANAS - PROVINCIA DE DATEM DEL MARAÑON - DEPARTAMENTO DE LORETO;2283943.28;PEN;5;Licitación Pública Abreviada;works;Baja competencia
1193533;20185898343;GOBIERNO REGIONAL DE APURIMAC-CHANKA;APURIMAC;ABANCAY;CREACION DEL SERVICIO DE PRÁCTICA DEPORTIVA Y/O RECREATIVA EN ESTADIO DE LA LOCALIDAD DE TIRPAPAMPA  DE CENTRO POBLADO ANCATIRA DISTRITO DE SAN JERONIMO DE LA PROVINCIA DE ANDAHUAYLAS DEL DEPARTAMENTO DE APURIMAC;264333.33;PEN;23;Concurso Público Abreviado;services;Alta competencia
1196066;20402597918;GOBIERNO REGIONAL DE JUNIN-AGRICULTURA;JUNIN;HUANCAYO;"MEJORAMIENTO DEL SERVICIO DE CATASTRO, TITULACIÓN Y REGISTRO DE PREDIOS RURALES EN TODAS LAS PROVINCIAS Y DISTRITOS DEL DEPARTAMENTO DE JUNÍN;  DISTRITO DE CHANCHAMAYO - PROVINCIA DE CHANCHAMAYO - DEPARTAMENTO DE JUNIN";67500;PEN;6;Concurso Público Abreviado;services;Baja competencia
1200990;20282911915;MUNICIPALIDAD DISTRITAL DE NUEVO CHIMBOTE;ANCASH;SANTA;CREACION DEL SERVICIOS DE ESPACIOS PÚBLICOS URBANOS EN LA MZ D LOTE 1 DEL A.H. NUEVO AMANECER DEL   DISTRITO DE NUEVO CHIMBOTE DE LA PROVINCIA DE SANTA DEL DEPARTAMENTO DE ANCASH;76171.5;PEN;15;Concurso Público Abreviado;services;Mediana competencia
1198668;20477936882;PROGRAMA DE DESARROLLO PRODUCTIVO AGRARIO RURAL - AGRO RURAL;LIMA;LIMA;MEJORAMIENTO DE LA CADENA DE VALOR DEL  PALTO EN LAS LOCALIDADES INTERANDINAS DE 5 PROVINCIAS DEL DEPARTAMENTO DE JUNIN;192488.24;PEN;19;Licitación Pública Abreviada;goods;Mediana competencia
1195859;20402597918;GOBIERNO REGIONAL DE JUNIN-AGRICULTURA;JUNIN;HUANCAYO;"MEJORAMIENTO DEL SERVICIO DE CATASTRO, TITULACIÓN Y REGISTRO DE PREDIOS RURALES EN TODAS LAS PROVINCIAS Y DISTRITOS DEL DEPARTAMENTO DE JUNÍN;  DISTRITO DE CHANCHAMAYO - PROVINCIA DE CHANCHAMAYO - DEPARTAMENTO DE JUNIN";49500;PEN;5;Concurso Público Abreviado;services;Baja competencia
1199507;20443070819;GOBIERNO REGIONAL DE APURIMAC-TRANSPORTES CHANKA;APURIMAC;ABANCAY;MEJORAMIENTO DEL SERVICIO DE TRANSITABILIDAD VIAL INTERURBANA EN EL CAMINO VECINAL RUTA: EMP. AP-680 (AV. LOS LIRIOS) - EMP. AP-679 (PALTACC) - EMP. AP-682 (CAMPANAYOCC) DEL   DISTRITO DE ANDAHUAYLAS DE LA PROVINCIA DE ANDAHUAYLAS DEL DEPARTAMENTO DE APURIMAC;320100;PEN;4;Subasta Inversa Electrónica;goods;Baja competencia
1195571;20209306833;MUNICIPALIDAD DISTRITAL DE YUNGA;MOQUEGUA;GENERAL SANCHEZ CERRO;MEJORAMIENTO Y AMPLIACION DE LOS SERVICIOS OPERATIVOS O MISIONALES INSTITUCIONALES EN EL SERVICIO DE ESTACIONAMIENTO VEHICULAR DE LA LOCALIDAD DE YUNGA DEL   DISTRITO DE YUNGA DE LA PROVINCIA DE GENERAL SANCHEZ CERRO DEL DEPARTAMENTO DE MOQUEGUA;110500;PEN;8;Concurso Público Abreviado;services;Baja competencia
1192990;20131376848;MUNICIPALIDAD DISTRITAL DE MAGDALENA DEL MAR;LIMA;LIMA;"RENOVACION DE LUMINARIA; EN EL(LA) VÍA DE LA COSTA VERDE  (ALTURA DEL JR. YUNGAY HASTA EL PARQUE LA PERA),  DISTRITO DE MAGDALENA DEL MAR, PROVINCIA LIMA, DEPARTAMENTO LIMA";1445013.85;PEN;1;Contratación Directa;services;Baja competencia
1197883;20162978528;MUNICIPALIDAD DISTRITAL DE BUENOS AIRES - PICOTA;SAN MARTIN;PICOTA;CREACION DEL SERVICIO DE DRENAJE PLUVIAL EN LA ZONA URBANA  DE CENTRO POBLADO EL MIRADOR DISTRITO DE BUENOS AIRES DE LA PROVINCIA DE PICOTA DEL DEPARTAMENTO DE SAN MARTIN;180000;PEN;2;Concurso Público Abreviado;services;Baja competencia
1192832;20185898343;GOBIERNO REGIONAL DE APURIMAC-CHANKA;APURIMAC;ABANCAY;MEJORAMIENTO Y AMPLIACION DEL SERVICIO DE AGUA PARA RIEGO EN ANCCARAYLLA, CCACCE,CHAVELAYOC, PALMA REAL,SANTA ROSA ALTA,UNIÓN CLAVELES,CUNCAYOC,CCACHCCARUMIHUAYCCO, RAYANNIYOC,CCOCHO MOCCO, SANTA ANITA,AÑASORCCO,SACHAYOC MOCCO,CABALLO OCCO,PURMACC WASICUCHO, POTRERO OCCO,CCALLPA MOCCO,CUMANAYLLA,CHECCHE,SACLAYA, ÑAHUINPUQUIO, HUARACCOPATA, CCANCHUPATA Y CHAQUICCOCHAPATA, EN LOS DISTRITOS DE ANDAHUAYLAS, SAN JERONIMO Y JOSE MARIA ARGUEDAS DE LA  PROVINCIA DE ANDAHUAYLAS - DEPARTAMENTO DE APURIMAC;194243.33;PEN;23;Licitación Pública Abreviada;goods;Alta competencia
1195765;20131378204;MUNICIPALIDAD DISTRITAL DE SAN JUAN DE MIRAFLORES;LIMA;LIMA;"CONSTRUCCION DE AREA ADMINISTRATIVA Y DE ATENCION AL CLIENTE; EN EL(LA) OFICINA DE SALUD Y BIENESTAR SOCIAL DE LA MUNICIPALIDAD DISTRITAL DE SAN JUAN DE MIRAFLORES, ZONA URBANA,  DISTRITO DE SAN JUAN DE MIRAFLORES, PROVINCIA LIMA, DEPARTAMENTO LIMA";847031.4;PEN;17;Licitación Pública Abreviada;works;Mediana competencia
1193924;20159308961;MUNICIPALIDAD DISTRITAL DE SAN SEBASTIAN;CUSCO;CUSCO;MEJORAMIENTO DEL SERVICIO DE MOVILIDAD URBANA EN LA APV. MIRADOR DANIEL ESTRADA PEREZ Y LA ADV SAN PEDRO MIRADOR   DISTRITO DE SAN SEBASTIAN DE LA PROVINCIA DE CUSCO DEL DEPARTAMENTO DE CUSCO;83042.67;PEN;4;Comparación de Precios;goods;Baja competencia
1196584;20222360677;MUNICIPALIDAD DISTRITAL DE PALLPATA;CUSCO;ESPINAR;MEJORAMIENTO DE LOS SERVICIOS DE APOYO AL DESARROLLO PRODUCTIVO EN LA CADENA PRODUCTIVA DE GANADO VACUNO EN LAS COMUNIDADES CAMPESINAS DEL   DISTRITO DE PALLPATA DE LA PROVINCIA DE ESPINAR DEL DEPARTAMENTO DE CUSCO;99552;PEN;3;Comparación de Precios;goods;Baja competencia
1199178;20201987297;MUNICIPALIDAD PROVINCIAL DE JAEN;CAJAMARCA;JAEN;CREACION DE POLIDEPORTIVO EN EL CASERIO EL LAUREL C.P. LA PALMA CENTRAL,  DISTRITO DE JAEN - PROVINCIA DE JAEN - DEPARTAMENTO DE CAJAMARCA;404911.48;PEN;14;Licitación Pública Abreviada;works;Mediana competencia
1193585;20146806679;MUNICIPALIDAD PROVINCIAL DE MOYOBAMBA;SAN MARTIN;MOYOBAMBA;MEJORAMIENTO DEL SERVICIO DE EDUCACIÓN INICIAL EN I.E. 087  DE CENTRO POBLADO JERILLO DISTRITO DE JEPELACIO DE LA PROVINCIA DE MOYOBAMBA DEL DEPARTAMENTO DE SAN MARTIN;206945.89;PEN;12;Concurso Público Abreviado;services;Mediana competencia
1198718;20188948741;MUNICIPALIDAD PROVINCIAL DE HUARAL;LIMA;HUARAL;MEJORAMIENTO DE LOS SERVICIOS DE MOVILIDAD URBANA EN LOS CENTROS POBLADOS ESQUIVEL, LOS JARDINES Y EL AA.HH. ALEJANDRO DEL SOLAR DEL DISTRITO DE HUARAL - PROVINCIA DE HUARAL - DEPARTAMENTO DE LIMA;76995.38;PEN;8;Concurso Público Abreviado;services;Baja competencia
1198287;20452393493;GOBIERNO REGIONAL DE AYACUCHO SEDE CENTRAL;AYACUCHO;HUAMANGA;MEJORAMIENTO DE LOS SERVICIOS DE PROMOCIÓN DEL COMERCIO INTERNO DEL CAMPO FERIAL CANAÁN BAJO DEL  DISTRITO DE ANDRES AVELINO CACERES - PROVINCIA DE HUAMANGA - DEPARTAMENTO DE AYACUCHO;98655;PEN;3;Comparación de Precios;goods;Baja competencia
1196824;20199860551;GOBIERNO REGIONAL DE PUNO-PROGRAMA REGIONAL DE RIEGO Y DRENAJE;PUNO;PUNO;CREACION DEL SERVICIO DE AGUA PARA RIEGO TECNIFICADO EN LAS COMUNIDADES DE IPARO, ARICATO, QUENEQUE, MORORIA, CCAPUNA Y APABUCO DEL DISTRITO DE SANDIA - PROVINCIA DE SANDIA - DEPARTAMENTO DE PUNO;54282;PEN;3;Comparación de Precios;goods;Baja competencia
1195752;20154491873;MUNICIPALIDAD PROVINCIAL DE ILO;MOQUEGUA;ILO;AMPLIACION DEL SERVICIO DE MOVILIDAD URBANA EN LAS VIAS LOCALES DEL A.H. LOS ANGELES, PROMUVI V EN LA PAMPA INALAMBRICA,   DISTRITO DE ILO DE LA PROVINCIA DE ILO DEL DEPARTAMENTO DE MOQUEGUA;273962;PEN;7;Subasta Inversa Electrónica;goods;Baja competencia
1192363;20494642078;GOBIERNO REGIONAL DE AYACUCHO - PROGRAMA REGIONAL DE IRRIGACION Y DESARROLLO RURAL INTEGRADO;AYACUCHO;HUAMANGA;AMPLIACION DE LA PRESA ANCASCOCHA Y AFIANZAMIENTO DEL VALLE DE YAUCA (AYACUCHO Y AREQUIPA);90255;PEN;4;Subasta Inversa Electrónica;goods;Baja competencia
1193272;20186751613;MUNICIPALIDAD DISTRITAL DE SEPAHUA;UCAYALI;ATALAYA;"REPARACION DE SISTEMA DE ABASTECIMIENTO DE AGUA POTABLE; ADQUISICION DE EQUIPOS COMPLEMENTARIOS; EN EL(LA) SISTEMA DE CAPTACION E IMPULSION EN LA PLANTA DE TRATAMIENTO AGUA DE VILLA SEPAHUA,  DISTRITO DE SEPAHUA, PROVINCIA ATALAYA, DEPARTAMENTO UCAYALI";2132308.5;PEN;3;Subasta Inversa Electrónica;goods;Baja competencia
1195847;20169004359;UNIVERSIDAD NACIONAL DE INGENIERIA;LIMA;LIMA;MEJORAMIENTO Y AMPLIACIÓN DE LOS SERVICIOS DE CTI PARA FORTALECER EL SISTEMA NACIONAL DE CIENCIA, TECNOLOGÍA E INNOVACIÓN;26315.8;PEN;1;Convenio;services;Baja competencia
1196306;20177217043;MUNICIPALIDAD PROVINCIAL DEL CUSCO;CUSCO;CUSCO;MEJORAMIENTO DEL SERVICIO DE LA TRANSITABILIDAD VEHICULAR Y PEATONAL ENTRE LA ASOCIACION PRO VIVIENDA CRUZ VERDE - SECTOR CHINCHAYSUYO - SECTOR HUAMPAR Y LA LOCALIDAD DE POROY, DISTRITO DE POROY - CUSCO - CUSCO;265884;PEN;22;Subasta Inversa Electrónica;goods;Alta competencia
1195763;20601625017;MUNICIPALIDAD DISTRITAL DE MEGANTONI;CUSCO;LA CONVENCION;AMPLIACION DE LOS SERVICIOS DE LIMPIEZA PÚBLICA EN LA CC.NN DE SENSA DEL DISTRITO DE MEGANTONI - PROVINCIA DE LA CONVENCION - DEPARTAMENTO DE CUSCO;69027;PEN;5;Comparación de Precios;goods;Baja competencia
1192459;20185896723;MUNICIPALIDAD PROVINCIAL DE HUANCANE;PUNO;HUANCANE;CREACION DE LOS SERVICIOS OPERATIVOS O MISIONALES INSTITUCIONALES EN LA LIGA AGRARIA 24 DE JUNIO HUANCANE   DISTRITO DE HUANCANE DE LA PROVINCIA DE HUANCANE DEL DEPARTAMENTO DE PUNO;66998;PEN;3;Comparación de Precios;goods;Baja competencia
1199374;20193065938;MUNICIPALIDAD DISTRITAL DE ITE;TACNA;JORGE BASADRE;MEJORAMIENTO DE LOS SERVICIOS DE APOYO AL DESARROLLO PRODUCTIVO EN LA CADENA DE PRODUCCION DE GANADO VACUNO LECHERO Y GANADO VACUNO DE ENGORDE DEL   DISTRITO DE ITE DE LA PROVINCIA DE JORGE BASADRE DEL DEPARTAMENTO DE TACNA;99400;PEN;4;Comparación de Precios;goods;Baja competencia
1192688;20211874296;MUNICIPALIDAD DISTRITAL DE SOROCHUCO;CAJAMARCA;CELENDIN;"CONSTRUCCION DE CERCO PERIMETRICO; EN EL(LA) I.E. 821343 EN EL CENTRO POBLADO FARO ALTO, DISTRITO DE SOROCHUCO, PROVINCIA CELENDIN, DEPARTAMENTO CAJAMARCA";204338.37;PEN;9;Licitación Pública Abreviada;works;Baja competencia
1198355;20148290165;MUNICIPALIDAD DISTRITAL DE TONGOD;CAJAMARCA;SAN MIGUEL;MEJORAMIENTO Y AMPLIACION DE LOS SERVICIOS OPERATIVOS O MISIONALES INSTITUCIONALES EN MUNICIPALIDAD DISTRITAL DE TONGOD   DISTRITO DE TONGOD DE LA PROVINCIA DE SAN MIGUEL DEL DEPARTAMENTO DE CAJAMARCA;820000;PEN;1;Contratación Directa;goods;Baja competencia
1194423;20190003541;MUNICIPALIDAD DISTRITAL DE MAZAMARI;JUNIN;SATIPO;MEJORAMIENTO DE LOS SERVICIOS OPERATIVOS O MISIONALES INSTITUCIONALES EN 24 LOCALIDADES DEL   DISTRITO DE MAZAMARI DE LA PROVINCIA DE SATIPO DEL DEPARTAMENTO DE JUNIN;61020;PEN;1;Contratación Directa;goods;Baja competencia
1193167;20185898343;GOBIERNO REGIONAL DE APURIMAC-CHANKA;APURIMAC;ABANCAY;MEJORAMIENTO Y AMPLIACION DEL SERVICIO DE AGUA PARA RIEGO EN ANCCARAYLLA, CCACCE,CHAVELAYOC, PALMA REAL,SANTA ROSA ALTA,UNIÓN CLAVELES,CUNCAYOC,CCACHCCARUMIHUAYCCO, RAYANNIYOC,CCOCHO MOCCO, SANTA ANITA,AÑASORCCO,SACHAYOC MOCCO,CABALLO OCCO,PURMACC WASICUCHO, POTRERO OCCO,CCALLPA MOCCO,CUMANAYLLA,CHECCHE,SACLAYA, ÑAHUINPUQUIO, HUARACCOPATA, CCANCHUPATA Y CHAQUICCOCHAPATA, EN LOS DISTRITOS DE ANDAHUAYLAS, SAN JERONIMO Y JOSE MARIA ARGUEDAS DE LA  PROVINCIA DE ANDAHUAYLAS - DEPARTAMENTO DE APURIMAC;480152;PEN;13;Subasta Inversa Electrónica;goods;Mediana competencia
1197147;20228443264;GOBIERNO REGIONAL DE CUSCO-AGRICULTURA;CUSCO;CUSCO;MEJORAMIENTO DEL SERVICIOS DE DESARROLLO DE LAS CAPACIDADES DE LOS PRODUCTORES EN EL MANEJO DE PLAGAS Y ENFERMEDADES DEL CULTIVO DE CAFÉ EN LAS PROVINCIAS DE CALCA, LA CONVENCION Y PAUCARTAMBO DEL  DEPARTAMENTO DE CUSCO;79200;PEN;2;Subasta Inversa Electrónica;goods;Baja competencia
1200882;20169004359;UNIVERSIDAD NACIONAL DE INGENIERIA;LIMA;LIMA;MEJORAMIENTO Y AMPLIACIÓN DE LOS SERVICIOS DE CTI PARA FORTALECER EL SISTEMA NACIONAL DE CIENCIA, TECNOLOGÍA E INNOVACIÓN;60526.26;PEN;1;Convenio;services;Baja competencia
1198293;20452393493;GOBIERNO REGIONAL DE AYACUCHO SEDE CENTRAL;AYACUCHO;HUAMANGA;MEJORAMIENTO 1DE ACCESOS E INSTALACION DE SERVICIOS TURISTICOS DE ESTACIONAMIENTO DE TRANSPORTE, INTERPRETACION CULTURAL Y DISFRUTE DEL PAISAJE EN EL SITIO ARQUEOLOGICO DE PIKIMACHAY, DISTRITO DE PACAYCASA, PROVINCIA DE HUAMANGA, REGION AYACUCHO;99940;PEN;3;Comparación de Precios;goods;Baja competencia
1200905;20169004359;UNIVERSIDAD NACIONAL DE INGENIERIA;LIMA;LIMA;MEJORAMIENTO Y AMPLIACIÓN DE LOS SERVICIOS DE CTI PARA FORTALECER EL SISTEMA NACIONAL DE CIENCIA, TECNOLOGÍA E INNOVACIÓN;52631.58;PEN;1;Convenio;services;Baja competencia
1196464;20185896723;MUNICIPALIDAD PROVINCIAL DE HUANCANE;PUNO;HUANCANE;CREACION DEL SERVICIO DE PRÁCTICA DEPORTIVA Y/O RECREATIVA EN LA PARCIALIDAD DE NINAKARKA DEL   DISTRITO DE HUANCANE DE LA PROVINCIA DE HUANCANE DEL DEPARTAMENTO DE PUNO;392370.52;PEN;11;Licitación Pública Abreviada;works;Mediana competencia
1195683;20199463129;MUNICIPALIDAD DISTRITAL DE PALCA - HUANCAVELICA;HUANCAVELICA;HUANCAVELICA;CREACION DEL SERVICIO DE PRÁCTICA DEPORTIVA Y/O RECREATIVA EN EL BARRIO CUCHIWASI DE LA LOCALIDAD DE HORNOBAMBA DEL  DISTRITO DE PALCA - PROVINCIA DE HUANCAVELICA - DEPARTAMENTO DE HUANCAVELICA;49994.24;PEN;3;Comparación de Precios;goods;Baja competencia
1192648;20172268430;MUNICIPALIDAD PROVINCIAL DE HUARAZ;ANCASH;HUARAZ;CREACION DEL SERVICIO DE ELECTRIFICACIÓN EN EL SECTOR DE  CULLASH  DEL  DISTRITO DE PAMPAS GRANDE - PROVINCIA DE HUARAZ - DEPARTAMENTO DE ANCASH;1177223.59;PEN;12;Licitación Pública Abreviada;works;Mediana competencia
1195459;20452393493;GOBIERNO REGIONAL DE AYACUCHO SEDE CENTRAL;AYACUCHO;HUAMANGA;CREACION Y MEJORAMIENTO DE LA CARRETERA SAN JOSE CHOYMACOTA TRAMO PUTIS-APULEMA-PACHACHACA-CHONGOS, DISTRITO DE SANTILLANA, SIVIA Y LLOCHEGUA, PROVINCIA DE HUANTA-AYACUCHO;63592;PEN;3;Comparación de Precios;goods;Baja competencia
1196656;20169004359;UNIVERSIDAD NACIONAL DE INGENIERIA;LIMA;LIMA;MEJORAMIENTO Y AMPLIACIÓN DE LOS SERVICIOS DE CTI PARA FORTALECER EL SISTEMA NACIONAL DE CIENCIA, TECNOLOGÍA E INNOVACIÓN;38986.34;PEN;1;Convenio;services;Baja competencia
1195220;20222360677;MUNICIPALIDAD DISTRITAL DE PALLPATA;CUSCO;ESPINAR;MEJORAMIENTO DE LOS SERVICIOS DE APOYO AL DESARROLLO PRODUCTIVO EN LA CADENA PRODUCTIVA DE GANADO VACUNO EN LAS COMUNIDADES CAMPESINAS DEL   DISTRITO DE PALLPATA DE LA PROVINCIA DE ESPINAR DEL DEPARTAMENTO DE CUSCO;141692.5;PEN;8;Subasta Inversa Electrónica;goods;Baja competencia
1197036;20159308619;MUNICIPALIDAD DISTRITAL DE OMACHA;CUSCO;PARURO;MEJORAMIENTO DE LOS SERVICIOS DE APOYO AL DESARROLLO PRODUCTIVO EN LA SUB GERENCIA DE DESARROLLO ECONÓMICO LOCAL DE LA MUNICIPALIDAD DISTRITAL DE OMACHA DEL   DISTRITO DE OMACHA DE LA PROVINCIA DE PARURO DEL DEPARTAMENTO DE CUSCO;119282;PEN;7;Subasta Inversa Electrónica;goods;Baja competencia
1200272;20169004359;UNIVERSIDAD NACIONAL DE INGENIERIA;LIMA;LIMA;MEJORAMIENTO Y AMPLIACIÓN DE LOS SERVICIOS DE CTI PARA FORTALECER EL SISTEMA NACIONAL DE CIENCIA, TECNOLOGÍA E INNOVACIÓN;26315.8;PEN;1;Convenio;services;Baja competencia
1199478;20140266575;GOBIERNO REGIONAL DE CUSCO - PROYECTO ESPECIAL PLAN MERISS INKA;CUSCO;CUSCO;INSTALACION Y MEJORAMIENTO DEL SERVICIO DE AGUA PARA RIEGO EN LA CUENCA DEL RÍO BERMEJO-COLORADO, DISTRITOS LIMATAMBO Y MOLLEPATA, PROVINCIA ANTA - CUSCO;99800;PEN;3;Comparación de Precios;goods;Baja competencia
1195901;20161209792;MUNICIPALIDAD DISTRITAL DE VELILLE;CUSCO;CHUMBIVILCAS;MEJORAMIENTO DE LOS SERVICIOS DE APOYO AL DESARROLLO PRODUCTIVO EN LA FRONTERA AGRICOLA EN LAS 8 COMUNIDADES DEL   DISTRITO DE VELILLE DE LA PROVINCIA DE CHUMBIVILCAS DEL DEPARTAMENTO DE CUSCO,MEJORAMIENTO DEL SERVICIO DE PRÁCTICA DEPORTIVA Y/O RECREATIVA EN LA I.E. JUAN DE DIOS VALENCIA DEL   DISTRITO DE VELILLE DE LA PROVINCIA DE CHUMBIVILCAS DEL DEPARTAMENTO DE CUSCO;238940;PEN;3;Subasta Inversa Electrónica;goods;Baja competencia
1196661;20166544000;MUNICIPALIDAD DISTRITAL DE SAN MARCOS;ANCASH;HUARI;CREACION DE LOS SERVICIOS DE PROTECCIÓN EN RIBERAS DE RÍO VULNERABLES ANTE EL PELIGRO EN EL MARGEN DERECHO E IZQUIERDO DEL RIO PUJUN BADO EN EL TRAMO PUENTE PALTA HASTA EL PUENTE PUJUN  DE CENTRO POBLADO CARHUAYOC DISTRITO DE SAN MARCOS DE LA PROVINCIA DE HUARI DEL DEPARTAMENTO DE ANCASH;4329209.83;PEN;8;Licitación Pública Abreviada;works;Baja competencia
1193732;20170258305;GOBIERNO REGIONAL DE MADRE DE DIOS - PROYECTO ESPECIAL MADRE DE DIOS;MADRE DE DIOS;TAHUAMANU;REHABILITACIÓN Y MEJORAMIENTO DEL CAMINO VECINAL SUDADERO-LAGO VALENCIA, DISTRITO DE LAS PIEDRAS - TAMBOPATA - MADRE DE DIOS;82856.33;PEN;5;Licitación Pública Abreviada;goods;Baja competencia
1197693;20166106746;MUNICIPALIDAD DISTRITAL DE MARANURA;CUSCO;LA CONVENCION;MEJORAMIENTO DE LA CADENA PRODUCTIVA DEL LIMON EN EL, DISTRITO DE MARANURA - LA CONVENCION - CUSCO;51725;PEN;3;Comparación de Precios;goods;Baja competencia
1196042;20171895147;MUNICIPALIDAD DISTRITAL DE ILABAYA;TACNA;JORGE BASADRE;CREACION DE LOS SERVICIOS DE PROTECCIÓN EN LA RIBERA DE LAS QUEBRADAS VULNERABLES ANTE EL PELIGRO EN MOVIMIENTOS EN MASA EN LA QUEBRADA AHORCADO EN EL SECTOR PAMPA MESA GRANDE DEL CENTRO POBLADO MIRAVE   DISTRITO DE ILABAYA DE LA PROVINCIA DE JORGE BASADRE DEL DEPARTAMENTO DE TACNA;91800;PEN;3;Comparación de Precios;goods;Baja competencia
1196664;20169004359;UNIVERSIDAD NACIONAL DE INGENIERIA;LIMA;LIMA;MEJORAMIENTO Y AMPLIACIÓN DE LOS SERVICIOS DE CTI PARA FORTALECER EL SISTEMA NACIONAL DE CIENCIA, TECNOLOGÍA E INNOVACIÓN;34736.84;PEN;1;Convenio;services;Baja competencia
1193702;20519752515;GOBIERNO REGIONAL DE TACNA SEDE CENTRAL;TACNA;TACNA;MEJORAMIENTO DEL SERVICIO DE ALCANTARILLADO U OTRAS FORMAS DE DISPOSICIÓN SANITARIA DE EXCRETAS EN EL SISTEMA DE DESAGUE Y TRATAMIENTO DE AGUAS RESIDUALES PARA DISPOSICIÓN FINAL EN EL CENTRO POBLADO SANTA CRUZ DEL   DISTRITO DE CANDARAVE DE LA PROVINCIA DE CANDARAVE DEL DEPARTAMENTO DE TACNA;54933.33;PEN;3;Comparación de Precios;goods;Baja competencia
1193965;20490448951;GOBIERNO REGIONAL DE MADRE DE DIOS - UNIDAD EJECUTORA 1392 SUBREGION MANU;MADRE DE DIOS;MANU;MEJORAMIENTO DE LOS CAMINOS VECINALES DE LAS COMUNIDADES NATIVAS Y RURALES DE LA CUENCA ALTO MADRE DE DIOS, DISTRITO MANU Y FITZCARRALD, PROVINCIA DE MANU, REGIÓN MADRE DE DIOS;65505.13;PEN;10;Subasta Inversa Electrónica;goods;Mediana competencia
1195565;20604932964;AUTORIDAD DE TRANSPORTE URBANO PARA LIMA Y CALLAO;LIMA;LIMA;CREACION DE LA LINEA 3 DE LA RED BASICA DEL METRO DE LIMA, PROVINCIA DE LIMA, DEPARTAMENTO DE LIMA  DISTRITO DE LIMA - PROVINCIA DE LIMA - DEPARTAMENTO DE LIMA;382500;PEN;2;Regímen Especial;services;Baja competencia
1192227;20288774553;MUNICIPALIDAD DISTRITAL DE CHALLHUAHUACHO;APURIMAC;COTABAMBAS;CREACION DEL SERVICIO DE TRANSITABILIDAD VEHICULAR EN LOS TRAMOS DE YURACMAYO ¿ PICCHUPAMPA Y CENTRAL CHOAQUERE - PALMADERAYOC PAMPA\n EN LA COMUNIDAD CAMPESINA DE CHOAQUERE DEL DISTRITO DE CHALLHUAHUACHO ¿ PROVINCIA DE COTABAMBAS ¿ DEPARTAMENTO DE APURÍMAC CHOAQUERE DEL DISTRITO DE CHALLHUAHUACHO - PROVINCIA DE COTABAMBAS - DEPARTAMENTO DE APURIMAC;166600;PEN;9;Subasta Inversa Electrónica;goods;Baja competencia
1201984;20169004359;UNIVERSIDAD NACIONAL DE INGENIERIA;LIMA;LIMA;MEJORAMIENTO Y AMPLIACIÓN DE LOS SERVICIOS DE CTI PARA FORTALECER EL SISTEMA NACIONAL DE CIENCIA, TECNOLOGÍA E INNOVACIÓN;28481;PEN;1;Convenio;services;Baja competencia
1196552;20220889042;MUNICIPALIDAD DISTRITAL DE VITOR;AREQUIPA;AREQUIPA;MEJORAMIENTO DEL SERVICIO DE SEGURIDAD CIUDADANA LOCAL EN LA LOCALIDAD DE VITOR,   DISTRITO DE VITOR DE LA PROVINCIA DE AREQUIPA DEL DEPARTAMENTO DE AREQUIPA;2458386;PEN;9;Licitación Pública Abreviada;works;Baja competencia
1195385;20278211895;MUNICIPALIDAD DISTRITAL DE LIVITACA;CUSCO;CHUMBIVILCAS;MEJORAMIENTO DE LOS SERVICIOS OPERATIVOS O MISIONALES INSTITUCIONALES EN EL PALACIO MUNICIPAL DEL   DISTRITO DE LIVITACA DE LA PROVINCIA DE CHUMBIVILCAS DEL DEPARTAMENTO DE CUSCO;98421.17;PEN;3;Comparación de Precios;goods;Baja competencia
1197844;20170623526;MUNICIPALIDAD DISTRITAL DE CARUMAS;MOQUEGUA;MARISCAL NIETO;MEJORAMIENTO DE LOS SERVICIOS DE APOYO AL DESARROLLO PRODUCTIVO EN LA CADENA PRODUCTIVA PECUARIA DEL   DISTRITO DE CARUMAS DE LA PROVINCIA DE MARISCAL NIETO DEL DEPARTAMENTO DE MOQUEGUA;141938;PEN;15;Licitación Pública Abreviada;goods;Mediana competencia
1193244;20154470108;MUNICIPALIDAD DISTRITAL DE SAMEGUA;MOQUEGUA;MARISCAL NIETO;MEJORAMIENTO DEL SERVICIO DE TRANSITABILIDAD VEHICULAR Y PEATONAL EN LAS ASOCIACIONES DE VIVIENDA SAN MARTIN DE PORRES, LOS CIPRECES Y MINISTERIO DE TRANSPORTES DE LA JUNTA VECINAL CERRILLOS SANTA FORTUNATA DEL  DISTRITO DE SAMEGUA - PROVINCIA DE MARISCAL NIETO - DEPARTAMENTO DE MOQUEGUA;58310;PEN;6;Subasta Inversa Electrónica;goods;Baja competencia
1196397;20169004359;UNIVERSIDAD NACIONAL DE INGENIERIA;LIMA;LIMA;MEJORAMIENTO Y AMPLIACIÓN DE LOS SERVICIOS DE CTI PARA FORTALECER EL SISTEMA NACIONAL DE CIENCIA, TECNOLOGÍA E INNOVACIÓN;67251.44;PEN;1;Convenio;services;Baja competencia
1192525;20406325815;GOBIERNO REGIONAL DE PUNO SEDE CENTRAL;PUNO;PUNO;MEJORAMIENTO SERVICIO EDUCATIVO EN LA IES. 32 MARIANO H. CORNEJO DE LA LOCALIDAD DE JULIACA - DISTRITO DE JULIACA - PROVINCIA DE SAN ROMAN - REGIÓN PUNO;56600;PEN;21;Subasta Inversa Electrónica;goods;Alta competencia
1196691;20166164789;MUNICIPALIDAD PROVINCIAL DE ISLAY - MOLLENDO;AREQUIPA;ISLAY;MEJORAMIENTO DEL SERVICIO DE MOVILIDAD URBANA EN LA AV. AREQUIPA DESDE LA CALLE MANCO CAPAC HASTA LA CALLE ATAHUALPA, CALLE HUASCAR, CALLE HUAYNA CAPAC LLEGANDO A LA CALLE CAPAC YUPANQUI HASTA LA CALLE MACHU PICHU  DE CENTRO POBLADO ASENTAMIENTO VII SAN CAMILO DISTRITO DE COCACHACRA DE LA PROVINCIA DE ISLAY DEL DEPARTAMENTO DE AREQUIPA;124307.5;PEN;1;Subasta Inversa Electrónica;goods;Baja competencia
1197282;20161096068;MUNICIPALIDAD PROVINCIAL DE COTABAMBAS - TAMBOBAMBA;APURIMAC;COTABAMBAS;CREACION DE CAMINO VECINAL TRAMO CHOMPAPATA - CCOSCCOPATA - QELLO MOLLEYOC - CCOPERO - OCHOPATA -  MANOBAMBA ¿ SACSAMARCA DEL CENTRO POBLADO DE CHACCARO,  DISTRITO DE TAMBOBAMBA - PROVINCIA DE COTABAMBAS - DEPARTAMENTO DE APURIMAC;65167;PEN;3;Comparación de Precios;goods;Baja competencia
1199034;20159308619;MUNICIPALIDAD DISTRITAL DE OMACHA;CUSCO;PARURO;MEJORAMIENTO DE LOS SERVICIOS DE INTERCAMBIO INTERCULTURAL EN MUNICIPALIDAD DISTRITAL DE OMACHA   DISTRITO DE OMACHA DE LA PROVINCIA DE PARURO DEL DEPARTAMENTO DE CUSCO;76380;PEN;3;Comparación de Precios;goods;Baja competencia
1199255;20185157921;MUNICIPALIDAD DISTRITAL DE SANTIAGO DE CAO;LA LIBERTAD;ASCOPE;AMPLIACION DE LOS SERVICIOS FUNERARIOS Y DE SEPULTURA EN EL CEMENTERIO MUNICIPAL DEL CENTRO POBLADO DE CARTAVIO DEL DISTRITO DE SANTIAGO DE CAO - PROVINCIA DE ASCOPE - DEPARTAMENTO DE LA LIBERTAD;302493.72;PEN;12;Licitación Pública Abreviada;works;Mediana competencia
1197094;20166164789;MUNICIPALIDAD PROVINCIAL DE ISLAY - MOLLENDO;AREQUIPA;ISLAY;MEJORAMIENTO DEL SERVICIO DE MOVILIDAD URBANA EN LA AV. AREQUIPA DESDE LA CALLE MANCO CAPAC HASTA LA CALLE ATAHUALPA, CALLE HUASCAR, CALLE HUAYNA CAPAC LLEGANDO A LA CALLE CAPAC YUPANQUI HASTA LA CALLE MACHU PICHU  DE CENTRO POBLADO ASENTAMIENTO VII SAN CAMILO DISTRITO DE COCACHACRA DE LA PROVINCIA DE ISLAY DEL DEPARTAMENTO DE AREQUIPA;213008.1;PEN;3;Subasta Inversa Electrónica;goods;Baja competencia
1195963;20145883459;MUNICIPALIDAD DISTRITAL DE BAÑOS;HUANUCO;LAURICOCHA;"REPARACION DE CALZADA O PISTA; EN EL(LA) IA VECINAL NO PAVIMENTADA, RUTA HU -1145 ,EMP RUTA HU-109 - JOSE OLAYA -CHONTA  DISTRITO DE BAÑOS, PROVINCIA LAURICOCHA, DEPARTAMENTO HUANUCO";189132.32;PEN;4;Licitación Pública Abreviada;works;Baja competencia
1196684;20166164789;MUNICIPALIDAD PROVINCIAL DE ISLAY - MOLLENDO;AREQUIPA;ISLAY;MEJORAMIENTO DEL SERVICIO DE MOVILIDAD URBANA EN LA AV. AREQUIPA DESDE LA CALLE MANCO CAPAC HASTA LA CALLE ATAHUALPA, CALLE HUASCAR, CALLE HUAYNA CAPAC LLEGANDO A LA CALLE CAPAC YUPANQUI HASTA LA CALLE MACHU PICHU  DE CENTRO POBLADO ASENTAMIENTO VII SAN CAMILO DISTRITO DE COCACHACRA DE LA PROVINCIA DE ISLAY DEL DEPARTAMENTO DE AREQUIPA;89076;PEN;4;Subasta Inversa Electrónica;goods;Baja competencia
1192806;20498390570;GOBIERNO REGIONAL DE AREQUIPA Sede Central;AREQUIPA;AREQUIPA;MEJORAMIENTO DE LOS SERVICIOS DE SALUD DEL ESTABLECIMIENTO DE SALUD COTAHUASI, DISTRITO COTAHUASI, PROVINCIA LA UNIÓN, REGIÓN AREQUIPA;13845755.63;PEN;15;Licitación Pública Abreviada - Ley N°31589;works;Mediana competencia
1192414;20185898343;GOBIERNO REGIONAL DE APURIMAC-CHANKA;APURIMAC;ABANCAY;MEJORAMIENTO DEL SERVICIO DE EDUCACIÓN SECUNDARIA, SERVICIO DE EDUCACION PRIMARIA Y SERVICIO DE EDUCACIÓN INICIAL EN 3 UNIDADES PRODUCTORAS  DE CENTRO POBLADO CHAMPACCOCHA DISTRITO DE SAN JERONIMO DE LA PROVINCIA DE ANDAHUAYLAS DEL DEPARTAMENTO DE APURIMAC;160573.33;PEN;25;Licitación Pública Abreviada;goods;Alta competencia
1196643;20193065938;MUNICIPALIDAD DISTRITAL DE ITE;TACNA;JORGE BASADRE;AMPLIACION DEL SERVICIO DE COBERTURA DE TELECOMUNICACIONES EN LA LOCALIDAD PAMPA ALTA,  DISTRITO DE ITE - PROVINCIA DE JORGE BASADRE - DEPARTAMENTO DE TACNA;74360;PEN;3;Comparación de Precios;goods;Baja competencia
1193340;20181403064;MUNICIPALIDAD DISTRITAL DE DESAGUADERO;PUNO;CHUCUITO;"RENOVACION DE POZO; EN EL(LA) COMUNIDAD DE CARANCAS EN EL CENTRO POBLADO CARANCAS, DISTRITO DE DESAGUADERO, PROVINCIA CHUCUITO, DEPARTAMENTO PUNO";225790;PEN;17;Licitación Pública Abreviada;goods;Mediana competencia
1193223;20154470108;MUNICIPALIDAD DISTRITAL DE SAMEGUA;MOQUEGUA;MARISCAL NIETO;MEJORAMIENTO DEL SERVICIO DE TRANSITABILIDAD VEHICULAR Y PEATONAL EN LAS ASOCIACIONES DE VIVIENDA SAN MARTIN DE PORRES, LOS CIPRECES Y MINISTERIO DE TRANSPORTES DE LA JUNTA VECINAL CERRILLOS SANTA FORTUNATA DEL  DISTRITO DE SAMEGUA - PROVINCIA DE MARISCAL NIETO - DEPARTAMENTO DE MOQUEGUA;72730;PEN;7;Subasta Inversa Electrónica;goods;Baja competencia
1193046;20159386415;MUNICIPALIDAD DISTRITAL DE QUIQUIJANA;CUSCO;QUISPICANCHI;CREACION DEL SERVICIO DE MOVILIDAD URBANA A TRAVES DE PISTAS Y VEREDAS EN LA COMUNIDAD CAMPESINA DE ACCOPATA DEL DISTRITO DE QUIQUIJANA - PROVINCIA DE QUISPICANCHI - DEPARTAMENTO DE CUSCO;190600;PEN;9;Subasta Inversa Electrónica;goods;Baja competencia
1193364;20452393493;GOBIERNO REGIONAL DE AYACUCHO SEDE CENTRAL;AYACUCHO;HUAMANGA;"MEJORAMIENTO Y AMPLIACION DEL SISTEMA DE AGUA POTABLE Y ALCANTARILLADO EN LAS VÍAS PRINCIPALES Y CALLES ALEDAÑAS DEL CONO ESTE, EN LAS ASOCIACIONES DE VIVIENDA LA HOYADA; LAS PALMERAS, SAN JOSÉ, RÍO CACHI, LOS AMAUTAS, MARÍA AUXILIADORA, CHAQUIBAMBA Y YANAMILLA DEL  DISTRITO DE ANDRES AVELINO CACERES - PROVINCIA DE HUAMANGA - DEPARTAMENTO DE AYACUCHO";58700;PEN;3;Comparación de Precios;goods;Baja competencia
1203556;20414868216;PROGRAMA SUBSECTORIAL DE IRRIGACIONES - PSI;LIMA;LIMA;MEJORAMIENTO DEL SERVICIO DE PROVISIÓN DE AGUA PARA RIEGO DEL SISTEMA DE RIEGO PARCELARIO DEL GRUPO DE GESTIÓN EMPRESARIAL APA - QUINQUIN, ACHA DEL DISTRITO DE MATO - PROVINCIA DE HUAYLAS - DEPARTAMENTO DE ANCASH;28000;PEN;1;Convenio;services;Baja competencia
1197497;20190242961;MUNICIPALIDAD PROVINCIAL DE OXAPAMPA;PASCO;OXAPAMPA;"CONSTRUCCION DE VIAS DE ACCESO; EN EL(LA) SECTOR EL IDEAL Y NOGALPAMPA (JR. HEROLD, JR. KOCH, JR. KENNEDY, JR IDEAL, PASAJE ESTEBAN YALICO Y PROLONGACION HUANCABAMBA)  DISTRITO DE OXAPAMPA, PROVINCIA OXAPAMPA, DEPARTAMENTO PASCO";99990;PEN;4;Comparación de Precios;goods;Baja competencia
1195828;20163065330;MUNICIPALIDAD PROVINCIAL DE SANTA - CHIMBOTE;ANCASH;SANTA;MEJORAMIENTO DEL SERVICIO DE PRÁCTICA DEPORTIVA Y/O RECREATIVA EN COMPLEJO DEPORTIVO DEFENSORES DE LA JUVENTUD EN EL A.H. VILLA ESPAÑA MZ J1 LOTE 01   DISTRITO DE CHIMBOTE DE LA PROVINCIA DE SANTA DEL DEPARTAMENTO DE ANCASH;4490477.26;PEN;10;Licitación Pública Abreviada;works;Mediana competencia
1195564;20168076640;MUNICIPALIDAD DISTRITAL DE CHALLABAMBA;CUSCO;PAUCARTAMBO;MEJORAMIENTO DE LOS SERVICIOS DE APOYO AL DESARROLLO PRODUCTIVO EN LAS CAPACIDADES PRODUCTIVAS DE LA CRIANZA DE CAMELIDOS SUDAMERICANOS EN LAS COMUNIDADES ALTO ANDINAS DEL   DISTRITO DE CHALLABAMBA DE LA PROVINCIA DE PAUCARTAMBO DEL DEPARTAMENTO DE CUSCO;408000;PEN;8;Licitación Pública Abreviada;goods;Baja competencia
1192213;20177217043;MUNICIPALIDAD PROVINCIAL DEL CUSCO;CUSCO;CUSCO;MEJORAMIENTO Y AMPLIACION DE LA DISPOSICION FINAL DE LOS RESIDUOS SOLIDOS URBANOS MUNICIPALES EN LA LOCALIDAD DE JAQUIRA, DISTRITO SANTIAGO, PROVINCIA DE CUSCO - CUSCO;228375;PEN;2;Subasta Inversa Electrónica;goods;Baja competencia
1193622;20494642078;GOBIERNO REGIONAL DE AYACUCHO - PROGRAMA REGIONAL DE IRRIGACION Y DESARROLLO RURAL INTEGRADO;AYACUCHO;HUAMANGA;AMPLIACION DE LA PRESA ANCASCOCHA Y AFIANZAMIENTO DEL VALLE DE YAUCA (AYACUCHO Y AREQUIPA);97120;PEN;3;Comparación de Precios;goods;Baja competencia
1203923;20220889042;MUNICIPALIDAD DISTRITAL DE VITOR;AREQUIPA;AREQUIPA;MEJORAMIENTO DEL SERVICIO DE SEGURIDAD CIUDADANA LOCAL EN LA LOCALIDAD DE VITOR,   DISTRITO DE VITOR DE LA PROVINCIA DE AREQUIPA DEL DEPARTAMENTO DE AREQUIPA;2458386;PEN;11;Licitación Pública Abreviada;works;Mediana competencia
1197325;20486021692;GOBIERNO REGIONAL DE JUNIN SEDE CENTRAL;JUNIN;HUANCAYO;"ADQUISICION DE SISTEMA DE MANDO Y CONTROL Y AFORADOR; EN EL(LA) PARA INFRAESTRUCTURA PARA 19 SISTEMAS DE RIEGO, EN 4 DISTRITOS DE LA REGION JUNIN  DISTRITO DE CHANCHAMAYO, PROVINCIA CHANCHAMAYO, DEPARTAMENTO JUNIN";84056;PEN;4;Comparación de Precios;goods;Baja competencia
1192858;20205028600;MUNICIPALIDAD DISTRITAL DE COYLLURQUI;APURIMAC;COTABAMBAS;MEJORAMIENTO Y AMPLIACION DEL SISTEMA DE SANEAMIENTO EN LAS COMUNIDADES DE LLAULLIYOC AYAHUILLCA Y SORCCO - 8 LOCALIDADES DEL DISTRITO DE COYLLURQUI - PROVINCIA DE COTABAMBAS - DEPARTAMENTO DE APURIMAC;137250;PEN;10;Subasta Inversa Electrónica;goods;Mediana competencia
1191058;20168006277;MUNICIPALIDAD DISTRITAL DE JAZAN;AMAZONAS;BONGARA;MEJORAMIENTO DEL SERVICIO EDUCATIVO DE NIVEL INICIAL EN LAS I.E.I. N° 110 SANTA ROSA DEL CENTRO POBLADO SAN JERÓNIMO, I.E.I. N° 114 DEL CENTRO POBLADO CHOSGON, I.E.I. N° 103 Y I.E.I. N° 18084 DE LA CIUDAD DE PEDRO RUIZ GALLO DEL DISTRITO DE JAZAN - PROVINCIA DE BONGARA - DEPARTAMENTO DE AMAZONAS;5906358.58;PEN;2;Contratación Directa;works;Baja competencia
1194128;20493452241;MUNICIPALIDAD DISTRITAL DE ANDOAS;LORETO;DATEM DEL MARAÑON;CREACION DEL SERVICIOS DE ESPACIOS PÚBLICOS URBANOS EN LA PLAZA  DE CENTRO POBLADO WASHINTSA DISTRITO DE ANDOAS DE LA PROVINCIA DE DATEM DEL MARAÑON DEL DEPARTAMENTO DE LORETO;80594.18;PEN;4;Concurso Público Abreviado;services;Baja competencia
1194113;20190587437;MUNICIPALIDAD DISTRITAL DE NICOLAS DE PIEROLA;AREQUIPA;CAMANA;"CONSTRUCCION DE CALZADA O PISTA; REMODELACION DE VEREDA O ACERA; EN EL(LA) CALLE 4 DEL ANEXO SAN GREGORIO DEL  DISTRITO DE NICOLAS DE PIEROLA, PROVINCIA CAMANA, DEPARTAMENTO AREQUIPA";170100;PEN;17;Subasta Inversa Electrónica;goods;Mediana competencia
1195008;20165195290;MUNICIPALIDAD PROVINCIAL DE SAN ROMAN - JULIACA;PUNO;SAN ROMAN;MEJORAMIENTO DEL SERVICIO DE MOVILIDAD URBANA EN AV. CIRCUNVALACION I TRAMO OVALO SALIDA CUSCO - PARQUE DEL TRICICLISTA   DISTRITO DE JULIACA DE LA PROVINCIA DE SAN ROMAN DEL DEPARTAMENTO DE PUNO;92292.75;PEN;3;Comparación de Precios;goods;Baja competencia
1195395;20146675124;MUNICIPALIDAD DISTRITAL DE COVIRIALI;JUNIN;SATIPO;CREACION DEL SERVICIO DE MOVILIDAD URBANA EN EL ÁREA URBANA DEL CENTRO POBLADO BELLAVISTA   DISTRITO DE COVIRIALI DE LA PROVINCIA DE SATIPO DEL DEPARTAMENTO DE JUNIN;408560.99;PEN;15;Concurso Público Abreviado;services;Mediana competencia
1194054;20493452241;MUNICIPALIDAD DISTRITAL DE ANDOAS;LORETO;DATEM DEL MARAÑON;MEJORAMIENTO DEL SERVICIO DE ATENCIÓN DE SALUD BÁSICOS EN TZEKUNZA - ANDOAS  DE CENTRO POBLADO TSEKUNTSA DISTRITO DE ANDOAS DE LA PROVINCIA DE DATEM DEL MARAÑON DEL DEPARTAMENTO DE LORETO;153826.1;PEN;5;Concurso Público Abreviado;services;Baja competencia
1193700;20181438364;MUNICIPALIDAD PROVINCIAL DE EL COLLAO - ILAVE;PUNO;EL COLLAO;"REPARACION DE PAVIMENTO; EN EL(LA) AV. EJERCITO (3RA A 9NA CUADRA), JIRÓN 02 DE MAYO (4TA A 7MA CUADRA) Y JIRÓN 28 DE JULIO (8VA Y 9NA CUADRA) A NIVEL DE PAVIMENTO FLEXIBLE EN LA CIUDAD DE ILAVE DEL  DISTRITO DE ILAVE, PROVINCIA EL COLLAO, DEPARTAMENTO PUNO";68289;PEN;11;Subasta Inversa Electrónica;goods;Mediana competencia
1197229;20166544000;MUNICIPALIDAD DISTRITAL DE SAN MARCOS;ANCASH;HUARI;MEJORAMIENTO Y AMPLIACION DEL SERVICIO DE TRÁNSITO PEATONAL INTERURBANO O RURAL EN LOS CAMINOS DE HERRADURA DEL BARRIO CHUQUIN RUCUS DE CENTRO POBLADO SAN ANDRES DE RUNTU DEL   DISTRITO DE SAN MARCOS DE LA PROVINCIA DE HUARI DEL DEPARTAMENTO DE ANCASH;121661.54;PEN;5;Concurso Público Abreviado;services;Baja competencia
1193612;20165195290;MUNICIPALIDAD PROVINCIAL DE SAN ROMAN - JULIACA;PUNO;SAN ROMAN;RECUPERACION DEL SERVICIO DE PRÁCTICA DEPORTIVA Y/O RECREATIVA EN PISCINA MUNICIPAL TEMPERADA   DISTRITO DE JULIACA DE LA PROVINCIA DE SAN ROMAN DEL DEPARTAMENTO DE PUNO;99835;PEN;3;Comparación de Precios;goods;Baja competencia
1193166;20143137296;MUNICIPALIDAD PROVINCIAL DE HUAMANGA;AYACUCHO;HUAMANGA;MEJORAMIENTO DEL PARQUE PRINCIPAL DE LA COMUNIDAD DE LUYANTA, DISTRITO DE SOCOS, PROVINCIA DE HUAMANGA - AYACUCHO;58392.27;PEN;11;Concurso Público Abreviado;services;Mediana competencia
1198091;20201596859;MUNICIPALIDAD DISTRITAL DE JOSE SABOGAL;CAJAMARCA;SAN MARCOS;"ADQUISICION DE TERRENO; EN EL(LA) PALACIO MUNICIPAL EN EL CENTRO POBLADO EL AMANTE, DISTRITO DE JOSE SABOGAL, PROVINCIA SAN MARCOS, DEPARTAMENTO CAJAMARCA";99500.86;PEN;1;Contratación Directa;goods;Baja competencia
1194035;20159316981;GOBIERNO REGIONAL DE CUSCO-INSTITUTO DE MANEJO DE AGUA Y MEDIO AMBIENTE( IMA);CUSCO;CUSCO;MEJORAMIENTO Y AMPLIACION SERVICIO DE PROTECCIÓN ANTE  INUNDACIONES  EN LA CUENCA ALTA DEL RIÓ VILCANOTA 4 DISTRITOS DE LA PROVINCIA DE CANCHIS - DEPARTAMENTO DE CUSCO;239856;PEN;42;Concurso Público Abreviado;services;Alta competencia
1195037;20143122850;MINAG - PROYECTO ESPECIAL SIERRA CENTRO SUR;AYACUCHO;HUAMANGA;CREACION DEL SERVICIO DE AGUA DEL SISTEMA DE RIEGO INTEGRADO TACCATA - UMASI - CHACRALLA, DISTRITO CANARIA, PROVINCIA DE VICTOR FAJARDO - DISTRITO DE AUCARA - PROVINCIA DE LUCANAS - DEPARTAMENTO DE AYACUCHO;81540;PEN;10;Subasta Inversa Electrónica;goods;Mediana competencia
1194884;20213832361;MUNICIPALIDAD DISTRITAL DE SANTIAGO DE LUCANAMARCA;AYACUCHO;HUANCA SANCOS;CREACION DEL SERVICIO DE PRÁCTICA DEPORTIVA Y/O RECREATIVA EN LA LOSA DEPORTIVA DE CENTRO POBLADO CARMEN DE ALANYA DEL DISTRITO DE SANTIAGO DE LUCANAMARCA - PROVINCIA DE HUANCA SANCOS - DEPARTAMENTO DE AYACUCHO;61805.5;PEN;9;Subasta Inversa Electrónica;goods;Baja competencia
1193054;20159386415;MUNICIPALIDAD DISTRITAL DE QUIQUIJANA;CUSCO;QUISPICANCHI;CREACION DEL SERVICIO DE MOVILIDAD URBANA A TRAVES DE PISTAS Y VEREDAS EN LA COMUNIDAD CAMPESINA DE ACCOPATA DEL DISTRITO DE QUIQUIJANA - PROVINCIA DE QUISPICANCHI - DEPARTAMENTO DE CUSCO;75630;PEN;9;Subasta Inversa Electrónica;goods;Baja competencia
1195139;20174929697;MUNICIPALIDAD PROVINCIAL DE CASMA;ANCASH;CASMA;"ADQUISICION DE EQUIPAMIENTO DE AULA; EN EL(LA) I.E. 88116 JOSE MARIA ARGUEDAS  DISTRITO DE YAUTAN, PROVINCIA CASMA, DEPARTAMENTO ANCASH";85750;PEN;3;Comparación de Precios;goods;Baja competencia
1192611;20406325815;GOBIERNO REGIONAL DE PUNO SEDE CENTRAL;PUNO;PUNO;MEJORAMIENTO SERVICIO EDUCATIVO EN LA IES. 32 MARIANO H. CORNEJO DE LA LOCALIDAD DE JULIACA - DISTRITO DE JULIACA - PROVINCIA DE SAN ROMAN - REGIÓN PUNO;45400;PEN;12;Subasta Inversa Electrónica;goods;Mediana competencia
1200280;20609530279;FOMENTO Y GESTIÓN SOSTENIBLE DE LA PRODUCCIÓN FORESTAL EN EL PERÚ;LIMA;LIMA;MEJORAMIENTO Y AMPLIACION DEL ORDENAMIENTO DEL PATRIMONIO FORESTAL EN 9 DEPARTAMENTOS;60000;PEN;1;Convenio;services;Baja competencia
1192375;20166544000;MUNICIPALIDAD DISTRITAL DE SAN MARCOS;ANCASH;HUARI;MEJORAMIENTO Y AMPLIACION DEL SERVICIO DE AGUA POTABLE RURAL EN LOS CC.PP. DE PICHIU SAN PEDRO, PICHIU QUINHUARAGRA, QUINHUARAGRA Y SANTA CRUZ DE MOSNA DEL   DISTRITO DE SAN MARCOS DE LA PROVINCIA DE HUARI DEL DEPARTAMENTO DE ANCASH;198000;PEN;5;Concurso Público Abreviado;services;Baja competencia
1193983;20159308961;MUNICIPALIDAD DISTRITAL DE SAN SEBASTIAN;CUSCO;CUSCO;MEJORAMIENTO DEL SERVICIO DE MOVILIDAD URBANA EN LA APV MIRADOR SANTA ROSA   DISTRITO DE SAN SEBASTIAN DE LA PROVINCIA DE CUSCO DEL DEPARTAMENTO DE CUSCO;131096.6;PEN;12;Subasta Inversa Electrónica;goods;Mediana competencia
1194129;20493452241;MUNICIPALIDAD DISTRITAL DE ANDOAS;LORETO;DATEM DEL MARAÑON;"REPARACION DE RED DE ALCANTARILLADO; EN EL(LA) SISTEMA EN EL CENTRO POBLADO NUEVO ANDOAS, DISTRITO DE ANDOAS, PROVINCIA DATEM DEL MARAÑON, DEPARTAMENTO LORETO";93434.79;PEN;4;Concurso Público Abreviado;services;Baja competencia
1195029;20185898343;GOBIERNO REGIONAL DE APURIMAC-CHANKA;APURIMAC;ABANCAY;CREACION DEL SERVICIO DE PRÁCTICA DEPORTIVA Y/O RECREATIVA EN EL CENTRO POBLADO SOTCCOMAYO   DISTRITO DE KISHUARA DE LA PROVINCIA DE ANDAHUAYLAS DEL DEPARTAMENTO DE APURIMAC;1208820.39;PEN;21;Licitación Pública Abreviada;works;Alta competencia
1199924;20479569861;GOBIERNO REGIONAL DE AMAZONAS SEDE CENTRAL;AMAZONAS;CHACHAPOYAS;"REPARACION DE SISTEMA DE ABASTECIMIENTO DE AGUA POTABLE Y RED DE ALCANTARILLADO; EN EL(LA) SISTEMA DE AGUA POTABLE Y ALCANTARILLADO DE LA AV. AVIACION, JR. MATIAZA RIMACHI CDRA. 01 Y 02, AV. LA RIVERA CDRA. 01 Y PROL. ALONSO DE ALVARADO DISTRITO DE SAN NICOLAS, PROVINCIA RODRIGUEZ DE MENDOZA, DEPARTAMENTO AMAZONAS";3991849.48;PEN;13;Licitación Pública Abreviada;works;Mediana competencia
1196967;20189021764;MUNICIPALIDAD DISTRITAL DE HUACAR;HUANUCO;AMBO;MEJORAMIENTO DE LOS SERVICIOS EDUCATIVOS DE LA INSTITUCION EDUCATIVA INICIAL I.E.I. N 330 - DEL CENTRO POBLADO DE ANGASMARCA, DISTRITO DE HUACAR - AMBO - HUANUCO;4381717.94;PEN;6;Licitación Pública Abreviada;works;Baja competencia
1201084;20146721924;MUNICIPALIDAD DISTRITAL DE CURA MORI;PIURA;PIURA;"REPARACION DE VIAS VECINALES; EN EL(LA) TROCHA  CARROZABLE DEL CENTRO POBLADO POZO DE LOS RAMOS HASTA LA PANAMERICANA NUEVO SAN PEDRO, DISTRITO DE CURA MORI - PROVINCIA Y DEPARTAMENTO DE PIURA  DISTRITO DE CURA MORI, PROVINCIA PIURA, DEPARTAMENTO PIURA";92000;PEN;3;Contratación Directa;services;Baja competencia
1197727;20452393493;GOBIERNO REGIONAL DE AYACUCHO SEDE CENTRAL;AYACUCHO;HUAMANGA;MEJORAMIENTO DEL SERVICIO DE FORMACIÓN PROFESIONAL EN LA ESCUELA DE MEDICINA HUMANA DE LA FACULTAD DE CIENCIAS DE LA SALUD DE LA UNSCH  DISTRITO DE AYACUCHO - PROVINCIA DE HUAMANGA - DEPARTAMENTO DE AYACUCHO;62745;PEN;3;Comparación de Precios;goods;Baja competencia
1201875;20609530279;FOMENTO Y GESTIÓN SOSTENIBLE DE LA PRODUCCIÓN FORESTAL EN EL PERÚ;LIMA;LIMA;MEJORAMIENTO Y AMPLIACION DEL ORDENAMIENTO DEL PATRIMONIO FORESTAL EN 9 DEPARTAMENTOS;60000;PEN;1;Convenio;services;Baja competencia
1194405;20608006282;MUNICIPALIDAD DISTRITAL DE COCHABAMBA;HUANCAVELICA;TAYACAJA;MEJORAMIENTO DEL SERVICIO DE PROVISIÓN DE AGUA PARA RIEGO EN LA ZONA AGRÍCOLA DE CHAUPITAMBO, TALHUIS CUCHO, CCAHUAYCUNA, PACASCCA,  SONGONAG, PICHGAPATA, SANTA LUCIA, ARTESAS Y COLLPA   DISTRITO DE COCHABAMBA DE LA PROVINCIA DE TAYACAJA DEL DEPARTAMENTO DE HUANCAVELICA;130000;PEN;11;Concurso Público Abreviado;services;Mediana competencia
1198509;20172494952;MUNICIPALIDAD DISTRITAL DE CHAMACA;CUSCO;CHUMBIVILCAS;MEJORAMIENTO Y AMPLIACION EL SERVICIO DE AGUA POTABLE Y DISPOSICION DE EXCRETAS EN EL SECTOR DE URAY INGATA DE LA COMUNIDAD DE INGATA DEL  DISTRITO DE CHAMACA - PROVINCIA DE CHUMBIVILCAS - DEPARTAMENTO DE CUSCO;95328;PEN;5;Comparación de Precios;goods;Baja competencia
1196596;20169004359;UNIVERSIDAD NACIONAL DE INGENIERIA;LIMA;LIMA;MEJORAMIENTO Y AMPLIACIÓN DE LOS SERVICIOS DE CTI PARA FORTALECER EL SISTEMA NACIONAL DE CIENCIA, TECNOLOGÍA E INNOVACIÓN;14619.88;PEN;1;Convenio;services;Baja competencia
1195825;20402597918;GOBIERNO REGIONAL DE JUNIN-AGRICULTURA;JUNIN;HUANCAYO;"MEJORAMIENTO DEL SERVICIO DE CATASTRO, TITULACIÓN Y REGISTRO DE PREDIOS RURALES EN TODAS LAS PROVINCIAS Y DISTRITOS DEL DEPARTAMENTO DE JUNÍN;  DISTRITO DE CHANCHAMAYO - PROVINCIA DE CHANCHAMAYO - DEPARTAMENTO DE JUNIN";72000;PEN;4;Concurso Público Abreviado;services;Baja competencia
1192871;20205424386;MUNICIPALIDAD DISTRITAL DE CORIS;ANCASH;AIJA;MEJORAMIENTO Y AMPLIACION DE LOS SERVICIOS DE AGUA POTABLE Y SANEAMIENTO BÁSICO EN LAS LOCALIDADES DE ALMIZCLE Y ACOCANCHA DEL DISTRITO DE CORIS - PROVINCIA DE AIJA - DEPARTAMENTO DE ANCASH;329265.48;PEN;16;Concurso Público Abreviado;services;Mediana competencia
1192575;20179525101;MUNICIPALIDAD DISTRITAL DE SANTA;ANCASH;SANTA;"CONSTRUCCION DE COBERTURA DE INSTALACIONES DEPORTIVAS; REMODELACION DE LOSA DEPORTIVA; EN EL(LA) I.E. ARTEMIO DEL SOLAR ICOCHEA  DISTRITO DE SANTA, PROVINCIA SANTA, DEPARTAMENTO ANCASH";874872.77;PEN;12;Licitación Pública Abreviada;works;Mediana competencia
1192967;20206428741;MUNICIPALIDAD DISTRITAL DE SAN JUAN DE TARUCANI;AREQUIPA;AREQUIPA;MEJORAMIENTO DE LOS SERVICIOS DE APOYO AL DESARROLLO PRODUCTIVO EN SUBGERENCIA DE SERVICIOS MUNICIPALES Y SOCIALES A TRAVES DE MODULOS DEMOSTRATIVOS EN EL PROCESO DE PRODUCCION, TRANSFORMACION Y PROMOCION DE LA FIBRA DE ALPACA EN EL CENTRO POBLADO SALINAS HUITO   DISTRITO DE SAN JUAN DE TARUCANI DE LA PROVINCIA DE AREQUIPA DEL DEPARTAMENTO DE AREQUIPA;99823.5;PEN;3;Comparación de Precios;goods;Baja competencia
1192762;20406325815;GOBIERNO REGIONAL DE PUNO SEDE CENTRAL;PUNO;PUNO;MEJORAMIENTO DEL SERVICIO EDUCATIVO DEL NIVEL PRIMARIO DE LA I.E. 71008 EN EL  DISTRITO DE LAMPA - PROVINCIA DE LAMPA - DEPARTAMENTO DE PUNO;81503.15;PEN;4;Subasta Inversa Electrónica;goods;Baja competencia
1199364;20602259065;UNIDAD EJECUTORA MEJORAMIENTO DEL SISTEMA DE INFORMACION DE LA SUNAT - MSI;LIMA;LIMA;MEJORAMIENTO DE LOS SERVICIOS DE RECAUDACIÓN TRIBUTARIA Y ADUANERA A TRAVÉS DE LA TRANSFORMACIÓN DIGITAL;93500;PEN;1;Convenio;services;Baja competencia
1193696;20527141762;GOBIERNO REGIONAL DE APURIMAC SEDE CENTRAL;APURIMAC;ABANCAY;MEJORAMIENTO DE LA OFERTA DE SERVICIOS EDUCATIVOS DE LA IES FRANCISCO BOLOGNESI DE HUAYO, DISTRITO DE CURPAHUASI, PROVINCIA DE GRAU, REGION APURIMAC;302600;PEN;9;Subasta Inversa Electrónica;goods;Baja competencia
1198637;20141897935;MUNICIPALIDAD PROVINCIAL DE SANCHEZ CARRION - HUAMACHUCO;LA LIBERTAD;SANCHEZ CARRION;"CONSTRUCCION DE CALZADA, VEREDA, CUNETA Y MURO DE CONTENCION; ADEMÁS DE OTROS ACTIVOS EN EL(LA) JR. LOS GERANIOS CUADRA 01 Y JR. 02 DE MAYO CUADRA 02 Y 03 DEL MICRO SECTOR BELLAVISTA, JUNTA VECINAL N°01,  DISTRITO DE HUAMACHUCO, PROVINCIA SANCHEZ CARRION, DEPARTAMENTO LA LIBERTAD";718237.94;PEN;14;Licitación Pública Abreviada;works;Mediana competencia
1192769;20231267884;MUNICIPALIDAD DISTRITAL DE YAUYA;ANCASH;CARLOS FERMIN FITZCARRALD;CREACION DEL SERVICIO DE PRÁCTICA DEPORTIVA Y/O RECREATIVA EN EL CAMPO DEPORTIVO  DE CENTRO POBLADO RAYAN DISTRITO DE YAUYA DE LA PROVINCIA DE CARLOS FERMIN FITZCARRALD DEL DEPARTAMENTO DE ANCASH;1266062.46;PEN;13;Licitación Pública Abreviada;works;Mediana competencia
1197078;20189848227;MUNICIPALIDAD DISTRITAL DE SAN ANDRES LA CHECCA;CUSCO;CANAS;CREACION DE LOS SERVICIOS OPERATIVOS O MISIONALES INSTITUCIONALES EN LA CONSTRUCCION DE CENTRO CIVICO PARA LA PRESTACION DE SERVICIOS MUNICIPALES EN EL   DISTRITO DE CHECCA DE LA PROVINCIA DE CANAS DEL DEPARTAMENTO DE CUSCO;98973.8;PEN;3;Comparación de Precios;goods;Baja competencia
1192335;20406325815;GOBIERNO REGIONAL DE PUNO SEDE CENTRAL;PUNO;PUNO;MEJORAMIENTO DEL SERVICIO DE TRANSITABILIDAD VIAL INTERURBANA EN EL CAMINO VECINAL, TRAMO DESVIO PUCARA - POBLACION  SALINAS - ASILLO SALINAS (KM  0+000 - 1+900) DEL   DISTRITO DE SAN JUAN DE SALINAS DE LA PROVINCIA DE AZANGARO DEL DEPARTAMENTO DE PUNO;127500;PEN;6;Subasta Inversa Electrónica;goods;Baja competencia
1194169;20189921595;MUNICIPALIDAD DISTRITAL DE HAQUIRA;APURIMAC;COTABAMBAS;MEJORAMIENTO Y AMPLIACION DEL SERVICIO DE AGUA POTABLE Y  ALCANTARILLADO SANITARIO, DE LOS SISTEMAS DE  AGUA POTABLE Y ALCANTARILLADO SANITARIO EN LA COMUNIDAD HUANCA UMUYTO DEL DISTRITO DE HAQUIRA - PROVINCIA DE COTABAMBAS - DEPARTAMENTO DE APURIMAC;95227.1;PEN;3;Comparación de Precios;goods;Baja competencia
1192177;20131365994;INSTITUTO NACIONAL DE INNOVACION AGRARIA - INIA;LIMA;LIMA;MEJORAMIENTO DE LOS SERVICIOS DE INVESTIGACION Y TRANSFERENCIA DE TECNOLOGIA AGRARIA EN LA ESTACION EXPERIMENTAL AGRARIA BAÑOS DEL INCA EN LA LOCALIDAD LOS BAÑOS DEL INCA DEL DISTRITO DE LOS BAÑOS DEL INCA - PROVINCIA DE CAJAMARCA - DEPARTAMENTO DE CAJAMARCA,MEJORAMIENTO DEL SERVICIO DE PROMOCIÓN DE LA CIENCIA, TECNOLOGÍA E INNOVACIÓN TECNOLÓGICA EN LA ESTACION EXPERIMENTAL AGRARIA DONOSO, CENTRO POBLADO DONOSO,   DISTRITO DE HUARAL DE LA PROVINCIA DE HUARAL DEL DEPARTAMENTO DE LIMA,MEJORAMIENTO DE LOS SERVICIOS DE INVESTIGACIÓN Y TRANSFERENCIA DE TECNOLOGÍA AGRARIA EN LA ESTACIÓN EXPERIMENTAL AGRARIA EL CHIRA MARCAVELICA DEL DISTRITO DE MARCAVELICA - PROVINCIA DE SULLANA - DEPARTAMENTO DE PIURA,MEJORAMIENTO DE LOS SERVICIOS DE INVESTIGACIÓN Y TRANSFERENCIA TECNOLÓGICA AGRARIA EN CULTIVOS FRUTÍCOLAS EN LOS 24 DEPARTAMENTOS DEL PERU  DISTRITO DE - TODOS - - PROVINCIA DE - TODOS - - DEPARTAMENTO DE -MUL.DEP-,MEJORAMIENTO DE LOS SERVICIOS DE INVESTIGACIÓN EN LA CARACTERIZACIÓN DE LOS RECURSOS GENÉTICOS DE LA AGROBIODIVERSIDAD EN 17 DEPARTAMENTOS DEL PERU. DEL DISTRITO DE - TODOS - - PROVINCIA DE - TODOS - - DEPARTAMENTO DE -MUL.DEP-,MEJORAMIENTO DE LOS SERVICIOS DE INVESTIGACIÓN Y TRANSFERENCIA TECNOLÓGICA EN EL MANEJO Y RECUPERACIÓN DE SUELOS AGRÍCOLAS DEGRADADOS Y AGUAS PARA RIEGO EN LA PEQUEÑA Y MEDIANA AGRICULTURA EN LOS DEPARTAMENTOS DE LIMA, ANCASH, SAN MARTÍN, CAJAMARCA, LAMBAYEQUE, JUNÍN, AYACUCHO, AREQUIPA, PUNO Y UCAYALI TODOS DEL DISTRITO DE - TODOS - - PROVINCIA DE - TODOS - - DEPARTAMENTO DE -MUL.DEP-,MEJORAMIENTO DE LOS SERVICIOS DE INVESTIGACION Y TRANSFERENCIA DE TECNOLOGIA EN GANADERIA ALTO ANDINA EN 33 DISTRITOS DE LOS DEPARTAMENTOS DE APURIMAC, AREQUIPA, AYACUCHO, CUSCO, HUANCAVELICA, JUNIN, MOQUEGUA, PASCO, PUNO Y TACNA. DISTRITO DE TODOS - PROVINCIA DE TODOS - DEPARTAMENTO DE MUL.DEP-,MEJORAMIENTO DE LOS SERVICIOS DE INVESTIGACIÓN Y TRANSFERENCIA DE TECNOLOGÍAS PARA EL MANEJO SOSTENIBLE DE LA GANADERÍA CAPRINA EN BOSQUE SECO Y COSTA CENTRAL EN LOS DEPARTAMENTOS DE TUMBES, PIURA, LAMBAYEQUE, AMAZONAS, LA LIBERTAD, ANCASH Y LIMA.  DISTRITO DE - TODOS - - PROVINCIA DE - TODOS - - DEPARTAMENTO DE -MUL.DEP-;133690;PEN;5;Subasta Inversa Electrónica;services;Baja competencia
1193061;20600982100;MUNICIPALIDAD DISTRITAL LA YARADA LOS PALOS;TACNA;TACNA;MEJORAMIENTO DEL SERVICIO DE SEGURIDAD CIUDADANA LOCAL EN SEGURIDAD CIUDADANA   DISTRITO DE LA YARADA LOS PALOS DE LA PROVINCIA DE TACNA DEL DEPARTAMENTO DE TACNA;60750;PEN;3;Comparación de Precios;goods;Baja competencia
1195833;20402597918;GOBIERNO REGIONAL DE JUNIN-AGRICULTURA;JUNIN;HUANCAYO;"MEJORAMIENTO DEL SERVICIO DE CATASTRO, TITULACIÓN Y REGISTRO DE PREDIOS RURALES EN TODAS LAS PROVINCIAS Y DISTRITOS DEL DEPARTAMENTO DE JUNÍN;  DISTRITO DE CHANCHAMAYO - PROVINCIA DE CHANCHAMAYO - DEPARTAMENTO DE JUNIN";49500;PEN;3;Concurso Público Abreviado;services;Baja competencia
1195866;20402597918;GOBIERNO REGIONAL DE JUNIN-AGRICULTURA;JUNIN;HUANCAYO;"MEJORAMIENTO DEL SERVICIO DE CATASTRO, TITULACIÓN Y REGISTRO DE PREDIOS RURALES EN TODAS LAS PROVINCIAS Y DISTRITOS DEL DEPARTAMENTO DE JUNÍN;  DISTRITO DE CHANCHAMAYO - PROVINCIA DE CHANCHAMAYO - DEPARTAMENTO DE JUNIN";63000;PEN;2;Concurso Público Abreviado;services;Baja competencia
1197657;20187459258;MUNICIPALIDAD PROVINCIAL DE LA CONVENCION - SANTA ANA;CUSCO;LA CONVENCION;MEJORAMIENTO DEL SERVICIO DE ESPACIO PÚBLICO DEPORTIVO DEL COLISEO JORGE ALTAMIRANO ANDRADE DE LA CIUDAD DE QUILLABAMBA  DISTRITO DE SANTA ANA - PROVINCIA DE LA CONVENCION - DEPARTAMENTO DE CUSCO;58093.95;PEN;3;Comparación de Precios;goods;Baja competencia
1196718;20169004359;UNIVERSIDAD NACIONAL DE INGENIERIA;LIMA;LIMA;MEJORAMIENTO Y AMPLIACIÓN DE LOS SERVICIOS DE CTI PARA FORTALECER EL SISTEMA NACIONAL DE CIENCIA, TECNOLOGÍA E INNOVACIÓN;74162.69;PEN;1;Convenio;services;Baja competencia
1194576;20280881326;MUNICIPALIDAD DISTRITAL DE LEONOR ORDO¥EZ;JUNIN;JAUJA;CREACION DEL SERVICIO DE MOVILIDAD URBANA EN JR. INDEPENDENCIA, JR 13 DE MAYO (TRAMO: CARRETERA CENTRAL - AV. CIRCUNVALACION), AV. CIRCUNVALACION (TRAMO JR. PROGRESO - JR. INDEPENDENCIA) Y JR ESCOLAR (TRAMO PLAZA PRINCIPAL)  DE CENTRO POBLADO SANTA CRUZ DISTRITO DE LEONOR ORDOÑEZ DE LA PROVINCIA DE JAUJA DEL DEPARTAMENTO DE JUNIN;224249.6;PEN;14;Subasta Inversa Electrónica;goods;Mediana competencia
1192920;20205028600;MUNICIPALIDAD DISTRITAL DE COYLLURQUI;APURIMAC;COTABAMBAS;MEJORAMIENTO Y AMPLIACION DEL SISTEMA DE SANEAMIENTO EN LAS COMUNIDADES DE LLAULLIYOC AYAHUILLCA Y SORCCO - 8 LOCALIDADES DEL DISTRITO DE COYLLURQUI - PROVINCIA DE COTABAMBAS - DEPARTAMENTO DE APURIMAC;120900;PEN;7;Subasta Inversa Electrónica;goods;Baja competencia
1192429;20452393493;GOBIERNO REGIONAL DE AYACUCHO SEDE CENTRAL;AYACUCHO;HUAMANGA;MEJORAMIENTO DE LOS SERVICIOS EDUCATIVOS EN LA INSTITUCION EDUCATIVA PUBLICA MARIA AUXILIADORA, DISTRITO HUANTA, PROVINCIA DE HUANTA - AYACUCHO;186710;PEN;16;Licitación Pública Abreviada;goods;Mediana competencia
1197353;20159316981;GOBIERNO REGIONAL DE CUSCO-INSTITUTO DE MANEJO DE AGUA Y MEDIO AMBIENTE( IMA);CUSCO;CUSCO;MEJORAMIENTO Y AMPLIACION SERVICIO DE PROTECCIÓN ANTE  INUNDACIONES  EN LA CUENCA ALTA DEL RIÓ VILCANOTA 4 DISTRITOS DE LA PROVINCIA DE CANCHIS - DEPARTAMENTO DE CUSCO;135748.33;PEN;13;Concurso Público Abreviado;services;Mediana competencia
1192826;20181709066;MUNICIPALIDAD PROVINCIAL DE CHUMBIVILCAS - SANTO TOMAS;CUSCO;CHUMBIVILCAS;MEJORAMIENTO DE LOS SERVICIOS DE APOYO AL DESARROLLO PRODUCTIVO EN LA CADENA PRODUCTIVA DE CULTIVOS ANDINOS EN LAS COMUNIDADES CAMPESINAS DEL   DISTRITO DE SANTO TOMAS DE LA PROVINCIA DE CHUMBIVILCAS DEL DEPARTAMENTO DE CUSCO;128521.25;PEN;1;Subasta Inversa Electrónica;goods;Baja competencia
1193717;20227330873;MUNICIPALIDAD DISTRITAL DE CHAPARRA;AREQUIPA;CARAVELI;AMPLIACION DEL SERVICIO DE SUMINISTRO ELÉCTRICO DOMICILIARIO EN ZONAS RURALES EN DE LA RED PRIMARIA,SECUNDARIA Y CONEXIONES DOMICILIARIAS  DE CENTRO POBLADO CARAMBA DISTRITO DE CHAPARRA DE LA PROVINCIA DE CARAVELI DEL DEPARTAMENTO DE AREQUIPA;88000;PEN;3;Comparación de Precios;goods;Baja competencia
1195400;20197978725;MUNICIPALIDAD DISTRITAL DE TROMPETEROS;LORETO;LORETO;MEJORAMIENTO DEL SERVICIO DE MOVILIDAD URBANA EN LA TRANSITABILIDAD PEATONAL  DE CENTRO POBLADO SANTA ELENA DISTRITO DE TROMPETEROS DE LA PROVINCIA DE LORETO DEL DEPARTAMENTO DE LORETO;904960.93;PEN;5;Licitación Pública Abreviada;works;Baja competencia
1199356;20170327391;MUNICIPALIDAD DISTRITAL DE VILCABAMBA - LA CONVENCION;CUSCO;LA CONVENCION;"CONSTRUCCION DE COBERTURA DE INSTALACIONES DEPORTIVAS, TRIBUNA Y/O PALCO Y SALA DE USOS MULTIPLES; REMODELACION DE LOSA DEPORTIVA; ADEMÁS DE OTROS ACTIVOS EN EL(LA) I.E SECUNDARIA YUVENI EN EL CENTRO POBLADO DE YUVENI, CUENCA DE SAN MIGUEL,  DISTRITO DE VILCABAMBA, PROVINCIA LA CONVENCION, DEPARTAMENTO CUSCO";87100;PEN;3;Comparación de Precios;goods;Baja competencia
1193378;20527147612;GOBIERNO REGIONAL DE CUSCO SEDE CENTRAL;CUSCO;CUSCO;RECUPERACION DEL USO SOSTENIBLE DE LA AGROBIODIVERSIDAD EN LOS CULTIVOS ANDINOS DE LA PAPA, OCA, MASHUA, OLLUCO, MAÍZ, TARWI, QUINÚA, CCAÑIHUA, FRIJOL, KIWICHA  (ANTA, PARURO, CANAS Y ACOMAYO) EN 4 PROVINCIAS DEL DEPARTAMENTO DE CUSCO;77324.47;PEN;2;Subasta Inversa Electrónica;goods;Baja competencia
1194573;20159386253;MUNICIPALIDAD DISTRITAL DE SAN JERONIMO - CUSCO;CUSCO;CUSCO;MEJORAMIENTO DE LOS SERVICIOS BIBLIOTECARIOS EN MUNICIPALIDAD DISTRITAL DE SAN JERONIMO   DISTRITO DE SAN JERONIMO DE LA PROVINCIA DE CUSCO DEL DEPARTAMENTO DE CUSCO;58500;PEN;3;Comparación de Precios;goods;Baja competencia
1196422;20169004359;UNIVERSIDAD NACIONAL DE INGENIERIA;LIMA;LIMA;MEJORAMIENTO Y AMPLIACIÓN DE LOS SERVICIOS DE CTI PARA FORTALECER EL SISTEMA NACIONAL DE CIENCIA, TECNOLOGÍA E INNOVACIÓN;67251.44;PEN;1;Convenio;services;Baja competencia
1195451;20494642078;GOBIERNO REGIONAL DE AYACUCHO - PROGRAMA REGIONAL DE IRRIGACION Y DESARROLLO RURAL INTEGRADO;AYACUCHO;HUAMANGA;MEJORAMIENTO Y AMPLIACION EL SERVICIO DE AGUA PARA RIEGO EN LA ZONA DE ESMERALDA ALTA, DEL DISTRITO DE LURICOCHA Y  DISTRITO DE HUANTA - PROVINCIA DE HUANTA - DEPARTAMENTO DE AYACUCHO;137400;PEN;13;Subasta Inversa Electrónica;goods;Mediana competencia
1192460;20171146209;MUNICIPALIDAD DISTRITAL DE TARAY;CUSCO;CALCA;MEJORAMIENTO DEL SERVICIO DE MOVILIDAD URBANA EN LAS CALLES NUEVA VISTA, HUASCAR, NAVEGANTES DEL CENTRO POBLADO DE MATINGA   DISTRITO DE TARAY DE LA PROVINCIA DE CALCA DEL DEPARTAMENTO DE CUSCO;114785.45;PEN;11;Subasta Inversa Electrónica;goods;Mediana competencia
1195667;20154441931;MUNICIPALIDAD DISTRITAL DE MANTA;HUANCAVELICA;HUANCAVELICA;"CONSTRUCCION DE AMBIENTE DE PREPARACION Y ENTREGA DE ALIMENTOS Y ALMACEN DE ALIMENTOS DE USO COMUN; EN EL(LA) ANEXO DE SAN LUIS  DISTRITO DE MANTA, PROVINCIA HUANCAVELICA, DEPARTAMENTO HUANCAVELICA";253084;PEN;4;Licitación Pública Abreviada;works;Baja competencia
1195830;20490338773;GOBIERNO REGIONAL DE APURIMAC-GERENCIA SUBREGIONAL CHINCHEROS;APURIMAC;CHINCHEROS;MEJORAMIENTO DEL SERVICIO EDUCATIVO, PARA EL FORTALECIMIENTO DE LAS CAPACIDADES DE APRENDIZAJE DE LOS ESTUDIANTES DEL INSTITUTO DE EDUCACIÓN SUPERIOR TECNOLÓGICO PÚBLICO DE CHINCHEROS,  DISTRITO DE CHINCHEROS - PROVINCIA DE CHINCHEROS - DEPARTAMENTO DE APURIMAC;78800;PEN;12;Concurso Público Abreviado;services;Mediana competencia
1196692;20195485209;MUNICIPALIDAD DISTRITAL DE CUSIPATA;CUSCO;QUISPICANCHI;MEJORAMIENTO Y AMPLIACION DEL SERVICIO DE ATENCIÓN DE SALUD BÁSICOS EN CUSIPATA   DISTRITO DE CUSIPATA DE LA PROVINCIA DE QUISPICANCHI DEL DEPARTAMENTO DE CUSCO;56000;PEN;3;Concurso Público Abreviado;services;Baja competencia
1193148;20527141762;GOBIERNO REGIONAL DE APURIMAC SEDE CENTRAL;APURIMAC;ABANCAY;MEJORAMIENTO DE LOS SERVICIOS DE SALUD DEL CENTRO DE SALUD TAMBURCO,  DISTRITO DE TAMBURCO - PROVINCIA DE ABANCAY - DEPARTAMENTO DE APURIMAC;99433.33;PEN;3;Comparación de Precios;goods;Baja competencia
1194933;20452393493;GOBIERNO REGIONAL DE AYACUCHO SEDE CENTRAL;AYACUCHO;HUAMANGA;MEJORAMIENTO Y AMPLIACION DEL SERVICIO DE TRANSITABILIDAD VIAL ENTRE EL TRAMO AY-728(PENAL DE YANAMILLA) HASTA EL TRAMO AY-729(PTAR) LONGITUD 2.38 KM EN EL  DISTRITO DE ANDRES AVELINO CACERES - PROVINCIA DE HUAMANGA - DEPARTAMENTO DE AYACUCHO;79800;PEN;3;Comparación de Precios;goods;Baja competencia
1192615;20190345344;MUNICIPALIDAD PROVINCIAL DE TAYACAJA - PAMPAS;HUANCAVELICA;TAYACAJA;"CONSTRUCCION DE AMBIENTE DE RECREACION ACTIVA Y LETRINA SANITARIA; EN EL(LA) SERVICIO TURISTICO ZONA ALTA DE PALTARUMI USTUNA DE LA LOCALIDAD DE PAMPAS DEL  DISTRITO DE PAMPAS, PROVINCIA TAYACAJA, DEPARTAMENTO HUANCAVELICA";683799.37;PEN;5;Licitación Pública Abreviada;works;Baja competencia
1196638;20479393568;UNIVERSIDAD NACIONAL TORIBIO RODRIGUEZ DE MENDOZA DE AMAZONAS;AMAZONAS;CHACHAPOYAS;MEJORAMIENTO Y AMPLIACIÓN DE LOS SERVICIOS DE CTI PARA FORTALECER EL SISTEMA NACIONAL DE CIENCIA, TECNOLOGÍA E INNOVACIÓN;4970;PEN;4;Convenio;goods;Baja competencia
1201633;20147897406;UNIVERSIDAD NACIONAL AGRARIA LA MOLINA;LIMA;LIMA;MEJORAMIENTO Y AMPLIACIÓN DE LOS SERVICIOS DE CTI PARA FORTALECER EL SISTEMA NACIONAL DE CIENCIA, TECNOLOGÍA E INNOVACIÓN;7400;PEN;1;Contratación Internacional;services;Baja competencia
1192793;20178680049;MUNICIPALIDAD PROVINCIAL DE MARISCAL CACERES - JUANJUI;SAN MARTIN;MARISCAL CACERES;MEJORAMIENTO DE LOS SERVICIOS DE APOYO AL DESARROLLO PRODUCTIVO EN EN LA GERENCIA DE DESARROLLO ECONOMICO LOCAL DE LA CADENA PRODUCTIVA DEL CULTIVO DE LA NARANJA EN LOS DISTRITOS DE PACHIZA, HUICUNGO, PAJARILLO, CAMPANILLA Y   DISTRITO DE JUANJUI DE LA PROVINCIA DE MARISCAL CACERES DEL DEPARTAMENTO DE SAN MARTIN;163000;PEN;8;Concurso Público Abreviado;services;Baja competencia
1196242;20479393568;UNIVERSIDAD NACIONAL TORIBIO RODRIGUEZ DE MENDOZA DE AMAZONAS;AMAZONAS;CHACHAPOYAS;MEJORAMIENTO Y AMPLIACIÓN DE LOS SERVICIOS DE CTI PARA FORTALECER EL SISTEMA NACIONAL DE CIENCIA, TECNOLOGÍA E INNOVACIÓN;3400;PEN;3;Convenio;goods;Baja competencia
1197929;20407307292;GOBIERNO REGIONAL DE AYACUCHO-AGRICULTURA;AYACUCHO;HUAMANGA;MEJORAMIENTO DE LOS SERVICIOS DE LA PRODUCCION BOVINA DE  LECHE EN LA PROVINCIA DE LUCANAS,- REGION AYACUCHO;91600;PEN;3;Comparación de Precios;goods;Baja competencia
1198032;20282911915;MUNICIPALIDAD DISTRITAL DE NUEVO CHIMBOTE;ANCASH;SANTA;CREACION DEL SERVICIO DE RECREACION Y ESPARCIMIENTO EN LA MZ. K LOTE 1 DEL A.H. VISTA ALEGRE DEL DISTRITO DE NUEVO CHIMBOTE - PROVINCIA DE SANTA - DEPARTAMENTO DE ANCASH;4626953.68;PEN;10;Licitación Pública Abreviada;works;Mediana competencia
1194346;20167768076;MUNICIPALIDAD PROVINCIAL DE ACOMAYO;CUSCO;ACOMAYO;MEJORAMIENTO DEL SERVICIO DE PRÁCTICA DEPORTIVA Y/O RECREATIVA EN LA INSTITUCION EDUCATIVA TOMASA TTITO CONDEMAYTA -   DISTRITO DE ACOMAYO DE LA PROVINCIA DE ACOMAYO DEL DEPARTAMENTO DE CUSCO;99645;PEN;4;Comparación de Precios;goods;Baja competencia
1198776;20146686240;MUNICIPALIDAD DISTRITAL DE AMBAR;LIMA;HUAURA;CREACION DEL SERVICIO DE COBERTURA DE TELEFONÍA MÓVIL EN LAS LOCALIDADES DE ARINCHAY, GANTUYOC, JALCAN Y TAMBON DEL   DISTRITO DE AMBAR DE LA PROVINCIA DE HUAURA DEL DEPARTAMENTO DE LIMA;77400;PEN;3;Comparación de Precios;goods;Baja competencia
1192367;20161096068;MUNICIPALIDAD PROVINCIAL DE COTABAMBAS - TAMBOBAMBA;APURIMAC;COTABAMBAS;MEJORAMIENTO Y AMPLIACION DEL SERVICIO DE AGUA POTABLE RURAL Y MEJORAMIENTO Y AMPLIACION DEL SERVICIO DE ALCANTARILLADO U OTRAS FORMAS DE DISPOSICIÓN SANITARIA DE EXCRETAS EN ASACASI , CCASACANCHA   DISTRITO DE TAMBOBAMBA DE LA PROVINCIA DE COTABAMBAS DEL DEPARTAMENTO DE APURIMAC;116480;PEN;15;Subasta Inversa Electrónica;goods;Mediana competencia
1192507;20447601690;MUNICIPALIDAD DISTRITAL DE SAN PEDRO DE PUTINA PUNCO;PUNO;SANDIA;MEJORAMIENTO DE LOS SERVICIOS OPERATIVOS O MISIONALES INSTITUCIONALES EN EL FORTALECIMIENTO DE LA CAPACIDAD ADMINISTRATIVA DE LA MUNICIPALIDAD DE CENTRO POBLADO DE VICTORIA PUERTO EDEN   DISTRITO DE SAN PEDRO DE PUTINA PUNCO DE LA PROVINCIA DE SANDIA DEL DEPARTAMENTO DE PUNO;88885;PEN;7;Subasta Inversa Electrónica;goods;Baja competencia
1195254;20165924984;MUNICIPALIDAD DISTRITAL DE BERNAL;PIURA;SECHURA;MEJORAMIENTO DEL SERVICIO DE RECREACIÓN PASIVA EN LA PLAZA DE ARMAS RAMÓN CASTILLA DE BERNAL DEL DISTRITO DE BERNAL - PROVINCIA DE SECHURA - DEPARTAMENTO DE PIURA;1241939.38;PEN;15;Licitación Pública Abreviada;works;Mediana competencia
1192181;20202190503;MUNICIPALIDAD DISTRITAL DE LIMBANI;PUNO;SANDIA;MEJORAMIENTO DEL SERVICIO DE MOVILIDAD URBANA EN LAS VÍAS LOCALES DE LA LOCALIDAD DE LIMBANI   DISTRITO DE LIMBANI DE LA PROVINCIA DE SANDIA DEL DEPARTAMENTO DE PUNO;353248.87;PEN;4;Concurso Público Abreviado;services;Baja competencia
1193963;20199860551;GOBIERNO REGIONAL DE PUNO-PROGRAMA REGIONAL DE RIEGO Y DRENAJE;PUNO;PUNO;MEJORAMIENTO Y AMPLIACION DEL SERVICIO DE AGUA PARA LOS SISTEMAS DE RIEGO HUALLATIRI, HUAYRAPATA Y HUARANCA GRANDE DEL DISTRITO DE HUAYRAPATA - PROVINCIA DE MOHO - DEPARTAMENTO DE PUNO;53712;PEN;3;Comparación de Precios;goods;Baja competencia
1195744;20185898343;GOBIERNO REGIONAL DE APURIMAC-CHANKA;APURIMAC;ABANCAY;MEJORAMIENTO DE LOS SERVICIOS DE GESTIÓN DE LA GERENCIA SUB REGIONAL CHANKA ANDAHUAYLAS, PROVINCIA DE ANDAHUAYLAS, REGIÓN APURÍMAC;90674.2;PEN;3;Comparación de Precios;goods;Baja competencia
1194189;20161096068;MUNICIPALIDAD PROVINCIAL DE COTABAMBAS - TAMBOBAMBA;APURIMAC;COTABAMBAS;CREACION DEL CAMINO VECINAL  SECCECCA-OCRABAMBA-CCACCAHUASI - TOTORHUAYLAS-PAMPALLQUI DEL  DISTRITO DE TAMBOBAMBA - PROVINCIA DE COTABAMBAS - DEPARTAMENTO DE APURIMAC;90100;PEN;7;Subasta Inversa Electrónica;goods;Baja competencia
1192756;20178680049;MUNICIPALIDAD PROVINCIAL DE MARISCAL CACERES - JUANJUI;SAN MARTIN;MARISCAL CACERES;MEJORAMIENTO DE LOS SERVICIOS DE APOYO AL DESARROLLO PRODUCTIVO EN LA GERENCIA DE DESARROLLO ECONOMICO LOCAL EN LA ACTIVIDAD GANADERA EN EL DISTRITO DE PACHIZA,HUICUNGO, PAJARILLO, CAMPANILLA Y   DISTRITO DE JUANJUI DE LA PROVINCIA DE MARISCAL CACERES DEL DEPARTAMENTO DE SAN MARTIN;180000;PEN;5;Concurso Público Abreviado;services;Baja competencia
1192237;20176249111;MUNICIPALIDAD DISTRITAL DE KAÑARIS;LAMBAYEQUE;FERREÑAFE;"RENOVACION DE INFRAESTRUCTURA DEPORTIVA; EN EL(LA) COLISEO MUNICIPAL DE LA LOCALIDAD DE CAÑARIS DEL  DISTRITO DE CAÑARIS, PROVINCIA FERREÑAFE, DEPARTAMENTO LAMBAYEQUE";264554.71;PEN;14;Licitación Pública Abreviada;works;Mediana competencia
1200244;20609530279;FOMENTO Y GESTIÓN SOSTENIBLE DE LA PRODUCCIÓN FORESTAL EN EL PERÚ;LIMA;LIMA;MEJORAMIENTO Y AMPLIACION DEL ORDENAMIENTO DEL PATRIMONIO FORESTAL EN 9 DEPARTAMENTOS;60000;PEN;1;Convenio;services;Baja competencia
1194444;20601625017;MUNICIPALIDAD DISTRITAL DE MEGANTONI;CUSCO;LA CONVENCION;MEJORAMIENTO Y AMPLIACION DE LOS SERVICIOS DE APOYO AL DESARROLLO PRODUCTIVO EN LOS PRODUCTORES DE CACAO DE LOS AA.RR KUWAIT , AA.RR. TUPAC AMARU,   DISTRITO DE MEGANTONI DE LA PROVINCIA DE LA CONVENCION DEL DEPARTAMENTO DE CUSCO;90100;PEN;3;Comparación de Precios;goods;Baja competencia
1195091;20166783501;MUNICIPALIDAD DISTRITAL DE VARGAS GUERRA;LORETO;UCAYALI;"RENOVACION DE PUENTE; EN EL(LA) VIA VECINAL RUTA R - 606050 (PUENTE SAPIRA Y PUENTE SHETEVO) HACIA EL CENTRO POBLADO NUEVO SHETEVO - GARZA CAÑO EN EL CENTRO POBLADO ORELLANA, DISTRITO DE VARGAS GUERRA, PROVINCIA UCAYALI, DEPARTAMENTO LORETO";152220;PEN;1;Contratación Directa;services;Baja competencia
1196517;20479393568;UNIVERSIDAD NACIONAL TORIBIO RODRIGUEZ DE MENDOZA DE AMAZONAS;AMAZONAS;CHACHAPOYAS;MEJORAMIENTO Y AMPLIACIÓN DE LOS SERVICIOS DE CTI PARA FORTALECER EL SISTEMA NACIONAL DE CIENCIA, TECNOLOGÍA E INNOVACIÓN;3145;PEN;2;Convenio;goods;Baja competencia
1196911;20317337150;MUNICIPALIDAD DISTRITAL DE PICHARI;CUSCO;LA CONVENCION;CREACION DEL SERVICIO DE MOVILIDAD URBANA EN LA ASOCIACION 09 DE DICIEMBRE, MICAELA BASTIDAS, INTEGRACION PICHARI Y PROLONGACION AV. CULTURA EN PICHARI CAPITAL,  DISTRITO DE PICHARI - PROVINCIA DE LA CONVENCION - DEPARTAMENTO DE CUSCO;64545;PEN;3;Comparación de Precios;goods;Baja competencia
1194497;20601625017;MUNICIPALIDAD DISTRITAL DE MEGANTONI;CUSCO;LA CONVENCION;MEJORAMIENTO DE LAS CAPACIDADES PRODUCTIVAS DE PECES AMAZONICOS EN LA CC.NN DE SENSA Y MIARIA DEL  DISTRITO DE MEGANTONI - PROVINCIA DE LA CONVENCION - DEPARTAMENTO DE CUSCO;99600;PEN;3;Comparación de Precios;goods;Baja competencia
1193357;20205390201;MUNICIPALIDAD DISTRITAL DE QUEROCOTILLO;CAJAMARCA;CUTERVO;CREACION DEL SERVICIO DE AGUA POTABLE Y SANEAMIENTO EN EL CASERIO EL  TAYME , DISTRITO DE QUEROCOTILLO - CUTERVO - CAJAMARCA;1650076.88;PEN;9;Licitación Pública Abreviada;works;Baja competencia
1196445;20169004359;UNIVERSIDAD NACIONAL DE INGENIERIA;LIMA;LIMA;MEJORAMIENTO Y AMPLIACIÓN DE LOS SERVICIOS DE CTI PARA FORTALECER EL SISTEMA NACIONAL DE CIENCIA, TECNOLOGÍA E INNOVACIÓN;67251.44;PEN;1;Convenio;services;Baja competencia
1197594;20166544000;MUNICIPALIDAD DISTRITAL DE SAN MARCOS;ANCASH;HUARI;MEJORAMIENTO DEL SERVICIO DE TRANSITABILIDAD VIAL INTERURBANA EN LA TROCHA CARROZABLE DESDE EL CRUCE DE PUJUN HACIA EL CASERIO CASACANCHA DEL CENTRO POBLADO SAN LUIS DE PUJUN   DISTRITO DE SAN MARCOS DE LA PROVINCIA DE HUARI DEL DEPARTAMENTO DE ANCASH;1200126.98;PEN;9;Licitación Pública Abreviada;works;Baja competencia
1197575;20159311598;GOBIERNO REGIONAL DE CUSCO - PROYECTO ESPECIAL REGIONAL PLAN COPESCO;CUSCO;CUSCO;MEJORAMIENTO DEL SERVICIO DE TRANSITABILIDAD VIAL INTERURBANA, EN LA VÍA VECINAL CU 902 - TRAMO CCPPS HUAROCONDO Y ZURITE, EN LOS DISTRITOS DE HUAROCONDO Y ZURITE DE LA  PROVINCIA DE ANTA - DEPARTAMENTO DE CUSCO;60307.5;PEN;6;Comparación de Precios;goods;Baja competencia
1195288;20171895147;MUNICIPALIDAD DISTRITAL DE ILABAYA;TACNA;JORGE BASADRE;MEJORAMIENTO DEL SERVICIO DE PROVISIÓN DE AGUA PARA RIEGO EN EL CANAL DE RIEGO TAYPELOGENA, DEL COMITE DE USUARIOS  CAMBAYA   DISTRITO DE ILABAYA DE LA PROVINCIA DE JORGE BASADRE DEL DEPARTAMENTO DE TACNA;72900;PEN;3;Comparación de Precios;goods;Baja competencia
1192671;20187346488;MUNICIPALIDAD DISTRITAL DE VILLA EL SALVADOR;LIMA;LIMA;CREACION DEL SERVICIO DE MOVILIDAD URBANA EN LA AV. ALGARROBOS  DE CENTRO POBLADO  VILLA EL SALVADOR DISTRITO DE VILLA EL SALVADOR DE LA PROVINCIA DE LIMA DEL DEPARTAMENTO DE LIMA,MEJORAMIENTO DE LA TRANSITABILIDAD VEHICULAR Y PEATONAL EN LOS GRUPOS A, B, C Y G DE LA PARCELA 3C, URB. PACHACAMAC,  DISTRITO DE VILLA EL SALVADOR - PROVINCIA DE LIMA - DEPARTAMENTO DE LIMA;137460;PEN;9;Concurso Público Abreviado;services;Baja competencia
1196699;20131369477;INSTITUTO TECNOLOGICO DE LA PRODUCCION;LIMA;LIMA;MEJORAMIENTO Y AMPLIACIÓN DE LOS SERVICIOS DE CTI PARA FORTALECER EL SISTEMA NACIONAL DE CIENCIA, TECNOLOGÍA E INNOVACIÓN;5000;PEN;1;Convenio;goods;Baja competencia
1192602;20527143200;GOBIERNO REGIONAL DE MADRE DE DIOS SEDE CENTRAL;MADRE DE DIOS;TAMBOPATA;MEJORAMIENTO DEL SERVICIO EDUCATIVO DE LOS NIVELES PRIMARIA Y SECUNDARIA EN LA I.E.B.R. ENAWIPA, DE LA COMUNIDAD NATIVA PALMA REAL DEL DISTRITO DE TAMBOPATA - PROVINCIA DE TAMBOPATA - DEPARTAMENTO DE MADRE DE DIOS;1055320;PEN;5;Licitación Pública Abreviada;goods;Baja competencia
1192172;20131369477;INSTITUTO TECNOLOGICO DE LA PRODUCCION;LIMA;LIMA;MEJORAMIENTO Y AMPLIACIÓN DE LOS SERVICIOS DE CTI PARA FORTALECER EL SISTEMA NACIONAL DE CIENCIA, TECNOLOGÍA E INNOVACIÓN;18910;PEN;5;Convenio;goods;Baja competencia
1195787;20169004359;UNIVERSIDAD NACIONAL DE INGENIERIA;LIMA;LIMA;MEJORAMIENTO Y AMPLIACIÓN DE LOS SERVICIOS DE CTI PARA FORTALECER EL SISTEMA NACIONAL DE CIENCIA, TECNOLOGÍA E INNOVACIÓN;40935.66;PEN;1;Convenio;services;Baja competencia
1195309;20489250731;GOBIERNO REGIONAL DE HUANUCO SEDE CENTRAL;HUANUCO;HUANUCO;MEJORAMIENTO DE LA CAPACIDAD RESOLUTIVA DEL HOSPITAL DE TINGO MARIA;128000;PEN;4;Concurso Público Abreviado;services;Baja competencia
1192319;20406325815;GOBIERNO REGIONAL DE PUNO SEDE CENTRAL;PUNO;PUNO;MEJORAMIENTO DEL SERVICIO EDUCATIVO DE LAS CARRERAS DE PRODUCCIÓN, AUTOMOTRIZ, MINERÍA, CONTABILIDAD, COMPUTACIÓN,  SECRETARIADO, ENFERMERÍA, LABORATORIO CLÍNICO Y PRÓTESIS DENTAL DEL IST MANUEL NÚÑEZ  BUTRÓN, JULIACA, SAN ROMÁN - PUNO;60800;PEN;3;Comparación de Precios;goods;Baja competencia
1193415;20176207389;MUNICIPALIDAD DISTRITAL DE NAMORA;CAJAMARCA;CAJAMARCA;MEJORAMIENTO DEL SERVICIO DE TRANSITABILIDAD VIAL INTERURBANA EN TRAMO I: LA PERLA-JUNCOS-CHUCHUN (CA 1507), TRAMO II: TORRES HUAYLLA-LA LAGUNA SANTA URSULA (CA 1501), TRAMO III: LA LAGUNA SANTA URSULA-SARIN-JUNCOS (CA 1502),   DISTRITO DE NAMORA DE LA PROVINCIA DE CAJAMARCA DEL DEPARTAMENTO DE CAJAMARCA;99600;PEN;3;Comparación de Precios;services;Baja competencia
1193182;20452393493;GOBIERNO REGIONAL DE AYACUCHO SEDE CENTRAL;AYACUCHO;HUAMANGA;MEJORAMIENTO DEL SERVICIO DE FORMACIÓN PROFESIONAL EN LA ESCUELA DE MEDICINA HUMANA DE LA FACULTAD DE CIENCIAS DE LA SALUD DE LA UNSCH  DISTRITO DE AYACUCHO - PROVINCIA DE HUAMANGA - DEPARTAMENTO DE AYACUCHO;71960;PEN;3;Comparación de Precios;goods;Baja competencia
1193508;20177217043;MUNICIPALIDAD PROVINCIAL DEL CUSCO;CUSCO;CUSCO;MEJORAMIENTO Y AMPLIACION DE LA TRANSITABILIDAD VEHICULAR Y PEATONAL  EN LA PROLONGACIÓN AVENIDA DEL EJÉRCITO DEL DISTRITO DE CUSCO - PROVINCIA DE CUSCO - DEPARTAMENTO DE CUSCO;97533.33;PEN;3;Comparación de Precios;goods;Baja competencia
1195927;20494642078;GOBIERNO REGIONAL DE AYACUCHO - PROGRAMA REGIONAL DE IRRIGACION Y DESARROLLO RURAL INTEGRADO;AYACUCHO;HUAMANGA;AMPLIACION DE LA PRESA ANCASCOCHA Y AFIANZAMIENTO DEL VALLE DE YAUCA (AYACUCHO Y AREQUIPA);98730;PEN;5;Comparación de Precios;goods;Baja competencia
1198952;20452393493;GOBIERNO REGIONAL DE AYACUCHO SEDE CENTRAL;AYACUCHO;HUAMANGA;MEJORAMIENTO Y AMPLIACION DEL SERVICIO DE TRANSITABILIDAD VIAL ENTRE EL TRAMO AY-728(PENAL DE YANAMILLA) HASTA EL TRAMO AY-729(PTAR) LONGITUD 2.38 KM EN EL  DISTRITO DE ANDRES AVELINO CACERES - PROVINCIA DE HUAMANGA - DEPARTAMENTO DE AYACUCHO;90000;PEN;3;Comparación de Precios;goods;Baja competencia
1197718;20147034467;MUNICIPALIDAD DISTRITAL DE LAS LOMAS;PIURA;PIURA;MEJORAMIENTO DEL SISTEMA DE  AGUA PARA RIEGO DEL CANAL LATERAL OTERO, CENTRO POBLADO CHIPILLICO DEL DISTRITO DE LAS LOMAS - PROVINCIA DE PIURA - DEPARTAMENTO DE PIURA;446678;PEN;15;Concurso Público Abreviado;services;Mediana competencia
1192027;20141897935;MUNICIPALIDAD PROVINCIAL DE SANCHEZ CARRION - HUAMACHUCO;LA LIBERTAD;SANCHEZ CARRION;MEJORAMIENTO DEL SERVICIO DE PRÁCTICA DEPORTIVA Y/O RECREATIVA EN EL BARRIO SANTA ÚRSULA DE LA JUNTA VECINAL N°02,   DISTRITO DE HUAMACHUCO DE LA PROVINCIA DE SANCHEZ CARRION DEL DEPARTAMENTO DE LA LIBERTAD;145314.28;PEN;9;Concurso Público Abreviado;services;Baja competencia
1193429;20315959595;GOBIERNO REGIONAL DE PIURA - DIRECCIÓN  REGIONAL DE AGRICULTURA;PIURA;PIURA;MEJORAMIENTO DEL SERVICIO DE APOYO AL DESARROLLO PRODUCTIVO AGROPECUARIO DE LA AGRICULTURA FAMILIAR EN 5 PROVINCIAS DEL DEPARTAMENTO DE PIURA;99975;PEN;6;Comparación de Precios;goods;Baja competencia
1195885;20205367994;MUNICIPALIDAD DISTRITAL DE CHUGAY;LA LIBERTAD;SANCHEZ CARRION;MEJORAMIENTO DEL SERVICIO DE EDUCACION PRIMARIA Y SERVICIO DE EDUCACIÓN SECUNDARIA EN I.E. 80643  DE CENTRO POBLADO MARCAMACHAY DISTRITO DE CHUGAY DE LA PROVINCIA DE SANCHEZ CARRION DEL DEPARTAMENTO DE LA LIBERTAD;210394;PEN;6;Concurso Público Abreviado;services;Baja competencia
1194338;20154432516;MUNICIPALIDAD DISTRITAL DE SANTIAGO - CUSCO;CUSCO;CUSCO;"ADQUISICION DE EQUIPO DE FISCALIZACION Y ORGANIZACION; EN EL(LA) UNIDAD ORGANICA DE LA GERENCIA DE GESTION DE MEDIO AMBIENTE DE LA MUNICIPALIDAD DISTRITAL DE SANTIAGO DEL  DISTRITO DE SANTIAGO, PROVINCIA CUSCO, DEPARTAMENTO CUSCO";96200;PEN;3;Comparación de Precios;goods;Baja competencia
1197384;20527141762;GOBIERNO REGIONAL DE APURIMAC SEDE CENTRAL;APURIMAC;ABANCAY;MEJORAMIENTO DE LOS  SERVICIOS DE SALUD DEL CENTRO DE SALUD ESTRATÉGICO CHICMO DEL DISTRITO DE SANTA MARIA DE CHICMO - PROVINCIA DE ANDAHUAYLAS - DEPARTAMENTO DE APURIMAC;90686.5;PEN;4;Comparación de Precios;goods;Baja competencia
1193879;20159308961;MUNICIPALIDAD DISTRITAL DE SAN SEBASTIAN;CUSCO;CUSCO;MEJORAMIENTO DEL SERVICIO DE MOVILIDAD URBANA EN LAS APVS. HANAN QOSQO, SANTO TOMAS, ORIÓN K'AWARINA Y VILLA EL MIRADOR ACOMAYO DEL   DISTRITO DE SAN SEBASTIAN DE LA PROVINCIA DE CUSCO DEL DEPARTAMENTO DE CUSCO;78007.5;PEN;5;Comparación de Precios;goods;Baja competencia
1192663;20208154428;MUNICIPALIDAD DISTRITAL DE MARCABAL;LA LIBERTAD;SANCHEZ CARRION;CREACION DEL SERVICIO DE TRANSITABILIDAD VIAL INTERURBANA EN LA CARRETERA DE ACCESO A NIVEL DE TROCHA CARROZABLE DEL TRAMO SANTA ROSA DE CASHAHUATE - SECTOR CERRO BLANCO - SECTOR CHOROBAMBA  DE CENTRO POBLADO SANTA ROSA DE CASHAHUATE DISTRITO DE MARCABAL DE LA PROVINCIA DE SANCHEZ CARRION DEL DEPARTAMENTO DE LA LIBERTAD;215722.7;PEN;4;Concurso Público Abreviado;services;Baja competencia
1193348;20147419687;MUNICIPALIDAD DISTRITAL DE COPORAQUE - ESPINAR;CUSCO;ESPINAR;MEJORAMIENTO Y AMPLIACION DEL SERVICIO DE PRÁCTICA DEPORTIVA Y/O RECREATIVA EN EL RADIO URBANO Y RURAL DEL   DISTRITO DE COPORAQUE DE LA PROVINCIA DE ESPINAR DEL DEPARTAMENTO DE CUSCO;79900;PEN;4;Comparación de Precios;goods;Baja competencia
1192351;20229489039;MUNICIPALIDAD DISTRITAL DE CHIRINOS;CAJAMARCA;SAN IGNACIO;CREACION DE LOS SERVICIOS OPERATIVOS O MISIONALES INSTITUCIONALES EN EL CENTRO POBLADO LA TRANCA   DISTRITO DE CHIRINOS DE LA PROVINCIA DE SAN IGNACIO DEL DEPARTAMENTO DE CAJAMARCA;476146;PEN;4;Licitación Pública Abreviada;works;Baja competencia
1194069;20165195290;MUNICIPALIDAD PROVINCIAL DE SAN ROMAN - JULIACA;PUNO;SAN ROMAN;MEJORAMIENTO DEL SERVICIO DE MOVILIDAD URBANA EN AV. CIRCUNVALACION I TRAMO OVALO SALIDA CUSCO - PARQUE DEL TRICICLISTA   DISTRITO DE JULIACA DE LA PROVINCIA DE SAN ROMAN DEL DEPARTAMENTO DE PUNO;940725;PEN;1;Subasta Inversa Electrónica;goods;Baja competencia
1197204;20185898343;GOBIERNO REGIONAL DE APURIMAC-CHANKA;APURIMAC;ABANCAY;MEJORAMIENTO Y AMPLIACION DEL SERVICIO DE AGUA PARA RIEGO EN ANCCARAYLLA, CCACCE,CHAVELAYOC, PALMA REAL,SANTA ROSA ALTA,UNIÓN CLAVELES,CUNCAYOC,CCACHCCARUMIHUAYCCO, RAYANNIYOC,CCOCHO MOCCO, SANTA ANITA,AÑASORCCO,SACHAYOC MOCCO,CABALLO OCCO,PURMACC WASICUCHO, POTRERO OCCO,CCALLPA MOCCO,CUMANAYLLA,CHECCHE,SACLAYA, ÑAHUINPUQUIO, HUARACCOPATA, CCANCHUPATA Y CHAQUICCOCHAPATA, EN LOS DISTRITOS DE ANDAHUAYLAS, SAN JERONIMO Y JOSE MARIA ARGUEDAS DE LA  PROVINCIA DE ANDAHUAYLAS - DEPARTAMENTO DE APURIMAC;205955.5;PEN;8;Subasta Inversa Electrónica;goods;Baja competencia
1195235;20365993671;GOBIERNO REGIONAL DE APURIMAC-AGRICULTURA APURIMAC;APURIMAC;ABANCAY;MEJORAMIENTO DE LA COMPETITIVIDAD DE LA CADENA PRODUCTIVA DEL CULTIVO DE MAÍZ AMILÁCEO EN LAS PROVINCIAS DE ABANCAY, AYMARAES, ANTABAMBA, GRAU Y COTABAMBAS DE LA REGION APURIMAC 5 PROVINCIAS DEL DEPARTAMENTO DE APURIMAC;51000;PEN;6;Comparación de Precios;goods;Baja competencia
1195124;20365993671;GOBIERNO REGIONAL DE APURIMAC-AGRICULTURA APURIMAC;APURIMAC;ABANCAY;MEJORAMIENTO DE LA COMPETITIVIDAD DE LA CADENA PRODUCTIVA DEL CULTIVO DE MAÍZ AMILÁCEO EN LAS PROVINCIAS DE ABANCAY, AYMARAES, ANTABAMBA, GRAU Y COTABAMBAS DE LA REGION APURIMAC 5 PROVINCIAS DEL DEPARTAMENTO DE APURIMAC;90350;PEN;3;Comparación de Precios;goods;Baja competencia
1200870;20174691267;MUNICIPALIDAD PROVINCIAL DE CUTERVO;CAJAMARCA;CUTERVO;MEJORAMIENTO DE LOS SERVICIOS DE APOYO AL DESARROLLO PRODUCTIVO EN LA CADENA PRODUCTIVA DEL GANADO VACUNO EN LOS DISTRITOS DE CUTERVO, CALLAYUC, PINPINGOS , QUEROCOTILLO , SANTA CRUZ, TORIBIO CASANOVA ,   DISTRITO DE CUTERVO DE LA PROVINCIA DE CUTERVO DEL DEPARTAMENTO DE CAJAMARCA;1131481.36;PEN;9;Licitación Pública Abreviada;goods;Baja competencia
1195325;20321735607;GOBIERNO REGIONAL DE PUNO - PROGRAMA DE APOYO AL DESARROLLO RURAL ANDINO - PRADERA I;PUNO;SAN ROMAN;AMPLIACION PARA EL MEJORAMIENTO DE LA PRODUCTIVIDAD DE CARNE Y LANA DE OVINOS 6 PROVINCIAS DEL DEPARTAMENTO DE PUNO;98880;PEN;3;Comparación de Precios;goods;Baja competencia
1194393;20452393493;GOBIERNO REGIONAL DE AYACUCHO SEDE CENTRAL;AYACUCHO;HUAMANGA;MEJORAMIENTO DEL SERVICIO DE TRANSITABILIDAD DEL TRAMO: EMP. AY - 785 (HUASCAHURA) 0+000 - EMP.PE - 28A (PICOTA) 4+780 DEL  DISTRITO DE AYACUCHO - PROVINCIA DE HUAMANGA - DEPARTAMENTO DE AYACUCHO;96896.6;PEN;3;Comparación de Precios;goods;Baja competencia
1199252;20602259065;UNIDAD EJECUTORA MEJORAMIENTO DEL SISTEMA DE INFORMACION DE LA SUNAT - MSI;LIMA;LIMA;MEJORAMIENTO DE LOS SERVICIOS DE RECAUDACIÓN TRIBUTARIA Y ADUANERA A TRAVÉS DE LA TRANSFORMACIÓN DIGITAL;55000;PEN;1;Convenio;services;Baja competencia
1193280;20207352871;MUNICIPALIDAD DISTRITAL DE AJOYANI;PUNO;CARABAYA;"ADQUISICION DE TERRENO; EN EL(LA) COMUNIDAD DE CAYATOCCO PARA REPRESAMIENTO Y CONDUCCIÓN DEL SERVICIO DE AGUA EN EL  DISTRITO DE AJOYANI, PROVINCIA CARABAYA, DEPARTAMENTO PUNO";420000;PEN;1;Contratación Directa;goods;Baja competencia
1199632;20193995242;MUNICIPALIDAD DISTRITAL DE YAUCA DEL ROSARIO;ICA;ICA;CREACION DEL SERVICIOS DE ESPACIOS PÚBLICOS URBANOS EN 3 UNIDADES PRODUCTORAS  3 CENTROS POBLADOS  DISTRITO DE YAUCA DEL ROSARIO DE LA PROVINCIA DE ICA DEL DEPARTAMENTO DE ICA;988430.65;PEN;10;Licitación Pública Abreviada;works;Mediana competencia
1196131;20190685013;MUNICIPALIDAD DISTRITAL DE JOSE GALVEZ;CAJAMARCA;CELENDIN;MEJORAMIENTO Y AMPLIACION DE LOS SERVICIOS PÚBLICOS DE INTEGRACIÓN ECONÓMICA Y SOCIAL EN CONSTRUCCIÓN DE LOSA DEPORTIVA EN EL CASERÍO CHAQUIL   DISTRITO DE JOSE GALVEZ DE LA PROVINCIA DE CELENDIN DEL DEPARTAMENTO DE CAJAMARCA;66126.33;PEN;11;Concurso Público Abreviado;services;Mediana competencia
1192856;20181009161;MUNICIPALIDAD DISTRITAL DE PUNTA DE BOMBON;AREQUIPA;ISLAY;MEJORAMIENTO DEL SERVICIO DE AGUA PARA RIEGO EN LA LATERAL LA MAQUINA TRAMO CAL. FRANCISCO DE OLAZABAL ¿ CAL. IV CENTENARIO DE LA  LOCALIDAD PUNTA DE BOMBON DEL DISTRITO DE PUNTA DE BOMBON - PROVINCIA DE ISLAY - DEPARTAMENTO DE AREQUIPA;498688.65;PEN;10;Licitación Pública Abreviada;works;Mediana competencia
1197783;20148445037;MUNICIPALIDAD DISTRITAL DE MORROPON;PIURA;MORROPON;"REPARACION DE ESTACION DE BOMBEO DE AGUA, LÍNEA DE ADUCCIÓN Y RESERVORIO; EN EL(LA) SISTEMA DE AGUA POTABLE EN LA LOCALIDAD EL CHORRO  DISTRITO DE MORROPON, PROVINCIA MORROPON, DEPARTAMENTO PIURA";318453.85;PEN;9;Licitación Pública Abreviada;works;Baja competencia
1192233;20161096068;MUNICIPALIDAD PROVINCIAL DE COTABAMBAS - TAMBOBAMBA;APURIMAC;COTABAMBAS;MEJORAMIENTO DEL SERVICIO DE MOVILIDAD URBANA EN LAS VIAS LOCALES DEL BARRIO SAN MARTIN  DE CENTRO POBLADO TAMBOBAMBA DISTRITO DE TAMBOBAMBA DE LA PROVINCIA DE COTABAMBAS DEL DEPARTAMENTO DE APURIMAC;101600;PEN;15;Subasta Inversa Electrónica;goods;Mediana competencia
1196742;20159311598;GOBIERNO REGIONAL DE CUSCO - PROYECTO ESPECIAL REGIONAL PLAN COPESCO;CUSCO;CUSCO;MEJORAMIENTO DEL SERVICIO DE TRANSITABILIDAD VIAL INTERURBANA, EN LA VÍA VECINAL CU 902 - TRAMO CCPPS HUAROCONDO Y ZURITE, EN LOS DISTRITOS DE HUAROCONDO Y ZURITE DE LA  PROVINCIA DE ANTA - DEPARTAMENTO DE CUSCO;83073.33;PEN;3;Comparación de Precios;goods;Baja competencia
1192717;20100063337;EMPRESA MUNICIPAL ADMINISTRADORA DE PEAJE DE LIMA S.A.;LIMA;LIMA;MEJORAMIENTO Y AMPLIACION DEL SERVICIO DE MOVILIDAD URBANA EN LA AV. RAMIRO PRIALE,   DISTRITO DE LURIGANCHO DE LA PROVINCIA DE LIMA DEL DEPARTAMENTO DE LIMA;355315.76;PEN;2;Contratación Directa;services;Baja competencia
1197668;20452393493;GOBIERNO REGIONAL DE AYACUCHO SEDE CENTRAL;AYACUCHO;HUAMANGA;MEJORAMIENTO DEL SERVICIO DE FORMACIÓN PROFESIONAL EN LA ESCUELA DE MEDICINA HUMANA DE LA FACULTAD DE CIENCIAS DE LA SALUD DE LA UNSCH  DISTRITO DE AYACUCHO - PROVINCIA DE HUAMANGA - DEPARTAMENTO DE AYACUCHO;92205;PEN;3;Comparación de Precios;goods;Baja competencia
1194521;20158907039;MUNICIPALIDAD DISTRITAL DE CCAPI;CUSCO;PARURO;MEJORAMIENTO DEL SERVICIO DE PROVISIÓN DE AGUA PARA RIEGO EN LA COMUNIDAD DE QUEHUAYLLO   DISTRITO DE CCAPI DE LA PROVINCIA DE PARURO DEL DEPARTAMENTO DE CUSCO;87736.38;PEN;3;Comparación de Precios;goods;Baja competencia
1193236;20208090861;MUNICIPALIDAD DISTRITAL DE CHILCAS;AYACUCHO;LA MAR;AMPLIACION DEL SERVICIO DE MOVILIDAD URBANA EN LAS VÍAS LOCALES  DE CENTRO POBLADO CHILCAS DISTRITO DE CHILCAS DE LA PROVINCIA DE LA MAR DEL DEPARTAMENTO DE AYACUCHO;103830;PEN;8;Subasta Inversa Electrónica;goods;Baja competencia
1193253;20208090861;MUNICIPALIDAD DISTRITAL DE CHILCAS;AYACUCHO;LA MAR;AMPLIACION DEL SERVICIO DE MOVILIDAD URBANA EN LAS VÍAS LOCALES  DE CENTRO POBLADO CHILCAS DISTRITO DE CHILCAS DE LA PROVINCIA DE LA MAR DEL DEPARTAMENTO DE AYACUCHO;194075;PEN;11;Subasta Inversa Electrónica;goods;Mediana competencia
1194770;20169004359;UNIVERSIDAD NACIONAL DE INGENIERIA;LIMA;LIMA;MEJORAMIENTO Y AMPLIACIÓN DE LOS SERVICIOS DE CTI PARA FORTALECER EL SISTEMA NACIONAL DE CIENCIA, TECNOLOGÍA E INNOVACIÓN;11000;PEN;1;Convenio;services;Baja competencia
1194088;20181438364;MUNICIPALIDAD PROVINCIAL DE EL COLLAO - ILAVE;PUNO;EL COLLAO;CREACION DEL SERVICIO DE PRÁCTICA DEPORTIVA Y/O RECREATIVA EN EL CENTRO POBLADO DE FHARATA COPANI DEL   DISTRITO DE ILAVE DE LA PROVINCIA DE EL COLLAO DEL DEPARTAMENTO DE PUNO;52096;PEN;3;Comparación de Precios;goods;Baja competencia
1190216;20199759672;MUNICIPALIDAD DISTRITAL DE MARCAPOMACOCHA;JUNIN;YAULI;MEJORAMIENTO DEL SERVICIO DE MOVILIDAD URBANA EN LAS ESCALINATAS DEL TRAMO MARISCAL CACERES - TANTARAGRA  DE CENTRO POBLADO MARCAPOMACOCHA DISTRITO DE MARCAPOMACOCHA DE LA PROVINCIA DE YAULI DEL DEPARTAMENTO DE JUNIN;195506.85;PEN;5;Licitación Pública Abreviada;goods;Baja competencia
1193342;20180001051;MUNICIPALIDAD PROVINCIAL DE CHINCHEROS;APURIMAC;CHINCHEROS;MEJORAMIENTO DEL SERVICIO DE EDUCACION PRIMARIA EN I.E. 54613  DE CENTRO POBLADO CALLEBAMBA DISTRITO DE CHINCHEROS DE LA PROVINCIA DE CHINCHEROS DEL DEPARTAMENTO DE APURIMAC;150000;PEN;16;Concurso Público Abreviado;services;Mediana competencia
1195157;20182786935;GOBIERNO REGIONAL DE UCAYALI-DIRECCIÓN REGIONAL SECTORIAL DE TRANSPORTES Y COMUNICACIONES;UCAYALI;CORONEL PORTILLO;"REPARACION DE PLATAFORMA Y PUENTE; EN EL(LA) CARRETERA DEPARTAMENTAL UC -110, TRAMO: NUEVA JERUSALÉN - HERMOSA SELVA - ABEJAICO DISTRITO DE CAMPOVERDE, PROVINCIA CORONEL PORTILLO, DEPARTAMENTO UCAYALI";99400;PEN;3;Comparación de Precios;goods;Baja competencia
1193187;20193443479;MUNICIPALIDAD DISTRITAL DE ALTO TAPICHE;LORETO;REQUENA;CREACION DE LOS SERVICIOS DE ESPACIOS PÚBLICOS URBANOS EN CONSTRUCCION DEL LOCAL COMUNAL EN LA LOCALIDAD DE MORALES BERMUDEZ   DISTRITO DE ALTO TAPICHE DE LA PROVINCIA DE REQUENA DEL DEPARTAMENTO DE LORETO;328623.53;PEN;1;Licitación Pública Abreviada;works;Baja competencia
1193865;20143122850;MINAG - PROYECTO ESPECIAL SIERRA CENTRO SUR;AYACUCHO;HUAMANGA;MEJORAMIENTO Y AMPLIACION DEL SERVICIO DE AGUA A NIVEL PARCELARIO CON UN SISTEMA DE RIEGO TECNIFICADO EN EL CENTRO POBLADO HUINCHULLAY DEL DISTRITO DE ARMA - PROVINCIA DE CASTROVIRREYNA - DEPARTAMENTO DE HUANCAVELICA;97767.61;PEN;3;Comparación de Precios;goods;Baja competencia
1196164;20171798885;MUNICIPALIDAD DISTRITAL DE LUCRE - QUISPICANCHIS;CUSCO;QUISPICANCHI;MEJORAMIENTO DEL SERVICIO DE PRACTICA DEPORTIVA Y/O RECREATIVA EN APV LOS CARDONES DEL DISTRITO DE LUCRE DE LA PROVINCIA DE QUISPICANCHI DEL DEPARTAMENTO DE CUSCO;79200;PEN;3;Comparación de Precios;goods;Baja competencia
1193151;20490338773;GOBIERNO REGIONAL DE APURIMAC-GERENCIA SUBREGIONAL CHINCHEROS;APURIMAC;CHINCHEROS;MEJORAMIENTO DE LOS SERVICIOS DE EDUCACION PRIMARIA DE LA I.E.P.M. N 54225 DEL CENTRO POBLADO DE TOTORABAMBA, DISTRITO DE ANCO_HUALLO - CHINCHEROS - APURIMAC;85014.1;PEN;3;Comparación de Precios;goods;Baja competencia
1193464;20490338773;GOBIERNO REGIONAL DE APURIMAC-GERENCIA SUBREGIONAL CHINCHEROS;APURIMAC;CHINCHEROS;MEJORAMIENTO Y AMPLIACION DEL SERVICIO DE TRANSITABILIDAD VIAL EN EL SECTOR EMP  PE - 3S (DIV. RANRACANCHA) HUACCSONE - SINHUAPATA - OCCEPATA - FLORIDA EMP AP-102 EN LOS DISTRITOS DE RANRACANCHA Y OCOBAMBA DE LA  PROVINCIA DE CHINCHEROS - DEPARTAMENTO DE APURIMAC;50000;PEN;3;Comparación de Precios;goods;Baja competencia
1194655;20131369477;INSTITUTO TECNOLOGICO DE LA PRODUCCION;LIMA;LIMA;MEJORAMIENTO Y AMPLIACIÓN DE LOS SERVICIOS DE CTI PARA FORTALECER EL SISTEMA NACIONAL DE CIENCIA, TECNOLOGÍA E INNOVACIÓN;9076.2;PEN;2;Convenio;goods;Baja competencia
1197302;20406325815;GOBIERNO REGIONAL DE PUNO SEDE CENTRAL;PUNO;PUNO;MEJORAMIENTO DEL SERVICIO EDUCATIVO DE LAS CARRERAS DE PRODUCCIÓN, AUTOMOTRIZ, MINERÍA, CONTABILIDAD, COMPUTACIÓN,  SECRETARIADO, ENFERMERÍA, LABORATORIO CLÍNICO Y PRÓTESIS DENTAL DEL IST MANUEL NÚÑEZ  BUTRÓN, JULIACA, SAN ROMÁN - PUNO;878560;PEN;14;Licitación Pública Abreviada;goods;Mediana competencia
1196347;20226962892;MUNICIPALIDAD PROVINCIAL DE PATAZ - TAYABAMBA;LA LIBERTAD;PATAZ;CREACION DE LOS SERVICIOS DE ESPACIOS PÚBLICOS URBANOS EN ESPACIO URBANO  DE CENTRO POBLADO PIAN DISTRITO DE TAYABAMBA DE LA PROVINCIA DE PATAZ DEL DEPARTAMENTO DE LA LIBERTAD;366440.68;PEN;6;Licitación Pública Abreviada;works;Baja competencia
1195482;20479569780;GOBIERNO REGIONAL DE LAMBAYEQUE SEDE CENTRAL;LAMBAYEQUE;CHICLAYO;"MEJORAMIENTO Y AMPLIACION DE LOS SERVICIOS TURÍSTICOS PÚBLICOS EN RECURSOS TURÍSTICOS  EN EL MALECÓN TURÍSTICO ""SANTA ROSA""   DISTRITO DE SANTA ROSA DE LA PROVINCIA DE CHICLAYO DEL DEPARTAMENTO DE LAMBAYEQUE";193426.84;PEN;24;Concurso Público Abreviado;services;Alta competencia
1197519;20169004359;UNIVERSIDAD NACIONAL DE INGENIERIA;LIMA;LIMA;MEJORAMIENTO Y AMPLIACIÓN DE LOS SERVICIOS DE CTI PARA FORTALECER EL SISTEMA NACIONAL DE CIENCIA, TECNOLOGÍA E INNOVACIÓN;16888;PEN;1;Convenio;goods;Baja competencia
1194616;20170164408;MUNICIPALIDAD DISTRITAL DE MASISEA;UCAYALI;CORONEL PORTILLO;MEJORAMIENTO DEL SERVICIO DE ATENCIÓN Y PROMOCIÓN DE LAS FAMILIAS EN LOCAL COMUNAL  DE CENTRO POBLADO SAN RAFAEL DISTRITO DE MASISEA DE LA PROVINCIA DE CORONEL PORTILLO DEL DEPARTAMENTO DE UCAYALI;401392;PEN;4;Licitación Pública Abreviada;works;Baja competencia
1194094;20181438364;MUNICIPALIDAD PROVINCIAL DE EL COLLAO - ILAVE;PUNO;EL COLLAO;MEJORAMIENTO DEL SERVICIO DE PRÁCTICA DEPORTIVA Y/O RECREATIVA EN EL ESTADIO MUNICIPAL DEL CENTRO POBLADO DE CHIJICHAYA DEL   DISTRITO DE ILAVE DE LA PROVINCIA DE EL COLLAO DEL DEPARTAMENTO DE PUNO;91615;PEN;3;Comparación de Precios;goods;Baja competencia
1192316;20489250731;GOBIERNO REGIONAL DE HUANUCO SEDE CENTRAL;HUANUCO;HUANUCO;"REPARACION DE COLECTOR SECUNDARIO Y EMISOR; CONSTRUCCION DE PTAR; EN EL(LA) SISTEMA DE ALCANTARILLADO EN EL CENTRO POBLADO UNGUYMARAN, DISTRITO DE CONCHAMARCA, PROVINCIA AMBO, DEPARTAMENTO HUANUCO";258000;PEN;7;Concurso Público Abreviado;services;Baja competencia
1192770;20161096068;MUNICIPALIDAD PROVINCIAL DE COTABAMBAS - TAMBOBAMBA;APURIMAC;COTABAMBAS;MEJORAMIENTO DEL SERVICIO DE MOVILIDAD URBANA EN LAS VIAS LOCALES DEL BARRIO SAN MARTIN  DE CENTRO POBLADO TAMBOBAMBA DISTRITO DE TAMBOBAMBA DE LA PROVINCIA DE COTABAMBAS DEL DEPARTAMENTO DE APURIMAC;237600;PEN;7;Subasta Inversa Electrónica;goods;Baja competencia
1193615;20194735384;MUNICIPALIDAD PROVINCIAL DE JORGE BASADRE - LOCUMBA;TACNA;JORGE BASADRE;MEJORAMIENTO Y AMPLIACION DEL SERVICIO DE SEGURIDAD CIUDADANA LOCAL EN LA ZONA RURAL Y URBANA  DE LAS LOCALIDADES DEL   DISTRITO DE LOCUMBA DE LA PROVINCIA DE JORGE BASADRE DEL DEPARTAMENTO DE TACNA;60896;PEN;3;Comparación de Precios;goods;Baja competencia
1193204;20197978725;MUNICIPALIDAD DISTRITAL DE TROMPETEROS;LORETO;LORETO;MEJORAMIENTO Y AMPLIACION DEL SERVICIO DE EDUCACIÓN INICIAL EN I.E. 373  DE CENTRO POBLADO VILLA TROMPETEROS DISTRITO DE TROMPETEROS DE LA PROVINCIA DE LORETO DEL DEPARTAMENTO DE LORETO;156022.22;PEN;2;Concurso Público Abreviado;services;Baja competencia
1192259;20179525101;MUNICIPALIDAD DISTRITAL DE SANTA;ANCASH;SANTA;CREACION DEL SERVICIOS DE ESPACIOS PÚBLICOS URBANOS EN PARQUE MZ E LOTE 1 H.U.P. SAN JOSE,   DISTRITO DE SANTA DE LA PROVINCIA DE SANTA DEL DEPARTAMENTO DE ANCASH;860898.78;PEN;8;Licitación Pública Abreviada;works;Baja competencia
1192116;20185850570;MUNICIPALIDAD DISTRITAL DE ITUATA;PUNO;CARABAYA;MEJORAMIENTO DEL SERVICIO DE TRANSITABILIDAD VIAL INTERURBANA EN LA TROCHA CARROZABLE TRAMOS: APACHETA A CCOTAÑANI , Y UCUCHUPAMPA AL SECTOR BENDITANI  DE CENTRO POBLADO UPINA DISTRITO DE ITUATA DE LA PROVINCIA DE CARABAYA DEL DEPARTAMENTO DE PUNO;265381.5;PEN;6;Concurso Público Abreviado;services;Baja competencia
1192781;20177217043;MUNICIPALIDAD PROVINCIAL DEL CUSCO;CUSCO;CUSCO;"CREACION DEL SERVICIOS DE ESPACIOS PÚBLICOS URBANOS EN EL ESPACIO PUBLICO ""PASEO DE LOS INCAS"" DE LA AV. ALAMEDA PACHACUTEC, ENTRE EL TRAMO ÓVALO PACHACUTEC Y ÓVALO MARTIN CHAMBI DEL   DISTRITO DE WANCHAQ DE LA PROVINCIA DE CUSCO DEL DEPARTAMENTO DE CUSCO";95777.5;PEN;3;Comparación de Precios;goods;Baja competencia
1193036;20199463129;MUNICIPALIDAD DISTRITAL DE PALCA - HUANCAVELICA;HUANCAVELICA;HUANCAVELICA;CREACION DEL SERVICIO DE GESTION COMUNAL EN LA LOCALIDAD DE TITANCA DEL DISTRITO DE PALCA - PROVINCIA DE HUANCAVELICA - DEPARTAMENTO DE HUANCAVELICA;252087.62;PEN;3;Licitación Pública Abreviada;works;Baja competencia
1192571;20527143200;GOBIERNO REGIONAL DE MADRE DE DIOS SEDE CENTRAL;MADRE DE DIOS;TAMBOPATA;MEJORAMIENTO Y AMPLIACION DE LOS SERVICIOS EDUCATIVOS DEL NIVEL PRIMARIA DE LA I.E. N°52072 MARIO VARGAS LLOSA DEL CENTRO POBLADO DOS DE MAYO DEL DISTRITO DE INAMBARI - PROVINCIA DE TAMBOPATA - DEPARTAMENTO DE MADRE DE DIOS;210487.5;PEN;6;Licitación Pública Abreviada;goods;Baja competencia
1193783;20609530279;FOMENTO Y GESTIÓN SOSTENIBLE DE LA PRODUCCIÓN FORESTAL EN EL PERÚ;LIMA;LIMA;MEJORAMIENTO Y AMPLIACION DEL ORDENAMIENTO DEL PATRIMONIO FORESTAL EN 9 DEPARTAMENTOS;60000;PEN;1;Convenio;services;Baja competencia
1192796;20452393493;GOBIERNO REGIONAL DE AYACUCHO SEDE CENTRAL;AYACUCHO;HUAMANGA;MEJORAMIENTO DE LOS SERVICIOS DE FORMACIÓN PROFESIONAL EN INGENIERÍA AGRÍCOLA DE LA UNIVERSIDAD NACIONAL DE SAN CRISTÓBAL DE HUAMANGA, DISTRITO DE AYACUCHO, PROVINCIA DE HUAMANGA, DEPARTAMENTO DE AYACUCHO;49950;PEN;3;Comparación de Precios;goods;Baja competencia
1193800;20609530279;FOMENTO Y GESTIÓN SOSTENIBLE DE LA PRODUCCIÓN FORESTAL EN EL PERÚ;LIMA;LIMA;MEJORAMIENTO Y AMPLIACION DEL ORDENAMIENTO DEL PATRIMONIO FORESTAL EN 9 DEPARTAMENTOS;60000;PEN;1;Convenio;services;Baja competencia
1195002;20226560824;MUNICIPALIDAD DISTRITAL DE CCATCCA;CUSCO;QUISPICANCHI;MEJORAMIENTO Y AMPLIACION DEL SERVICIO DE EDUCACIÓN SECUNDARIA EN I.E. LUIS NAVARRETE LECHUGA  DE CENTRO POBLADO CCATCCAPAMPA DISTRITO DE CCATCA DE LA PROVINCIA DE QUISPICANCHI DEL DEPARTAMENTO DE CUSCO;98370;PEN;3;Comparación de Precios;goods;Baja competencia
1194828;20496934866;MUNICIPALIDAD DISTRITAL DE MAJES - VILLA EL PEDREGAL;AREQUIPA;CAYLLOMA;CREACION DEL SERVICIO DE PRÁCTICA DEPORTIVA Y/O RECREATIVA EN EL SECTOR 2 MZ F-4 LOTE 1 MODULO G CIUDAD MAJES   DISTRITO DE MAJES DE LA PROVINCIA DE CAYLLOMA DEL DEPARTAMENTO DE AREQUIPA;91526.2;PEN;3;Comparación de Precios;goods;Baja competencia
1195486;20146675124;MUNICIPALIDAD DISTRITAL DE COVIRIALI;JUNIN;SATIPO;MEJORAMIENTO DE LOS SERVICIOS DE APOYO AL DESARROLLO PRODUCTIVO EN 06 CADENAS PRODUCTIVAS EN EL   DISTRITO DE COVIRIALI DE LA PROVINCIA DE SATIPO DEL DEPARTAMENTO DE JUNIN;54404;PEN;3;Comparación de Precios;goods;Baja competencia
1193014;20147567449;MUNICIPALIDAD PROVINCIAL DE URUBAMBA;CUSCO;URUBAMBA;MEJORAMIENTO DE LOS SERVICIOS DEL PARQUE RECREACIONAL CHARCAHUAYLLA DE LA CIUDAD DE URUBAMBA - DISTRITO DE URUBAMBA - PROVINCIA DE URUBAMBA - DEPARTAMENTO DE CUSCO;1507561;PEN;28;Licitación Pública Abreviada;goods;Alta competencia
1193293;20159329535;MUNICIPALIDAD DISTRITAL DE POMACANCHI;CUSCO;ACOMAYO;MEJORAMIENTO Y AMPLIACION DE SISTEMA DE RIEGO EN EL SECTOR MURK´A PAMPA DE LA COMUNIDAD CAMPESINA DE SANTA ROSA DE MANCURA DEL DISTRITO DE POMACANCHI - PROVINCIA DE ACOMAYO - DEPARTAMENTO DE CUSCO;64804.4;PEN;2;Subasta Inversa Electrónica;goods;Baja competencia
1195684;20154469941;MUNICIPALIDAD PROVINCIAL DE MARISCAL NIETO - MOQUEGUA;MOQUEGUA;MARISCAL NIETO;MEJORAMIENTO DEL SERVICIO DE TRANSITABILIDAD VIAL DE LA RUTA: R1801258 EN LA JUNTA VECINAL DE CHARSAGUA Y ALTO LA VILLA DEL CENTRO POBLADO LOS ANGELES,  DISTRITO DE MOQUEGUA - PROVINCIA DE MARISCAL NIETO - DEPARTAMENTO DE MOQUEGUA;136350;PEN;9;Concurso Público Abreviado;services;Baja competencia
1192733;20177217043;MUNICIPALIDAD PROVINCIAL DEL CUSCO;CUSCO;CUSCO;"CREACION DEL SERVICIOS DE ESPACIOS PÚBLICOS URBANOS EN EL ESPACIO PUBLICO ""PASEO DE LOS INCAS"" DE LA AV. ALAMEDA PACHACUTEC, ENTRE EL TRAMO ÓVALO PACHACUTEC Y ÓVALO MARTIN CHAMBI DEL   DISTRITO DE WANCHAQ DE LA PROVINCIA DE CUSCO DEL DEPARTAMENTO DE CUSCO";97113.33;PEN;3;Comparación de Precios;goods;Baja competencia
1197907;20146721924;MUNICIPALIDAD DISTRITAL DE CURA MORI;PIURA;PIURA;MEJORAMIENTO DE LA CARRETERA VECINAL TRAMO EMP. PI-1023 CUCUNGARA HASTA EMP. PE-1N KM 980, DISTRITO DE CURA MORI - PROVINCIA DE PIURA - DEPARTAMENTO DE PIURA;821070;PEN;3;Contratación Directa;services;Baja competencia
1192901;20131369477;INSTITUTO TECNOLOGICO DE LA PRODUCCION;LIMA;LIMA;MEJORAMIENTO Y AMPLIACIÓN DE LOS SERVICIOS DE CTI PARA FORTALECER EL SISTEMA NACIONAL DE CIENCIA, TECNOLOGÍA E INNOVACIÓN;26000;PEN;3;Convenio;goods;Baja competencia
1192786;20452393493;GOBIERNO REGIONAL DE AYACUCHO SEDE CENTRAL;AYACUCHO;HUAMANGA;MEJORAMIENTO DE LOS SERVICIOS DE FORMACIÓN PROFESIONAL EN INGENIERÍA AGRÍCOLA DE LA UNIVERSIDAD NACIONAL DE SAN CRISTÓBAL DE HUAMANGA, DISTRITO DE AYACUCHO, PROVINCIA DE HUAMANGA, DEPARTAMENTO DE AYACUCHO;99820;PEN;3;Comparación de Precios;goods;Baja competencia
1196012;20166544000;MUNICIPALIDAD DISTRITAL DE SAN MARCOS;ANCASH;HUARI;"ADQUISICION DE TERRENO; EN EL(LA) CREACION DEL SERVICIOS DE ESPACIOS PÚBLICOS URBANOS EN EL BOULEVARD DEL BARRIO LA FLORIDA DEL DISTRITO DE SAN MARCOS DE LA PROVINCIA DE HUARI DEL DEPARTAMENTO DE ANCASH  DISTRITO DE SAN MARCOS, PROVINCIA HUARI, DEPARTAMENTO ANCASH";7787430.9;PEN;1;Contratación Directa;goods;Baja competencia
1192184;20452393493;GOBIERNO REGIONAL DE AYACUCHO SEDE CENTRAL;AYACUCHO;HUAMANGA;MEJORAMIENTO Y AMPLIACION DEL SERVICIO DE TRANSITABILIDAD VIAL ENTRE EL TRAMO AY-728(PENAL DE YANAMILLA) HASTA EL TRAMO AY-729(PTAR) LONGITUD 2.38 KM EN EL  DISTRITO DE ANDRES AVELINO CACERES - PROVINCIA DE HUAMANGA - DEPARTAMENTO DE AYACUCHO;77432;PEN;3;Comparación de Precios;goods;Baja competencia
1193382;20131369477;INSTITUTO TECNOLOGICO DE LA PRODUCCION;LIMA;LIMA;MEJORAMIENTO Y AMPLIACIÓN DE LOS SERVICIOS DE CTI PARA FORTALECER EL SISTEMA NACIONAL DE CIENCIA, TECNOLOGÍA E INNOVACIÓN;21000;PEN;2;Convenio;goods;Baja competencia
1193941;20190345344;MUNICIPALIDAD PROVINCIAL DE TAYACAJA - PAMPAS;HUANCAVELICA;TAYACAJA;CREACION DEL SERVICIO DE PRÁCTICA DEPORTIVA Y/O RECREATIVA EN LA LOCALIDAD DE CHANGARA DEL   DISTRITO DE HUARIBAMBA DE LA PROVINCIA DE TAYACAJA DEL DEPARTAMENTO DE HUANCAVELICA;336908.25;PEN;3;Licitación Pública Abreviada;works;Baja competencia
1192904;20164032613;MUNICIPALIDAD DISTRITAL DE PIMENTEL;LAMBAYEQUE;CHICLAYO;"CREACION DEL SERVICIO DE MOVILIDAD URBANA EN EL SECTOR LA PERLA DEL PACIFICO Y CALLES COLINDANTES ; LOS CLAVELES C7 , SAN MARTIN C4 , SAN PABLO C1-2 , VIRGEN DE FATIMA C6-7 , VIRGEN DEL CARMEN C7-8 , SAN AGUSTIN C1-2-3 , SAN LUCAS C1-2-3 ; DEL   DISTRITO DE PIMENTEL DE LA PROVINCIA DE CHICLAYO DEL DEPARTAMENTO DE LAMBAYEQUE";7120929.34;PEN;22;Licitación Pública;works;Alta competencia
1192140;20232724588;MUNICIPALIDAD DISTRITAL DE SURCUBAMBA;HUANCAVELICA;TAYACAJA;CREACION DEL PARQUE PRINCIPAL EN EL CENTRO POBLADO DE YANANYAC DEL DISTRITO DE SURCUBAMBA - PROVINCIA DE TAYACAJA - DEPARTAMENTO DE HUANCAVELICA;901013.42;PEN;2;Licitación Pública Abreviada;works;Baja competencia
1192502;20164370349;MUNICIPALIDAD DISTRITAL DE CHINCHERO;CUSCO;URUBAMBA;CREACION DEL SERVICIO DE PRÁCTICA DEPORTIVA Y/O RECREATIVA EN EL SECTOR CUPER BAJO DEL   DISTRITO DE CHINCHERO DE LA PROVINCIA DE URUBAMBA DEL DEPARTAMENTO DE CUSCO;78286;PEN;4;Comparación de Precios;goods;Baja competencia
1193102;20601625017;MUNICIPALIDAD DISTRITAL DE MEGANTONI;CUSCO;LA CONVENCION;MEJORAMIENTO Y AMPLIACION DEL SERVICIO DE AGUA POTABLE RURAL Y MEJORAMIENTO Y AMPLIACION DEL SERVICIO DE ALCANTARILLADO U OTRAS FORMAS DE DISPOSICIÓN SANITARIA DE EXCRETAS EN EL ASENTAMIENTO RURAL TUPAC AMARU,   DISTRITO DE MEGANTONI DE LA PROVINCIA DE LA CONVENCION DEL DEPARTAMENTO DE CUSCO;66542;PEN;3;Comparación de Precios;goods;Baja competencia
1192639;20452393493;GOBIERNO REGIONAL DE AYACUCHO SEDE CENTRAL;AYACUCHO;HUAMANGA;CREACION DEL SERVICIO DE TRANSITABILIDAD VEHICULAR DEL TRAMO TIRCUS ¿ MEJORADA,  DISTRITO DE SIVIA - PROVINCIA DE HUANTA - DEPARTAMENTO DE AYACUCHO;638750;PEN;4;Subasta Inversa Electrónica;goods;Baja competencia
1194089;20493452241;MUNICIPALIDAD DISTRITAL DE ANDOAS;LORETO;DATEM DEL MARAÑON;CREACION DEL SERVICIO DE ATENCIÓN DE SALUD BÁSICOS EN EL CENTRO DE PROMOCIÓN Y VIGILANCIA COMUNAL EN LIMON COCHA, SAN JUAN DE MANCHARI, CHURUS,  Y  DE CENTRO POBLADO  PURANCHIN DISTRITO DE ANDOAS DE LA PROVINCIA DE DATEM DEL MARAÑON DEL DEPARTAMENTO DE LORETO;64384.29;PEN;5;Concurso Público Abreviado;services;Baja competencia
1193226;20201602506;MUNICIPALIDAD DISTRITAL DE CHONTALI;CAJAMARCA;JAEN;CREACION DEL SERVICIO DE TRANSITABILIDAD VIAL INTERURBANA EN VIA VECINAL TRAMO LA PRIMAVERA - CERRO EL PARAMO   DISTRITO DE CHONTALI DE LA PROVINCIA DE JAEN DEL DEPARTAMENTO DE CAJAMARCA;86050;PEN;6;Concurso Público Abreviado;services;Baja competencia
1190963;20168006277;MUNICIPALIDAD DISTRITAL DE JAZAN;AMAZONAS;BONGARA;MEJORAMIENTO DEL SERVICIO EDUCATIVO DE NIVEL INICIAL EN LAS I.E.I. N° 110 SANTA ROSA DEL CENTRO POBLADO SAN JERÓNIMO, I.E.I. N° 114 DEL CENTRO POBLADO CHOSGON, I.E.I. N° 103 Y I.E.I. N° 18084 DE LA CIUDAD DE PEDRO RUIZ GALLO DEL DISTRITO DE JAZAN - PROVINCIA DE BONGARA - DEPARTAMENTO DE AMAZONAS;3960000;PEN;2;Contratación Directa;works;Baja competencia
1194725;20146736875;MUNICIPALIDAD DISTRITAL DE TAMBOGRANDE;PIURA;PIURA;MEJORAMIENTO Y AMPLIACION DE LOS SERVICIOS FUNERARIOS Y DE SEPULTURA DEL CEMENTERIO SAN MARTÍN DE PORRES  DISTRITO DE TAMBO GRANDE - PROVINCIA DE PIURA - DEPARTAMENTO DE PIURA;430100.77;PEN;1;Contratación Directa;works;Baja competencia
1192322;20452393493;GOBIERNO REGIONAL DE AYACUCHO SEDE CENTRAL;AYACUCHO;HUAMANGA;MEJORAMIENTO DE LOS SERVICIOS DE FORMACIÓN PROFESIONAL EN INGENIERÍA AGRÍCOLA DE LA UNIVERSIDAD NACIONAL DE SAN CRISTÓBAL DE HUAMANGA, DISTRITO DE AYACUCHO, PROVINCIA DE HUAMANGA, DEPARTAMENTO DE AYACUCHO;99890;PEN;3;Comparación de Precios;goods;Baja competencia
1194121;20493452241;MUNICIPALIDAD DISTRITAL DE ANDOAS;LORETO;DATEM DEL MARAÑON;MEJORAMIENTO DEL SERVICIO DE EDUCACION PRIMARIA EN I.E. 62381  DE CENTRO POBLADO UWINTSA DISTRITO DE ANDOAS DE LA PROVINCIA DE DATEM DEL MARAÑON DEL DEPARTAMENTO DE LORETO;84498.9;PEN;5;Concurso Público Abreviado;services;Baja competencia
1193749;20159308619;MUNICIPALIDAD DISTRITAL DE OMACHA;CUSCO;PARURO;MEJORAMIENTO DE LOS SERVICIOS DE APOYO AL DESARROLLO PRODUCTIVO EN LA SUB GERENCIA DE DESARROLLO ECONÓMICO LOCAL DE LA MUNICIPALIDAD DISTRITAL DE OMACHA DEL   DISTRITO DE OMACHA DE LA PROVINCIA DE PARURO DEL DEPARTAMENTO DE CUSCO;81004;PEN;3;Comparación de Precios;goods;Baja competencia
1193000;20185898343;GOBIERNO REGIONAL DE APURIMAC-CHANKA;APURIMAC;ABANCAY;MEJORAMIENTO Y AMPLIACION DEL SERVICIO DE AGUA PARA RIEGO EN ANCCARAYLLA, CCACCE,CHAVELAYOC, PALMA REAL,SANTA ROSA ALTA,UNIÓN CLAVELES,CUNCAYOC,CCACHCCARUMIHUAYCCO, RAYANNIYOC,CCOCHO MOCCO, SANTA ANITA,AÑASORCCO,SACHAYOC MOCCO,CABALLO OCCO,PURMACC WASICUCHO, POTRERO OCCO,CCALLPA MOCCO,CUMANAYLLA,CHECCHE,SACLAYA, ÑAHUINPUQUIO, HUARACCOPATA, CCANCHUPATA Y CHAQUICCOCHAPATA, EN LOS DISTRITOS DE ANDAHUAYLAS, SAN JERONIMO Y JOSE MARIA ARGUEDAS DE LA  PROVINCIA DE ANDAHUAYLAS - DEPARTAMENTO DE APURIMAC;51330;PEN;2;Subasta Inversa Electrónica;goods;Baja competencia
1192323;20219345004;MUNICIPALIDAD DISTRITAL DE PROGRESO;APURIMAC;GRAU;CREACION DE LA LOSA DEPORTIVA MULTIUSOS EN LA COMUNIDAD DE CCONCHACCOTA DEL DISTRITO DE PROGRESO - PROVINCIA DE GRAU - DEPARTAMENTO DE APURIMAC;501550.57;PEN;7;Licitación Pública Abreviada;works;Baja competencia
1192682;20206511053;MUNICIPALIDAD DISTRITAL DE SITABAMBA;LA LIBERTAD;SANTIAGO DE CHUCO;MEJORAMIENTO Y AMPLIACION DEL SERVICIO DE AGUA POTABLE RURAL Y CREACION DEL SERVICIO DE ALCANTARILLADO U OTRAS FORMAS DE DISPOSICIÓN SANITARIA DE EXCRETAS EN EL CASERIO CHAGAPAMPA   DISTRITO DE SITABAMBA DE LA PROVINCIA DE SANTIAGO DE CHUCO DEL DEPARTAMENTO DE LA LIBERTAD;3575063.77;PEN;4;Licitación Pública Abreviada;works;Baja competencia
1196706;20182786935;GOBIERNO REGIONAL DE UCAYALI-DIRECCIÓN REGIONAL SECTORIAL DE TRANSPORTES Y COMUNICACIONES;UCAYALI;CORONEL PORTILLO;MEJORAMIENTO DEL SERVICIO DE TRANSITABILIDAD VIAL INTERURBANA EN LA VIA DEPARTAMENTAL RUTA UC-112 TRAYECTORIA: PUCALLPILLO , SANTA ROSA DE MASISEA EN LOS   DISTRITOS DE MANANTAY, MASISEA DE LA PROVINCIA DE CORONEL PORTILLO DEL DEPARTAMENTO DE UCAYALI;234539.71;PEN;3;Concurso Público Abreviado;services;Baja competencia
1193159;20601625017;MUNICIPALIDAD DISTRITAL DE MEGANTONI;CUSCO;LA CONVENCION;MEJORAMIENTO Y AMPLIACION DEL SERVICIO DE AGUA POTABLE URBANO Y MEJORAMIENTO Y AMPLIACION DEL SERVICIO DE ALCANTARILLADO U OTRAS FORMAS DE DISPOSICIÓN SANITARIA DE EXCRETAS EN LA CC.NN. KIRIGUETI   DISTRITO DE MEGANTONI DE LA PROVINCIA DE LA CONVENCION DEL DEPARTAMENTO DE CUSCO;1200000;PEN;12;Concurso Público para Consultoría;services;Mediana competencia
1193633;20147034467;MUNICIPALIDAD DISTRITAL DE LAS LOMAS;PIURA;PIURA;MEJORAMIENTO DE LA INFRAESTRUCTURA  DE RIEGO, CANAL TJ-05 - DISTRITO LAS LOMAS, PROVINCIA DE PIURA - PIURA;339110.76;PEN;13;Concurso Público Abreviado;services;Mediana competencia
1192501;20178082141;MUNICIPALIDAD DISTRITAL DE IMAZA;AMAZONAS;BAGUA;"CONSTRUCCION DE AMBIENTE DE RESIDENCIA; EN EL(LA) I.E. 16729 EN LA LOCALIDAD WAWAS, DISTRITO DE IMAZA, PROVINCIA BAGUA, DEPARTAMENTO AMAZONAS";2376691.15;PEN;7;Licitación Pública Abreviada;works;Baja competencia
1193213;20159340008;MUNICIPALIDAD DISTRITAL DE SANTA TERESA;CUSCO;LA CONVENCION;MEJORAMIENTO DEL SERVICIO DE MOVILIDAD URBANA EN LA CALLE 02, CALLE 03, CALLE 04 Y CALLE 08 DEL CENTRO POBLADO DE SANTA TERESA DEL  DISTRITO DE SANTA TERESA - PROVINCIA DE LA CONVENCION - DEPARTAMENTO DE CUSCO;151700;PEN;5;Subasta Inversa Electrónica;goods;Baja competencia
1193346;20479393568;UNIVERSIDAD NACIONAL TORIBIO RODRIGUEZ DE MENDOZA DE AMAZONAS;AMAZONAS;CHACHAPOYAS;MEJORAMIENTO Y AMPLIACIÓN DE LOS SERVICIOS DE CTI PARA FORTALECER EL SISTEMA NACIONAL DE CIENCIA, TECNOLOGÍA E INNOVACIÓN;1940;PEN;1;Convenio;goods;Baja competencia
1191075;20168006277;MUNICIPALIDAD DISTRITAL DE JAZAN;AMAZONAS;BONGARA;MEJORAMIENTO DEL SERVICIO EDUCATIVO DE NIVEL INICIAL EN LAS I.E.I. N° 110 SANTA ROSA DEL CENTRO POBLADO SAN JERÓNIMO, I.E.I. N° 114 DEL CENTRO POBLADO CHOSGON, I.E.I. N° 103 Y I.E.I. N° 18084 DE LA CIUDAD DE PEDRO RUIZ GALLO DEL DISTRITO DE JAZAN - PROVINCIA DE BONGARA - DEPARTAMENTO DE AMAZONAS;245000;PEN;2;Contratación Directa;services;Baja competencia
1189242;20222304921;MUNICIPALIDAD DISTRITAL DE HUALLANCA - BOLOGNESI;ANCASH;BOLOGNESI;MEJORAMIENTO DEL SERVICIOS DE ESPACIOS PÚBLICOS URBANOS EN LAS AREAS VERDES EN EL BARRIO DE CHASHIN   DISTRITO DE HUALLANCA DE LA PROVINCIA DE BOLOGNESI DEL DEPARTAMENTO DE ANCASH;674895.61;PEN;10;Licitación Pública Abreviada;works;Mediana competencia
1191015;20168006277;MUNICIPALIDAD DISTRITAL DE JAZAN;AMAZONAS;BONGARA;MEJORAMIENTO DEL SERVICIO EDUCATIVO DE NIVEL INICIAL EN LAS I.E.I. N° 110 SANTA ROSA DEL CENTRO POBLADO SAN JERÓNIMO, I.E.I. N° 114 DEL CENTRO POBLADO CHOSGON, I.E.I. N° 103 Y I.E.I. N° 18084 DE LA CIUDAD DE PEDRO RUIZ GALLO DEL DISTRITO DE JAZAN - PROVINCIA DE BONGARA - DEPARTAMENTO DE AMAZONAS;4565129;PEN;2;Contratación Directa;works;Baja competencia
1191044;20168006277;MUNICIPALIDAD DISTRITAL DE JAZAN;AMAZONAS;BONGARA;MEJORAMIENTO DEL SERVICIO EDUCATIVO DE NIVEL INICIAL EN LAS I.E.I. N° 110 SANTA ROSA DEL CENTRO POBLADO SAN JERÓNIMO, I.E.I. N° 114 DEL CENTRO POBLADO CHOSGON, I.E.I. N° 103 Y I.E.I. N° 18084 DE LA CIUDAD DE PEDRO RUIZ GALLO DEL DISTRITO DE JAZAN - PROVINCIA DE BONGARA - DEPARTAMENTO DE AMAZONAS;7982785.62;PEN;1;Contratación Directa;works;Baja competencia
1193618;20486020882;GOBIERNO REGIONAL DE HUANCAVELICA Sede Central;HUANCAVELICA;HUANCAVELICA;MEJORAMIENTO DEL SERVICIO DE TRANSITABILIDAD VEHICULAR Y PEATONAL DE LA PROLG. MANCHEGO MUÑOZ, JIRON QUICHCCAHUAYCCO, JR. YAULI, JR. LIRCAY, JR. HUANDO, JR. LARIA Y JR. ACORIA DEL BARRIO DE SANTA ANA DISTRITO DE HUANCAVELICA, PROVINCIA DE HUANCAVELIC;93450;PEN;3;Comparación de Precios;goods;Baja competencia
1192805;20393066386;GOBIERNO REGIONAL DE UCAYALI SEDE CENTRAL;UCAYALI;CORONEL PORTILLO;MEJORAMIENTO DEL SERVICIO DE ATENCIÓN DE SALUD BÁSICOS EN PUESTO DE SALUD NOLBERTH DE ALTO ARUYA   DISTRITO DE NESHUYA DE LA PROVINCIA DE PADRE ABAD DEL DEPARTAMENTO DE UCAYALI;422954.85;PEN;11;Concurso Público Abreviado;services;Mediana competencia
1194174;20202020098;MUNICIPALIDAD PROVINCIAL DE CARLOS FERMIN FITZCARRALD;ANCASH;CARLOS FERMIN FITZCARRALD;CREACION DEL SERVICIO DE PROVISIÓN DE AGUA PARA RIEGO EN LOS CASERIOS DE YURACYACU, SINCUNA PAMPA, EN EL CENTRO POBLADO DE SANTIAGO DE CARDON Y DEL CASERIO DE CARASH DEL   DISTRITO DE SAN LUIS DE LA PROVINCIA DE CARLOS FERMIN FITZCARRALD DEL DEPARTAMENTO DE ANCASH;101698.3;PEN;4;Concurso Público Abreviado;services;Baja competencia
1193232;20154470108;MUNICIPALIDAD DISTRITAL DE SAMEGUA;MOQUEGUA;MARISCAL NIETO;MEJORAMIENTO DEL SERVICIO DE TRANSITABILIDAD VEHICULAR Y PEATONAL EN LAS ASOCIACIONES DE VIVIENDA SAN MARTIN DE PORRES, LOS CIPRECES Y MINISTERIO DE TRANSPORTES DE LA JUNTA VECINAL CERRILLOS SANTA FORTUNATA DEL  DISTRITO DE SAMEGUA - PROVINCIA DE MARISCAL NIETO - DEPARTAMENTO DE MOQUEGUA;58822.5;PEN;1;Subasta Inversa Electrónica;goods;Baja competencia
1191124;20168006277;MUNICIPALIDAD DISTRITAL DE JAZAN;AMAZONAS;BONGARA;MEJORAMIENTO DEL SERVICIO EDUCATIVO DE NIVEL INICIAL EN LAS I.E.I. N° 110 SANTA ROSA DEL CENTRO POBLADO SAN JERÓNIMO, I.E.I. N° 114 DEL CENTRO POBLADO CHOSGON, I.E.I. N° 103 Y I.E.I. N° 18084 DE LA CIUDAD DE PEDRO RUIZ GALLO DEL DISTRITO DE JAZAN - PROVINCIA DE BONGARA - DEPARTAMENTO DE AMAZONAS;283037;PEN;2;Contratación Directa;services;Baja competencia
1191111;20168006277;MUNICIPALIDAD DISTRITAL DE JAZAN;AMAZONAS;BONGARA;MEJORAMIENTO DEL SERVICIO EDUCATIVO DE NIVEL INICIAL EN LAS I.E.I. N° 110 SANTA ROSA DEL CENTRO POBLADO SAN JERÓNIMO, I.E.I. N° 114 DEL CENTRO POBLADO CHOSGON, I.E.I. N° 103 Y I.E.I. N° 18084 DE LA CIUDAD DE PEDRO RUIZ GALLO DEL DISTRITO DE JAZAN - PROVINCIA DE BONGARA - DEPARTAMENTO DE AMAZONAS;341367.4;PEN;2;Contratación Directa;services;Baja competencia
1193661;20166544000;MUNICIPALIDAD DISTRITAL DE SAN MARCOS;ANCASH;HUARI;"ADQUISICION DE TERRENO; EN EL(LA) CREACION DE LOS SERVICIOS BIBLIOTECARIOS EN LA BIBLIOTECA MUNICIPAL  DISTRITO DE SAN MARCOS, PROVINCIA HUARI, DEPARTAMENTO ANCASH";5002136.66;PEN;1;Contratación Directa;goods;Baja competencia
1192971;20452393493;GOBIERNO REGIONAL DE AYACUCHO SEDE CENTRAL;AYACUCHO;HUAMANGA;MEJORAMIENTO DEL SERVICIO DE FORMACIÓN PROFESIONAL EN LA ESCUELA DE MEDICINA HUMANA DE LA FACULTAD DE CIENCIAS DE LA SALUD DE LA UNSCH  DISTRITO DE AYACUCHO - PROVINCIA DE HUAMANGA - DEPARTAMENTO DE AYACUCHO;92205;PEN;3;Comparación de Precios;goods;Baja competencia
1192878;20145561842;GOBIERNO REGIONAL DE JUNIN - DIRECCION REGIONAL DE PRODUCCION DE JUNIN;JUNIN;HUANCAYO;RECUPERACION DE LOS SERVICIOS DE APOYO AL DESARROLLO PRODUCTIVO EN CAPACIDAD PRODUCTORA DE LAS UNIDADES PRODUCTIVAS DE LA CRIANZA DE TRUCHA Y PECES AMAZONICOS EN LA SIERRA Y SELVA DE LAS 09 PROVINCIAS DEL DEPARTAMENTO DE JUNIN   DISTRITO DE EL TAMBO DE LA PROVINCIA DE HUANCAYO DEL DEPARTAMENTO DE JUNIN;99999.91;PEN;4;Comparación de Precios;goods;Baja competencia
1191129;20168006277;MUNICIPALIDAD DISTRITAL DE JAZAN;AMAZONAS;BONGARA;MEJORAMIENTO DEL SERVICIO EDUCATIVO DE NIVEL INICIAL EN LAS I.E.I. N° 110 SANTA ROSA DEL CENTRO POBLADO SAN JERÓNIMO, I.E.I. N° 114 DEL CENTRO POBLADO CHOSGON, I.E.I. N° 103 Y I.E.I. N° 18084 DE LA CIUDAD DE PEDRO RUIZ GALLO DEL DISTRITO DE JAZAN - PROVINCIA DE BONGARA - DEPARTAMENTO DE AMAZONAS;461377.95;PEN;2;Contratación Directa;services;Baja competencia
1193654;20609530279;FOMENTO Y GESTIÓN SOSTENIBLE DE LA PRODUCCIÓN FORESTAL EN EL PERÚ;LIMA;LIMA;MEJORAMIENTO Y AMPLIACION DEL ORDENAMIENTO DEL PATRIMONIO FORESTAL EN 9 DEPARTAMENTOS;60000;PEN;1;Convenio;services;Baja competencia
1194816;20166544000;MUNICIPALIDAD DISTRITAL DE SAN MARCOS;ANCASH;HUARI;CREACION DE LOS SERVICIOS DE PROTECCIÓN EN RIBERAS DE RÍO VULNERABLES ANTE EL PELIGRO EN EL MARGEN DERECHO DEL RIO MOSNA EN EL TRAMO TINCO HASTA YUNCA CUTA DEL CENTRO POBLADO LA MERCED DE GAUCHO   DISTRITO DE SAN MARCOS DE LA PROVINCIA DE HUARI DEL DEPARTAMENTO DE ANCASH;161211.6;PEN;5;Concurso Público Abreviado;services;Baja competencia
1192404;20452393493;GOBIERNO REGIONAL DE AYACUCHO SEDE CENTRAL;AYACUCHO;HUAMANGA;CREACION DE TROCHA CARROZABLE TIQUIHUA - PUMA RUMI DEL DISTRITO DE HUALLA - PROVINCIA DE VICTOR FAJARDO - DEPARTAMENTO DE AYACUCHO;249600;PEN;3;Subasta Inversa Electrónica;goods;Baja competencia
1192205;20452393493;GOBIERNO REGIONAL DE AYACUCHO SEDE CENTRAL;AYACUCHO;HUAMANGA;MEJORAMIENTO Y AMPLIACION DEL SERVICIO EDUCATIVO DEL NIVEL PRIMARIA, SECUNDARIA Y BASICA ALTERNATIVA DE LA I.E. LOS LIBERTADORES  DISTRITO DE AYACUCHO - PROVINCIA DE HUAMANGA - DEPARTAMENTO DE AYACUCHO;64390;PEN;3;Comparación de Precios;goods;Baja competencia
1192210;20406325815;GOBIERNO REGIONAL DE PUNO SEDE CENTRAL;PUNO;PUNO;MEJORAMIENTO DE LOS SERVICIOS DE APOYO AL DESARROLLO PRODUCTIVO EN 19 UNIDADES PRODUCTORAS 19 DISTRITOS DE 7 PROVINCIAS DEL DEPARTAMENTO DE PUNO;64163.3;PEN;3;Comparación de Precios;goods;Baja competencia
1192598;20180001051;MUNICIPALIDAD PROVINCIAL DE CHINCHEROS;APURIMAC;CHINCHEROS;MEJORAMIENTO DEL SERVICIO DE EDUCACION PRIMARIA EN I.E. 54613  DE CENTRO POBLADO CALLEBAMBA DISTRITO DE CHINCHEROS DE LA PROVINCIA DE CHINCHEROS DEL DEPARTAMENTO DE APURIMAC;150000;PEN;2;Concurso Público Abreviado;services;Baja competencia
